# CANYON RUN road surface, baked from canyon.json by tools/gen_kart_track.py (240 segs x 3 sub-quads)
v -0.7100 -4.7665 139.5342
v 0.7100 -4.4383 160.4658
v 2.3284 -4.1705 160.3504
v 1.0215 -4.4734 139.4314
v 1.0215 -4.4734 139.4314
v 2.3284 -4.1705 160.3504
v 3.9374 -3.9041 160.2448
v 2.7637 -4.1786 139.3379
v 2.7637 -4.1786 139.3379
v 3.9374 -3.9041 160.2448
v 5.5342 -3.6414 160.1510
v 4.5192 -3.8835 139.2557
v 4.5192 -3.8835 139.2557
v 5.5342 -3.6414 160.1510
v 7.1267 -3.3801 160.0906
v 6.2804 -3.5891 139.1674
v 6.2804 -3.5891 139.1674
v 7.1267 -3.3801 160.0906
v 8.7456 -3.1160 160.0403
v 8.0162 -3.3011 139.0923
v 8.0162 -3.3011 139.0923
v 8.7456 -3.1160 160.0403
v 10.3894 -2.8512 159.9961
v 9.7277 -3.0210 139.0256
v 9.7277 -3.0210 139.0256
v 10.3894 -2.8512 159.9961
v 12.0144 -2.5924 159.9760
v 11.4583 -2.7413 138.9485
v 11.4583 -2.7413 138.9485
v 12.0144 -2.5924 159.9760
v 13.6576 -2.3340 159.9626
v 13.1712 -2.4684 138.8795
v 13.1712 -2.4684 138.8795
v 13.6576 -2.3340 159.9626
v 15.3193 -2.0780 159.9527
v 14.8658 -2.2039 138.8150
v 14.8658 -2.2039 138.8150
v 15.3193 -2.0780 159.9527
v 16.9666 -1.8283 159.9863
v 16.5748 -1.9419 138.7146
v 16.5748 -1.9419 138.7146
v 16.9666 -1.8283 159.9863
v 18.6285 -1.5816 160.0237
v 18.2695 -1.6876 138.6187
v 18.2695 -1.6876 138.6187
v 18.6285 -1.5816 160.0237
v 20.3055 -1.3397 160.0622
v 19.9491 -1.4426 138.5245
v 19.9491 -1.4426 138.5245
v 20.3055 -1.3397 160.0622
v 21.9697 -1.1065 160.1047
v 21.6415 -1.2029 138.4290
v 21.6415 -1.2029 138.4290
v 21.9697 -1.1065 160.1047
v 23.6468 -0.8787 160.1484
v 23.3211 -0.9720 138.3352
v 23.3211 -0.9720 138.3352
v 23.6468 -0.8787 160.1484
v 25.3369 -0.6577 160.1912
v 24.9877 -0.7513 138.2409
v 24.9877 -0.7513 138.2409
v 25.3369 -0.6577 160.1912
v 27.0137 -0.4517 160.0914
v 26.6676 -0.5412 138.2875
v 26.6676 -0.5412 138.2875
v 27.0137 -0.4517 160.0914
v 28.7019 -0.2528 159.9907
v 28.3359 -0.3409 138.3335
v 28.3359 -0.3409 138.3335
v 28.7019 -0.2528 159.9907
v 30.4016 -0.0628 159.8870
v 29.9928 -0.1516 138.3771
v 29.9928 -0.1516 138.3771
v 30.4016 -0.0628 159.8870
v 32.0909 0.1159 159.7863
v 31.6598 0.0294 138.4123
v 31.6598 0.0294 138.4123
v 32.0909 0.1159 159.7863
v 33.7908 0.2855 159.6825
v 33.3163 0.1996 138.4450
v 33.3163 0.1996 138.4450
v 33.7908 0.2855 159.6825
v 35.5010 0.4446 159.5739
v 34.9622 0.3583 138.4734
v 34.9622 0.3583 138.4734
v 35.5010 0.4446 159.5739
v 37.2011 0.5912 159.4624
v 36.6179 0.5073 138.4956
v 36.6179 0.5073 138.4956
v 37.2011 0.5912 159.4624
v 38.9113 0.7271 159.3459
v 38.2634 0.6450 138.5136
v 38.2634 0.6450 138.5136
v 38.9113 0.7271 159.3459
v 40.6312 0.8511 159.2225
v 39.8987 0.7706 138.5256
v 39.8987 0.7706 138.5256
v 40.6312 0.8511 159.2225
v 42.3408 0.9615 159.0911
v 41.5439 0.8857 138.5328
v 41.5439 0.8857 138.5328
v 42.3408 0.9615 159.0911
v 44.0603 1.0598 158.9527
v 43.1787 0.9889 138.5341
v 43.1787 0.9889 138.5341
v 44.0603 1.0598 158.9527
v 45.7893 1.1452 158.8052
v 44.8031 1.0798 138.5278
v 44.8031 1.0798 138.5278
v 45.7893 1.1452 158.8052
v 47.5071 1.2162 158.6450
v 46.4380 1.1594 138.5176
v 46.4380 1.1594 138.5176
v 47.5071 1.2162 158.6450
v 49.2351 1.2741 158.4756
v 48.0620 1.2268 138.4999
v 48.0620 1.2268 138.4999
v 49.2351 1.2741 158.4756
v 50.9725 1.3181 158.2949
v 49.6751 1.2820 138.4728
v 49.6751 1.2820 138.4728
v 50.9725 1.3181 158.2949
v 52.6973 1.3474 158.0959
v 51.2996 1.3254 138.4433
v 51.2996 1.3254 138.4433
v 52.6973 1.3474 158.0959
v 54.4325 1.3628 157.8853
v 52.9122 1.3567 138.4046
v 52.9122 1.3567 138.4046
v 54.4325 1.3628 157.8853
v 56.1774 1.3638 157.6607
v 54.5131 1.3760 138.3546
v 54.5131 1.3760 138.3546
v 56.1774 1.3638 157.6607
v 57.9074 1.3502 157.4132
v 56.1266 1.3833 138.3025
v 56.1266 1.3833 138.3025
v 57.9074 1.3502 157.4132
v 59.6484 1.3221 157.1513
v 57.7271 1.3787 138.2394
v 57.7271 1.3787 138.2394
v 59.6484 1.3221 157.1513
v 61.3991 1.2795 156.8723
v 59.3144 1.3627 138.1631
v 59.3144 1.3627 138.1631
v 61.3991 1.2795 156.8723
v 63.1319 1.2227 156.5636
v 60.9165 1.3346 138.0864
v 60.9165 1.3346 138.0864
v 63.1319 1.2227 156.5636
v 64.8760 1.1514 156.2374
v 62.5038 1.2952 137.9968
v 62.5038 1.2952 137.9968
v 64.8760 1.1514 156.2374
v 66.6297 1.0658 155.8904
v 64.0764 1.2453 137.8919
v 64.0764 1.2453 137.8919
v 66.6297 1.0658 155.8904
v 68.3610 0.9672 155.5071
v 65.6665 1.1833 137.7873
v 65.6665 1.1833 137.7873
v 68.3610 0.9672 155.5071
v 70.1043 0.8543 155.1025
v 67.2394 1.1109 137.6680
v 67.2394 1.1109 137.6680
v 70.1043 0.8543 155.1025
v 71.8575 0.7279 154.6725
v 68.7947 1.0293 137.5309
v 68.7947 1.0293 137.5309
v 71.8575 0.7279 154.6725
v 73.5825 0.5904 154.1994
v 70.3708 0.9357 137.3941
v 70.3708 0.9357 137.3941
v 73.5825 0.5904 154.1994
v 75.3185 0.4394 153.7003
v 71.9282 0.8329 137.2401
v 71.9282 0.8329 137.2401
v 75.3185 0.4394 153.7003
v 77.0625 0.2763 153.1710
v 73.4661 0.7224 137.0654
v 73.4661 0.7224 137.0654
v 77.0625 0.2763 153.1710
v 78.7789 0.1045 152.6254
v 75.0209 0.6017 136.8565
v 75.0209 0.6017 136.8565
v 78.7789 0.1045 152.6254
v 80.5071 -0.0798 152.0482
v 76.5523 0.4736 136.6284
v 76.5523 0.4736 136.6284
v 80.5071 -0.0798 152.0482
v 82.2428 -0.2745 151.4338
v 78.0593 0.3400 136.3770
v 78.0593 0.3400 136.3770
v 82.2428 -0.2745 151.4338
v 83.9655 -0.4771 150.8685
v 79.5634 0.2015 136.0164
v 79.5634 0.2015 136.0164
v 83.9655 -0.4771 150.8685
v 85.7018 -0.6912 150.2636
v 81.0370 0.0583 135.6351
v 81.0370 0.0583 135.6351
v 85.7018 -0.6912 150.2636
v 87.4467 -0.9145 149.6125
v 82.4772 -0.0869 135.2289
v 82.4772 -0.0869 135.2289
v 87.4467 -0.9145 149.6125
v 89.1653 -1.1423 148.9685
v 83.9203 -0.2367 134.7447
v 83.9203 -0.2367 134.7447
v 89.1653 -1.1423 148.9685
v 90.8974 -1.3800 148.2752
v 85.3251 -0.3880 134.2386
v 85.3251 -0.3880 134.2386
v 90.8974 -1.3800 148.2752
v 92.6379 -1.6246 147.5242
v 86.6856 -0.5376 133.7074
v 86.6856 -0.5376 133.7074
v 92.6379 -1.6246 147.5242
v 94.3561 -1.8718 146.7630
v 88.0316 -0.6873 133.0995
v 88.0316 -0.6873 133.0995
v 94.3561 -1.8718 146.7630
v 96.0577 -2.1221 145.9537
v 89.3583 -0.8383 132.4569
v 89.3583 -0.8383 132.4569
v 96.0577 -2.1221 145.9537
v 97.7431 -2.3729 145.0942
v 90.6578 -0.9872 131.7825
v 90.6578 -0.9872 131.7825
v 97.7431 -2.3729 145.0942
v 99.4386 -2.6282 144.2034
v 91.8983 -1.1284 131.0489
v 91.8983 -1.1284 131.0489
v 99.4386 -2.6282 144.2034
v 101.0602 -2.8749 143.2947
v 93.1692 -1.2745 130.2511
v 93.1692 -1.2745 130.2511
v 101.0602 -2.8749 143.2947
v 102.6151 -3.1118 142.3844
v 94.4720 -1.4244 129.3993
v 94.4720 -1.4244 129.3993
v 102.6151 -3.1118 142.3844
v 104.2028 -3.3545 141.4587
v 95.7094 -1.5645 128.5127
v 95.7094 -1.5645 128.5127
v 104.2028 -3.3545 141.4587
v 105.7587 -3.5925 140.5112
v 96.9437 -1.7045 127.5922
v 96.9437 -1.7045 127.5922
v 105.7587 -3.5925 140.5112
v 107.2826 -3.8241 139.5487
v 98.1777 -1.8431 126.6407
v 98.1777 -1.8431 126.6407
v 107.2826 -3.8241 139.5487
v 108.8272 -4.0580 138.5837
v 99.3588 -1.9715 125.6469
v 99.3588 -1.9715 125.6469
v 108.8272 -4.0580 138.5837
v 110.3463 -4.2864 137.5997
v 100.5331 -2.0979 124.6260
v 100.5331 -2.0979 124.6260
v 110.3463 -4.2864 137.5997
v 111.8403 -4.5077 136.6013
v 101.7019 -2.2210 123.5804
v 101.7019 -2.2210 123.5804
v 111.8403 -4.5077 136.6013
v 113.3353 -4.7260 135.5804
v 102.8394 -2.3375 122.5188
v 102.8394 -2.3375 122.5188
v 113.3353 -4.7260 135.5804
v 114.8088 -4.9375 134.5425
v 103.9679 -2.4505 121.4349
v 103.9679 -2.4505 121.4349
v 114.8088 -4.9375 134.5425
v 116.2613 -5.1411 133.4907
v 105.0884 -2.5593 120.3304
v 105.0884 -2.5593 120.3304
v 116.2613 -5.1411 133.4907
v 117.6657 -5.3298 132.3661
v 106.2277 -2.6725 119.2648
v 106.2277 -2.6725 119.2648
v 117.6657 -5.3298 132.3661
v 119.0503 -5.5105 131.2269
v 107.3578 -2.7817 118.1794
v 107.3578 -2.7817 118.1794
v 119.0503 -5.5105 131.2269
v 120.4152 -5.6822 130.0751
v 108.4790 -2.8862 117.0756
v 108.4790 -2.8862 117.0756
v 120.4152 -5.6822 130.0751
v 121.7547 -5.8425 128.8854
v 109.5977 -2.9890 115.9792
v 109.5977 -2.9890 115.9792
v 121.7547 -5.8425 128.8854
v 123.0762 -5.9940 127.6818
v 110.7058 -3.0870 114.8658
v 110.7058 -3.0870 114.8658
v 123.0762 -5.9940 127.6818
v 124.3801 -6.1359 126.4658
v 111.8036 -3.1797 113.7364
v 111.8036 -3.1797 113.7364
v 124.3801 -6.1359 126.4658
v 125.6595 -6.2661 125.2190
v 112.8978 -3.2696 112.6095
v 112.8978 -3.2696 112.6095
v 125.6595 -6.2661 125.2190
v 126.9223 -6.3867 123.9589
v 113.9806 -3.3541 111.4676
v 113.9806 -3.3541 111.4676
v 126.9223 -6.3867 123.9589
v 128.1683 -6.4973 122.6866
v 115.0521 -3.4328 110.3113
v 115.0521 -3.4328 110.3113
v 128.1683 -6.4973 122.6866
v 129.3895 -6.5956 121.3878
v 116.1205 -3.5082 109.1552
v 116.1205 -3.5082 109.1552
v 129.3895 -6.5956 121.3878
v 130.5952 -6.6840 120.0755
v 117.1762 -3.5777 107.9861
v 117.1762 -3.5777 107.9861
v 130.5952 -6.6840 120.0755
v 131.7852 -6.7622 118.7503
v 118.2189 -3.6409 106.8045
v 118.2189 -3.6409 106.8045
v 131.7852 -6.7622 118.7503
v 132.9492 -6.8279 117.4023
v 119.2590 -3.7003 105.6205
v 119.2590 -3.7003 105.6205
v 132.9492 -6.8279 117.4023
v 134.0985 -6.8834 116.0403
v 120.2851 -3.7535 104.4253
v 120.2851 -3.7535 104.4253
v 134.0985 -6.8834 116.0403
v 135.2325 -6.9285 114.6647
v 121.2967 -3.8000 103.2192
v 121.2967 -3.8000 103.2192
v 135.2325 -6.9285 114.6647
v 136.3372 -6.9608 113.2678
v 122.3078 -3.8430 102.0100
v 122.3078 -3.8430 102.0100
v 136.3372 -6.9608 113.2678
v 137.4275 -6.9829 111.8560
v 123.3034 -3.8793 100.7911
v 123.3034 -3.8793 100.7911
v 137.4275 -6.9829 111.8560
v 138.5024 -6.9946 110.4295
v 124.2829 -3.9089 99.5627
v 124.2829 -3.9089 99.5627
v 138.5024 -6.9946 110.4295
v 139.5439 -6.9933 108.9831
v 125.2643 -3.9350 98.3302
v 125.2643 -3.9350 98.3302
v 139.5439 -6.9933 108.9831
v 140.5711 -6.9819 107.5203
v 126.2283 -3.9544 97.0899
v 126.2283 -3.9544 97.0899
v 140.5711 -6.9819 107.5203
v 141.5827 -6.9603 106.0411
v 127.1738 -3.9669 95.8417
v 127.1738 -3.9669 95.8417
v 141.5827 -6.9603 106.0411
v 142.5541 -6.9255 104.5418
v 128.1253 -3.9767 94.5894
v 128.1253 -3.9767 94.5894
v 142.5541 -6.9255 104.5418
v 143.5103 -6.8806 103.0251
v 129.0577 -3.9795 93.3302
v 129.0577 -3.9795 93.3302
v 143.5103 -6.8806 103.0251
v 144.4492 -6.8261 101.4910
v 129.9696 -3.9756 92.0639
v 129.9696 -3.9756 92.0639
v 144.4492 -6.8261 101.4910
v 145.3387 -6.7582 99.9366
v 130.8938 -3.9700 90.7935
v 130.8938 -3.9700 90.7935
v 145.3387 -6.7582 99.9366
v 146.2126 -6.6807 98.3620
v 131.7959 -3.9575 89.5189
v 131.7959 -3.9575 89.5189
v 146.2126 -6.6807 98.3620
v 147.0677 -6.5940 96.7669
v 132.6740 -3.9384 88.2394
v 132.6740 -3.9384 88.2394
v 147.0677 -6.5940 96.7669
v 147.8576 -6.4935 95.1498
v 133.5751 -3.9193 86.9566
v 133.5751 -3.9193 86.9566
v 147.8576 -6.4935 95.1498
v 148.6296 -6.3838 93.5104
v 134.4514 -3.8933 85.6708
v 134.4514 -3.8933 85.6708
v 148.6296 -6.3838 93.5104
v 149.3794 -6.2657 91.8487
v 135.3004 -3.8610 84.3811
v 135.3004 -3.8610 84.3811
v 149.3794 -6.2657 91.8487
v 150.0271 -6.1313 90.1558
v 136.2030 -3.8337 83.0965
v 136.2030 -3.8337 83.0965
v 150.0271 -6.1313 90.1558
v 150.6537 -5.9887 88.4380
v 137.0772 -3.7996 81.8106
v 137.0772 -3.7996 81.8106
v 150.6537 -5.9887 88.4380
v 151.2528 -5.8385 86.6960
v 137.9199 -3.7591 80.5216
v 137.9199 -3.7591 80.5216
v 151.2528 -5.8385 86.6960
v 151.7405 -5.6749 84.9338
v 138.8161 -3.7221 79.2256
v 138.8161 -3.7221 79.2256
v 151.7405 -5.6749 84.9338
v 152.2017 -5.5039 83.1446
v 139.6800 -3.6782 77.9291
v 139.6800 -3.6782 77.9291
v 152.2017 -5.5039 83.1446
v 152.6272 -5.3266 81.3309
v 140.5071 -3.6279 76.6293
v 140.5071 -3.6279 76.6293
v 152.6272 -5.3266 81.3309
v 153.2659 -5.1762 79.6333
v 141.0507 -3.5263 75.1850
v 141.0507 -3.5263 75.1850
v 153.2659 -5.1762 79.6333
v 153.8764 -5.0166 77.8896
v 141.5501 -3.4209 73.7588
v 141.5501 -3.4209 73.7588
v 153.8764 -5.0166 77.8896
v 154.4458 -4.8484 76.1002
v 141.9982 -3.3122 72.3509
v 141.9982 -3.3122 72.3509
v 154.4458 -4.8484 76.1002
v 154.9551 -4.6786 74.3349
v 142.4197 -3.1948 70.8902
v 142.4197 -3.1948 70.8902
v 154.9551 -4.6786 74.3349
v 155.4288 -4.4978 72.4960
v 142.7845 -3.0764 69.4756
v 142.7845 -3.0764 69.4756
v 155.4288 -4.4978 72.4960
v 155.8420 -4.3071 70.5894
v 143.0816 -2.9567 68.1046
v 143.0816 -2.9567 68.1046
v 155.8420 -4.3071 70.5894
v 156.1747 -4.1238 68.7778
v 143.3568 -2.8222 66.6093
v 143.3568 -2.8222 66.6093
v 156.1747 -4.1238 68.7778
v 156.4644 -3.9166 66.7583
v 143.5467 -2.6994 65.2980
v 143.5467 -2.6994 65.2980
v 156.4644 -3.9166 66.7583
v 156.6226 -3.6823 64.5239
v 143.6267 -2.5892 64.1971
v 143.6267 -2.5892 64.1971
v 156.6226 -3.6823 64.5239
v 156.5936 -3.4503 62.3602
v 143.6100 -2.4612 63.0122
v 143.6100 -2.4612 63.0122
v 156.5936 -3.4503 62.3602
v 156.4113 -3.2179 60.2302
v 143.5051 -2.3208 61.7890
v 143.5051 -2.3208 61.7890
v 156.4113 -3.2179 60.2302
v 156.0845 -2.9853 58.1309
v 143.3168 -2.1737 60.5777
v 143.3168 -2.1737 60.5777
v 156.0845 -2.9853 58.1309
v 155.5900 -2.7463 56.0107
v 143.0502 -2.0275 59.4391
v 143.0502 -2.0275 59.4391
v 155.5900 -2.7463 56.0107
v 154.9822 -2.5194 54.0319
v 142.6690 -1.8603 58.2015
v 142.6690 -1.8603 58.2015
v 154.9822 -2.5194 54.0319
v 154.3105 -2.3043 52.1862
v 142.1920 -1.6760 56.8918
v 142.1920 -1.6760 56.8918
v 154.3105 -2.3043 52.1862
v 153.5130 -2.0805 50.2987
v 141.6849 -1.5007 55.6927
v 141.6849 -1.5007 55.6927
v 153.5130 -2.0805 50.2987
v 152.6596 -1.8671 48.5344
v 141.0740 -1.3091 54.4313
v 141.0740 -1.3091 54.4313
v 152.6596 -1.8671 48.5344
v 151.7882 -1.6637 46.8841
v 140.3771 -1.1025 53.1121
v 140.3771 -1.1025 53.1121
v 151.7882 -1.6637 46.8841
v 150.8262 -1.4525 45.2037
v 139.6725 -0.9042 51.8818
v 139.6725 -0.9042 51.8818
v 150.8262 -1.4525 45.2037
v 149.8403 -1.2484 43.6139
v 138.8878 -0.6942 50.6170
v 138.8878 -0.6942 50.6170
v 149.8403 -1.2484 43.6139
v 148.8549 -1.0507 42.1061
v 138.0362 -0.4725 49.3141
v 138.0362 -0.4725 49.3141
v 148.8549 -1.0507 42.1061
v 148.1564 -0.8632 40.3306
v 136.8356 -0.2356 48.3230
v 136.8356 -0.2356 48.3230
v 148.1564 -0.8632 40.3306
v 147.4408 -0.6773 38.6061
v 135.5861 0.0111 47.3247
v 135.5861 0.0111 47.3247
v 147.4408 -0.6773 38.6061
v 146.7293 -0.4742 36.9333
v 134.2916 0.2750 46.3051
v 134.2916 0.2750 46.3051
v 146.7293 -0.4742 36.9333
v 145.9754 -0.2501 35.2177
v 133.0013 0.5337 45.3586
v 133.0013 0.5337 45.3586
v 145.9754 -0.2501 35.2177
v 145.2206 -0.0198 33.5452
v 131.6712 0.7990 44.3994
v 131.6712 0.7990 44.3994
v 145.2206 -0.0198 33.5452
v 144.4804 0.2159 31.9157
v 130.3036 1.0813 43.4158
v 130.3036 1.0813 43.4158
v 144.4804 0.2159 31.9157
v 143.6319 0.4757 30.3098
v 129.0227 1.3633 42.4268
v 129.0227 1.3633 42.4268
v 143.6319 0.4757 30.3098
v 142.7961 0.7413 28.7433
v 127.7061 1.6627 41.4168
v 127.7061 1.6627 41.4168
v 142.7961 0.7413 28.7433
v 141.9843 1.0077 27.2149
v 126.3565 1.9780 40.3764
v 126.3565 1.9780 40.3764
v 141.9843 1.0077 27.2149
v 141.0186 1.2967 25.7597
v 125.1522 2.2845 39.2702
v 125.1522 2.2845 39.2702
v 141.0186 1.2967 25.7597
v 140.0760 1.5872 24.3411
v 123.9157 2.6071 38.1351
v 123.9157 2.6071 38.1351
v 140.0760 1.5872 24.3411
v 139.1647 1.8746 22.9560
v 122.6510 2.9432 36.9638
v 122.6510 2.9432 36.9638
v 139.1647 1.8746 22.9560
v 137.8357 2.2024 21.8719
v 121.8069 3.2500 35.4891
v 121.8069 3.2500 35.4891
v 137.8357 2.2024 21.8719
v 136.5364 2.5299 20.8199
v 120.9360 3.5715 33.9797
v 120.9360 3.5715 33.9797
v 136.5364 2.5299 20.8199
v 135.2699 2.8540 19.7922
v 120.0474 3.9039 32.4336
v 120.0474 3.9039 32.4336
v 135.2699 2.8540 19.7922
v 133.9631 3.1921 18.7417
v 119.2136 4.2293 30.8978
v 119.2136 4.2293 30.8978
v 133.9631 3.1921 18.7417
v 132.6891 3.5266 17.7163
v 118.3621 4.5657 29.3245
v 118.3621 4.5657 29.3245
v 132.6891 3.5266 17.7163
v 131.4508 3.8546 16.7076
v 117.5036 4.9084 27.7119
v 117.5036 4.9084 27.7119
v 131.4508 3.8546 16.7076
v 130.1556 4.1961 15.6821
v 116.7296 5.2381 26.0936
v 116.7296 5.2381 26.0936
v 130.1556 4.1961 15.6821
v 128.8974 4.5306 14.6762
v 115.9474 5.5746 24.4332
v 115.9474 5.5746 24.4332
v 128.8974 4.5306 14.6762
v 127.6791 4.8557 13.6800
v 115.1713 5.9123 22.7298
v 115.1713 5.9123 22.7298
v 127.6791 4.8557 13.6800
v 126.4334 5.1898 12.6340
v 114.4669 6.2332 21.0429
v 114.4669 6.2332 21.0429
v 126.4334 5.1898 12.6340
v 125.2298 5.5138 11.6022
v 113.7665 6.5559 19.3086
v 113.7665 6.5559 19.3086
v 125.2298 5.5138 11.6022
v 124.0726 5.8252 10.5735
v 113.0890 6.8740 17.5276
v 113.0890 6.8740 17.5276
v 124.0726 5.8252 10.5735
v 123.2585 6.1010 9.2594
v 112.1350 7.1995 15.9876
v 112.1350 7.1995 15.9876
v 123.2585 6.1010 9.2594
v 122.5049 6.3589 7.9744
v 111.1897 7.5244 14.3749
v 111.1897 7.5244 14.3749
v 122.5049 6.3589 7.9744
v 121.8239 6.5952 6.7166
v 110.2738 7.8430 12.6828
v 110.2738 7.8430 12.6828
v 121.8239 6.5952 6.7166
v 121.1596 6.8289 5.3849
v 109.4396 8.1364 11.0100
v 109.4396 8.1364 11.0100
v 121.1596 6.8289 5.3849
v 120.5685 7.0407 4.0920
v 108.6339 8.4237 9.2463
v 108.6339 8.4237 9.2463
v 120.5685 7.0407 4.0920
v 120.0650 7.2263 2.8426
v 107.8848 8.6976 7.3860
v 107.8848 8.6976 7.3860
v 120.0650 7.2263 2.8426
v 119.5979 7.4047 1.5098
v 107.2419 8.9396 5.5508
v 107.2419 8.9396 5.5508
v 119.5979 7.4047 1.5098
v 119.2111 7.5593 0.2211
v 106.6628 9.1659 3.6183
v 106.6628 9.1659 3.6183
v 119.2111 7.5593 0.2211
v 118.9190 7.6859 -1.0067
v 106.1803 9.3684 1.5868
v 106.1803 9.3684 1.5868
v 118.9190 7.6859 -1.0067
v 118.6899 7.7986 -2.3104
v 105.8290 9.5331 -0.4142
v 105.8290 9.5331 -0.4142
v 118.6899 7.7986 -2.3104
v 118.5422 7.8881 -3.5762
v 105.5875 9.6692 -2.4913
v 105.5875 9.6692 -2.4913
v 118.5422 7.8881 -3.5762
v 118.4848 7.9510 -4.7696
v 105.4854 9.7698 -4.6426
v 105.4854 9.7698 -4.6426
v 118.4848 7.9510 -4.7696
v 118.5180 7.9914 -5.9736
v 105.5433 9.8277 -6.7857
v 105.5433 9.8277 -6.7857
v 118.5180 7.9914 -5.9736
v 118.6384 8.0112 -7.2291
v 105.7436 9.8447 -8.8791
v 105.7436 9.8447 -8.8791
v 118.6384 8.0112 -7.2291
v 118.8395 8.0085 -8.4977
v 106.0675 9.8230 -10.9220
v 106.0675 9.8230 -10.9220
v 118.8395 8.0085 -8.4977
v 119.1101 7.9832 -9.6814
v 106.5414 9.7593 -13.0025
v 106.5414 9.7593 -13.0025
v 119.1101 7.9832 -9.6814
v 119.4899 7.9316 -10.9711
v 107.1104 9.6618 -14.9395
v 107.1104 9.6618 -14.9395
v 119.4899 7.9316 -10.9711
v 119.9595 7.8528 -12.3488
v 107.7240 9.5388 -16.7413
v 107.7240 9.5388 -16.7413
v 119.9595 7.8528 -12.3488
v 120.4524 7.7579 -13.6228
v 108.4406 9.3785 -18.5944
v 108.4406 9.3785 -18.5944
v 120.4524 7.7579 -13.6228
v 121.0320 7.6350 -14.9505
v 109.2048 9.1936 -20.3465
v 109.2048 9.1936 -20.3465
v 121.0320 7.6350 -14.9505
v 121.6831 7.4835 -16.3319
v 109.9851 8.9892 -22.0027
v 109.9851 8.9892 -22.0027
v 121.6831 7.4835 -16.3319
v 122.3897 7.3098 -17.6171
v 110.7917 8.7541 -23.7119
v 110.7917 8.7541 -23.7119
v 122.3897 7.3098 -17.6171
v 123.1583 7.1094 -18.9273
v 111.6241 8.4980 -25.3541
v 111.6241 8.4980 -25.3541
v 123.1583 7.1094 -18.9273
v 123.9788 6.8825 -20.2672
v 112.4631 8.2249 -26.9329
v 112.4631 8.2249 -26.9329
v 123.9788 6.8825 -20.2672
v 125.1496 6.5887 -21.3443
v 113.0065 7.9434 -28.7411
v 113.0065 7.9434 -28.7411
v 125.1496 6.5887 -21.3443
v 126.3573 6.2736 -22.4225
v 113.5716 7.6389 -30.5145
v 113.5716 7.6389 -30.5145
v 126.3573 6.2736 -22.4225
v 127.5984 5.9391 -23.5119
v 114.1433 7.3176 -32.2507
v 114.1433 7.3176 -32.2507
v 127.5984 5.9391 -23.5119
v 128.7197 5.6143 -24.6264
v 114.8731 6.9598 -33.9363
v 114.8731 6.9598 -33.9363
v 128.7197 5.6143 -24.6264
v 129.8726 5.2698 -25.7482
v 115.6114 6.5857 -35.5886
v 115.6114 6.5857 -35.5886
v 129.8726 5.2698 -25.7482
v 131.0542 4.9086 -26.8839
v 116.3481 6.2014 -37.2080
v 116.3481 6.2014 -37.2080
v 131.0542 4.9086 -26.8839
v 132.1570 4.5525 -28.0344
v 117.1897 5.7905 -38.7938
v 117.1897 5.7905 -38.7938
v 132.1570 4.5525 -28.0344
v 133.2857 4.1797 -29.1939
v 118.0327 5.3690 -40.3515
v 118.0327 5.3690 -40.3515
v 133.2857 4.1797 -29.1939
v 134.4377 3.7934 -30.3672
v 118.8703 4.9418 -41.8822
v 118.8703 4.9418 -41.8822
v 134.4377 3.7934 -30.3672
v 135.5413 3.4095 -31.5438
v 119.7737 4.4953 -43.3966
v 119.7737 4.4953 -43.3966
v 135.5413 3.4095 -31.5438
v 136.6664 3.0122 -32.7310
v 120.6737 4.0427 -44.8870
v 120.6737 4.0427 -44.8870
v 136.6664 3.0122 -32.7310
v 137.8106 2.6044 -33.9325
v 121.5652 3.5885 -46.3549
v 121.5652 3.5885 -46.3549
v 137.8106 2.6044 -33.9325
v 138.9261 2.1989 -35.1278
v 122.4957 3.1204 -47.8211
v 122.4957 3.1204 -47.8211
v 138.9261 2.1989 -35.1278
v 140.0596 1.7831 -36.3357
v 123.4189 2.6504 -49.2665
v 123.4189 2.6504 -49.2665
v 140.0596 1.7831 -36.3357
v 141.2087 1.3601 -37.5593
v 124.3307 2.1826 -50.6928
v 124.3307 2.1826 -50.6928
v 141.2087 1.3601 -37.5593
v 142.2696 0.9462 -38.8257
v 125.3352 1.7040 -52.0730
v 125.3352 1.7040 -52.0730
v 142.2696 0.9462 -38.8257
v 143.3460 0.5242 -40.1077
v 126.3284 1.2278 -53.4343
v 126.3284 1.2278 -53.4343
v 143.3460 0.5242 -40.1077
v 144.4353 0.0972 -41.4077
v 127.3071 0.7574 -54.7787
v 127.3071 0.7574 -54.7787
v 144.4353 0.0972 -41.4077
v 145.3431 -0.3149 -42.8236
v 128.4658 0.2785 -56.0085
v 128.4658 0.2785 -56.0085
v 145.3431 -0.3149 -42.8236
v 146.2641 -0.7342 -44.2580
v 129.6098 -0.1944 -57.2209
v 129.6098 -0.1944 -57.2209
v 146.2641 -0.7342 -44.2580
v 147.1943 -1.1572 -45.7125
v 130.7366 -0.6585 -58.4194
v 130.7366 -0.6585 -58.4194
v 147.1943 -1.1572 -45.7125
v 148.0853 -1.5720 -47.1691
v 131.8951 -1.1264 -59.6217
v 131.8951 -1.1264 -59.6217
v 148.0853 -1.5720 -47.1691
v 148.9868 -1.9913 -48.6476
v 133.0352 -1.5848 -60.8081
v 133.0352 -1.5848 -60.8081
v 148.9868 -1.9913 -48.6476
v 149.8939 -2.4112 -50.1494
v 134.1547 -2.0313 -61.9825
v 134.1547 -2.0313 -61.9825
v 149.8939 -2.4112 -50.1494
v 150.7325 -2.8190 -51.6702
v 135.3281 -2.4798 -63.1491
v 135.3281 -2.4798 -63.1491
v 150.7325 -2.8190 -51.6702
v 151.5787 -3.2286 -53.2176
v 136.4789 -2.9155 -64.3004
v 136.4789 -2.9155 -64.3004
v 151.5787 -3.2286 -53.2176
v 152.4259 -3.6361 -54.7926
v 137.6045 -3.3363 -65.4413
v 137.6045 -3.3363 -65.4413
v 152.4259 -3.6361 -54.7926
v 153.1577 -4.0277 -56.4099
v 138.8226 -3.7588 -66.5569
v 138.8226 -3.7588 -66.5569
v 153.1577 -4.0277 -56.4099
v 153.8934 -4.4189 -58.0598
v 140.0125 -4.1649 -67.6573
v 140.0125 -4.1649 -67.6573
v 153.8934 -4.4189 -58.0598
v 154.6231 -4.8054 -59.7424
v 141.1715 -4.5533 -68.7495
v 141.1715 -4.5533 -68.7495
v 154.6231 -4.8054 -59.7424
v 155.1612 -5.1719 -61.4991
v 142.4874 -4.9448 -69.7917
v 142.4874 -4.9448 -69.7917
v 155.1612 -5.1719 -61.4991
v 155.6954 -5.5355 -63.2930
v 143.7702 -5.3169 -70.8214
v 143.7702 -5.3169 -70.8214
v 155.6954 -5.5355 -63.2930
v 156.2095 -5.8908 -65.1206
v 145.0173 -5.6695 -71.8507
v 145.0173 -5.6695 -71.8507
v 156.2095 -5.8908 -65.1206
v 157.1065 -6.2229 -66.6566
v 145.8298 -6.0043 -73.2044
v 145.8298 -6.0043 -73.2044
v 157.1065 -6.2229 -66.6566
v 158.0019 -6.5488 -68.2598
v 146.5882 -6.3139 -74.5243
v 146.5882 -6.3139 -74.5243
v 158.0019 -6.5488 -68.2598
v 158.8757 -6.8637 -69.9354
v 147.2815 -6.5975 -75.8154
v 147.2815 -6.5975 -75.8154
v 158.8757 -6.8637 -69.9354
v 159.6841 -7.1476 -71.5718
v 147.9607 -6.8779 -77.1899
v 147.9607 -6.8779 -77.1899
v 159.6841 -7.1476 -71.5718
v 160.4830 -7.4243 -73.3148
v 148.5625 -7.1273 -78.5014
v 148.5625 -7.1273 -78.5014
v 160.4830 -7.4243 -73.3148
v 161.2366 -7.6884 -75.1706
v 149.0704 -7.3456 -79.7514
v 149.0704 -7.3456 -79.7514
v 161.2366 -7.6884 -75.1706
v 161.8782 -7.9118 -76.9610
v 149.5628 -7.5617 -81.1242
v 149.5628 -7.5617 -81.1242
v 161.8782 -7.9118 -76.9610
v 162.4828 -8.1282 -78.9182
v 149.9527 -7.7412 -82.3818
v 149.9527 -7.7412 -82.3818
v 162.4828 -8.1282 -78.9182
v 162.9837 -8.3570 -81.0488
v 150.2183 -7.8922 -83.5074
v 150.2183 -7.8922 -83.5074
v 162.9837 -8.3570 -81.0488
v 163.3159 -8.5638 -83.0740
v 150.4309 -8.0447 -84.7989
v 150.4309 -8.0447 -84.7989
v 163.3159 -8.5638 -83.0740
v 163.5238 -8.7716 -85.2946
v 150.5397 -8.1564 -85.9366
v 150.5397 -8.1564 -85.9366
v 163.5238 -8.7716 -85.2946
v 163.5074 -8.9835 -87.7163
v 150.5364 -8.2346 -86.8478
v 150.5364 -8.2346 -86.8478
v 163.5074 -8.9835 -87.7163
v 163.2211 -9.1751 -90.0612
v 150.4166 -8.3094 -87.8155
v 150.4166 -8.3094 -87.8155
v 163.2211 -9.1751 -90.0612
v 162.7130 -9.3437 -92.3125
v 150.1821 -8.3794 -88.8514
v 150.1821 -8.3794 -88.8514
v 162.7130 -9.3437 -92.3125
v 162.0049 -9.4885 -94.4806
v 149.8527 -8.4366 -89.8630
v 149.8527 -8.4366 -89.8630
v 162.0049 -9.4885 -94.4806
v 161.0303 -9.6133 -96.6603
v 149.4634 -8.4744 -90.7268
v 149.4634 -8.4744 -90.7268
v 161.0303 -9.6133 -96.6603
v 159.9653 -9.7022 -98.5484
v 148.8695 -8.5079 -91.7747
v 148.8695 -8.5079 -91.7747
v 159.9653 -9.7022 -98.5484
v 158.9110 -9.7631 -100.1919
v 148.1063 -8.5332 -92.9628
v 148.1063 -8.5332 -92.9628
v 158.9110 -9.7631 -100.1919
v 157.6961 -9.8078 -101.8874
v 147.3700 -8.5435 -93.9899
v 147.3700 -8.5435 -93.9899
v 157.6961 -9.8078 -101.8874
v 156.4477 -9.8302 -103.4376
v 146.5087 -8.5411 -95.0580
v 146.5087 -8.5411 -95.0580
v 156.4477 -9.8302 -103.4376
v 155.2086 -9.8338 -104.8587
v 145.5403 -8.5256 -96.1682
v 145.5403 -8.5256 -96.1682
v 155.2086 -9.8338 -104.8587
v 153.8684 -9.8193 -106.2855
v 144.5843 -8.4987 -97.1857
v 144.5843 -8.4987 -97.1857
v 153.8684 -9.8193 -106.2855
v 152.5164 -9.7873 -107.6172
v 143.5426 -8.4578 -98.2113
v 143.5426 -8.4578 -98.2113
v 152.5164 -9.7873 -107.6172
v 151.1746 -9.7406 -108.8660
v 142.4265 -8.4033 -99.2499
v 142.4265 -8.4033 -99.2499
v 151.1746 -9.7406 -108.8660
v 149.7767 -9.6779 -110.1207
v 141.3074 -8.3369 -100.2141
v 141.3074 -8.3369 -100.2141
v 149.7767 -9.6779 -110.1207
v 148.3723 -9.6006 -111.3119
v 140.1309 -8.2570 -101.1718
v 140.1309 -8.2570 -101.1718
v 148.3723 -9.6006 -111.3119
v 146.9739 -9.5108 -112.4475
v 138.9036 -8.1643 -102.1282
v 138.9036 -8.1643 -102.1282
v 146.9739 -9.5108 -112.4475
v 145.7358 -9.4336 -113.8498
v 137.4738 -8.0207 -102.7621
v 137.4738 -8.0207 -102.7621
v 145.7358 -9.4336 -113.8498
v 144.4833 -9.3430 -115.2138
v 136.0137 -7.8650 -103.3773
v 136.0137 -7.8650 -103.3773
v 144.4833 -9.3430 -115.2138
v 143.2272 -9.2409 -116.5424
v 134.5245 -7.6978 -103.9807
v 134.5245 -7.6978 -103.9807
v 143.2272 -9.2409 -116.5424
v 141.8529 -9.1130 -117.7578
v 133.1222 -7.5391 -104.6513
v 133.1222 -7.5391 -104.6513
v 141.8529 -9.1130 -117.7578
v 140.4718 -8.9732 -118.9406
v 131.6941 -7.3697 -105.3073
v 131.6941 -7.3697 -105.3073
v 140.4718 -8.9732 -118.9406
v 139.0899 -8.8232 -120.0937
v 130.2414 -7.1904 -105.9528
v 130.2414 -7.1904 -105.9528
v 139.0899 -8.8232 -120.0937
v 137.6345 -8.6534 -121.1716
v 128.8380 -7.0143 -106.6338
v 128.8380 -7.0143 -106.6338
v 137.6345 -8.6534 -121.1716
v 136.1757 -8.4731 -122.2219
v 127.4125 -6.8288 -107.3024
v 127.4125 -6.8288 -107.3024
v 136.1757 -8.4731 -122.2219
v 134.7177 -8.2840 -123.2468
v 125.9664 -6.6349 -107.9612
v 125.9664 -6.6349 -107.9612
v 134.7177 -8.2840 -123.2468
v 133.2112 -8.0794 -124.2201
v 124.5492 -6.4415 -108.6372
v 124.5492 -6.4415 -108.6372
v 133.2112 -8.0794 -124.2201
v 131.7029 -7.8658 -125.1699
v 123.1138 -6.2400 -109.3016
v 123.1138 -6.2400 -109.3016
v 131.7029 -7.8658 -125.1699
v 130.1953 -7.6448 -126.0982
v 121.6611 -6.0318 -109.9566
v 121.6611 -6.0318 -109.9566
v 130.1953 -7.6448 -126.0982
v 128.6540 -7.4114 -126.9878
v 120.2263 -5.8231 -110.6198
v 120.2263 -5.8231 -110.6198
v 128.6540 -7.4114 -126.9878
v 127.1106 -7.1705 -127.8576
v 118.7771 -5.6079 -111.2717
v 118.7771 -5.6079 -111.2717
v 127.1106 -7.1705 -127.8576
v 125.5670 -6.9236 -128.7091
v 117.3143 -5.3877 -111.9139
v 117.3143 -5.3877 -111.9139
v 125.5670 -6.9236 -128.7091
v 123.9992 -6.6672 -129.5310
v 115.8621 -5.1669 -112.5577
v 115.8621 -5.1669 -112.5577
v 123.9992 -6.6672 -129.5310
v 122.4299 -6.4048 -130.3354
v 114.3976 -4.9411 -113.1909
v 114.3976 -4.9411 -113.1909
v 122.4299 -6.4048 -130.3354
v 120.8603 -6.1383 -131.1234
v 112.9214 -4.7120 -113.8147
v 112.9214 -4.7120 -113.8147
v 120.8603 -6.1383 -131.1234
v 119.2722 -5.8646 -131.8866
v 111.4521 -4.4828 -114.4377
v 111.4521 -4.4828 -114.4377
v 119.2722 -5.8646 -131.8866
v 117.6819 -5.5866 -132.6344
v 109.9732 -4.2504 -115.0502
v 109.9732 -4.2504 -115.0502
v 117.6819 -5.5866 -132.6344
v 116.0904 -5.3060 -133.3676
v 108.4850 -4.0164 -115.6530
v 108.4850 -4.0164 -115.6530
v 116.0904 -5.3060 -133.3676
v 114.4844 -5.0207 -134.0788
v 107.0010 -3.7832 -116.2536
v 107.0010 -3.7832 -116.2536
v 114.4844 -5.0207 -134.0788
v 112.8760 -4.7328 -134.7761
v 105.5089 -3.5485 -116.8440
v 105.5089 -3.5485 -116.8440
v 112.8760 -4.7328 -134.7761
v 111.2659 -4.4441 -135.4599
v 104.0092 -3.3139 -117.4245
v 104.0092 -3.3139 -117.4245
v 111.2659 -4.4441 -135.4599
v 109.6443 -4.1531 -136.1238
v 102.5117 -3.0812 -118.0019
v 102.5117 -3.0812 -118.0019
v 109.6443 -4.1531 -136.1238
v 108.0201 -3.8613 -136.7747
v 101.0076 -2.8486 -118.5690
v 101.0076 -2.8486 -118.5690
v 108.0201 -3.8613 -136.7747
v 106.3937 -3.5705 -137.4130
v 99.4971 -2.6179 -119.1263
v 99.4971 -2.6179 -119.1263
v 106.3937 -3.5705 -137.4130
v 104.7580 -3.2798 -138.0321
v 97.9875 -2.3902 -119.6804
v 97.9875 -2.3902 -119.6804
v 104.7580 -3.2798 -138.0321
v 103.1189 -2.9901 -138.6392
v 96.4728 -2.1644 -120.2241
v 96.4728 -2.1644 -120.2241
v 103.1189 -2.9901 -138.6392
v 101.4769 -2.7031 -139.2343
v 94.9532 -1.9421 -120.7577
v 94.9532 -1.9421 -120.7577
v 101.4769 -2.7031 -139.2343
v 99.8273 -2.4186 -139.8100
v 93.4334 -1.7241 -121.2885
v 93.4334 -1.7241 -121.2885
v 99.8273 -2.4186 -139.8100
v 98.1737 -2.1369 -140.3741
v 91.9098 -1.5096 -121.8087
v 91.9098 -1.5096 -121.8087
v 98.1737 -2.1369 -140.3741
v 96.5166 -1.8598 -140.9266
v 90.3824 -1.3002 -122.3184
v 90.3824 -1.3002 -122.3184
v 96.5166 -1.8598 -140.9266
v 94.8533 -1.5874 -141.4588
v 88.8538 -1.0963 -122.8262
v 88.8538 -1.0963 -122.8262
v 94.8533 -1.5874 -141.4588
v 93.1850 -1.3196 -141.9797
v 87.3229 -0.8974 -123.3230
v 87.3229 -0.8974 -123.3230
v 93.1850 -1.3196 -141.9797
v 91.5119 -1.0582 -142.4891
v 85.7898 -0.7052 -123.8084
v 85.7898 -0.7052 -123.8084
v 91.5119 -1.0582 -142.4891
v 89.8337 -0.8038 -142.9753
v 84.2548 -0.5197 -124.2940
v 84.2548 -0.5197 -124.2940
v 89.8337 -0.8038 -142.9753
v 88.1499 -0.5558 -143.4502
v 82.7184 -0.3406 -124.7682
v 82.7184 -0.3406 -124.7682
v 88.1499 -0.5558 -143.4502
v 86.4607 -0.3160 -143.9132
v 81.1805 -0.1695 -125.2303
v 81.1805 -0.1695 -125.2303
v 86.4607 -0.3160 -143.9132
v 84.7674 -0.0855 -144.3485
v 79.6402 -0.0060 -125.6965
v 79.6402 -0.0060 -125.6965
v 84.7674 -0.0855 -144.3485
v 83.0666 0.1369 -144.7724
v 78.1005 0.1496 -126.1502
v 78.1005 0.1496 -126.1502
v 83.0666 0.1369 -144.7724
v 81.3587 0.3495 -145.1839
v 76.5614 0.2961 -126.5906
v 76.5614 0.2961 -126.5906
v 81.3587 0.3495 -145.1839
v 79.6465 0.5505 -145.5567
v 75.0198 0.4340 -127.0442
v 75.0198 0.4340 -127.0442
v 79.6465 0.5505 -145.5567
v 77.9256 0.7415 -145.9173
v 73.4804 0.5629 -127.4843
v 73.4804 0.5629 -127.4843
v 77.9256 0.7415 -145.9173
v 76.1963 0.9210 -146.2644
v 71.9429 0.6819 -127.9098
v 71.9429 0.6819 -127.9098
v 76.1963 0.9210 -146.2644
v 74.4697 1.0873 -146.5866
v 70.3961 0.7919 -128.3322
v 70.3961 0.7919 -128.3322
v 74.4697 1.0873 -146.5866
v 72.7314 1.2421 -146.8960
v 68.8546 0.8918 -128.7393
v 68.8546 0.8918 -128.7393
v 72.7314 1.2421 -146.8960
v 70.9819 1.3841 -147.1900
v 67.3177 0.9810 -129.1296
v 67.3177 0.9810 -129.1296
v 70.9819 1.3841 -147.1900
v 69.2449 1.5124 -147.4860
v 65.7617 1.0604 -129.4866
v 65.7617 1.0604 -129.4866
v 69.2449 1.5124 -147.4860
v 67.4909 1.6280 -147.7676
v 64.2163 1.1289 -129.8258
v 64.2163 1.1289 -129.8258
v 67.4909 1.6280 -147.7676
v 65.7207 1.7295 -148.0314
v 62.6807 1.1859 -130.1448
v 62.6807 1.1859 -130.1448
v 65.7207 1.7295 -148.0314
v 63.9687 1.8160 -148.2898
v 61.1204 1.2323 -130.4326
v 61.1204 1.2323 -130.4326
v 63.9687 1.8160 -148.2898
v 62.1881 1.8886 -148.5320
v 59.5822 1.2672 -130.6984
v 59.5822 1.2672 -130.6984
v 62.1881 1.8886 -148.5320
v 60.3787 1.9457 -148.7516
v 58.0665 1.2904 -130.9381
v 58.0665 1.2904 -130.9381
v 60.3787 1.9457 -148.7516
v 58.5843 1.9865 -148.9575
v 56.5291 1.3023 -131.1407
v 56.5291 1.3023 -131.1407
v 58.5843 1.9865 -148.9575
v 56.7777 2.0110 -149.1380
v 54.9975 1.3029 -131.3198
v 54.9975 1.3029 -131.3198
v 56.7777 2.0110 -149.1380
v 54.9576 2.0184 -149.2908
v 53.4751 1.2923 -131.4735
v 53.4751 1.2923 -131.4735
v 54.9576 2.0184 -149.2908
v 53.1320 2.0091 -149.4286
v 51.9533 1.2700 -131.5848
v 51.9533 1.2700 -131.5848
v 53.1320 2.0091 -149.4286
v 51.3253 1.9829 -149.5363
v 50.4082 1.2359 -131.6732
v 50.4082 1.2359 -131.6732
v 51.3253 1.9829 -149.5363
v 49.5375 1.9407 -149.6186
v 48.8424 1.1898 -131.7417
v 48.8424 1.1898 -131.7417
v 49.5375 1.9407 -149.6186
v 47.7342 1.8826 -149.6966
v 47.2907 1.1322 -131.7703
v 47.2907 1.1322 -131.7703
v 47.7342 1.8826 -149.6966
v 45.9432 1.8087 -149.7501
v 45.7248 1.0624 -131.7782
v 45.7248 1.0624 -131.7782
v 45.9432 1.8087 -149.7501
v 44.1659 1.7200 -149.7824
v 44.1452 0.9807 -131.7679
v 44.1452 0.9807 -131.7679
v 44.1659 1.7200 -149.7824
v 42.3767 1.6169 -149.8222
v 42.5777 0.8878 -131.7113
v 42.5777 0.8878 -131.7113
v 42.3767 1.6169 -149.8222
v 40.5969 1.4989 -149.8411
v 41.0005 0.7829 -131.6361
v 41.0005 0.7829 -131.6361
v 40.5969 1.4989 -149.8411
v 38.8277 1.3675 -149.8418
v 39.4141 0.6667 -131.5442
v 39.4141 0.6667 -131.5442
v 38.8277 1.3675 -149.8418
v 37.0493 1.2217 -149.8359
v 37.8380 0.5402 -131.4245
v 37.8380 0.5402 -131.4245
v 37.0493 1.2217 -149.8359
v 35.2777 1.0623 -149.8117
v 36.2561 0.4025 -131.2879
v 36.2561 0.4025 -131.2879
v 35.2777 1.0623 -149.8117
v 33.5137 0.8908 -149.7712
v 34.6687 0.2545 -131.1360
v 34.6687 0.2545 -131.1360
v 33.5137 0.8908 -149.7712
v 31.7450 0.7046 -149.6951
v 33.0879 0.0974 -130.9880
v 33.0879 0.0974 -130.9880
v 31.7450 0.7046 -149.6951
v 29.9819 0.5063 -149.6025
v 31.5035 -0.0701 -130.8246
v 31.5035 -0.0701 -130.8246
v 29.9819 0.5063 -149.6025
v 28.2249 0.2974 -149.4947
v 29.9158 -0.2467 -130.6468
v 29.9158 -0.2467 -130.6468
v 28.2249 0.2974 -149.4947
v 26.4658 0.0760 -149.3568
v 28.3327 -0.4316 -130.4695
v 28.3327 -0.4316 -130.4695
v 26.4658 0.0760 -149.3568
v 24.7113 -0.1560 -149.2037
v 26.7477 -0.6257 -130.2779
v 26.7477 -0.6257 -130.2779
v 24.7113 -0.1560 -149.2037
v 22.9618 -0.3969 -149.0361
v 25.1610 -0.8276 -130.0724
v 25.1610 -0.8276 -130.0724
v 22.9618 -0.3969 -149.0361
v 21.2123 -0.6480 -148.8417
v 23.5776 -1.0366 -129.8658
v 23.5776 -1.0366 -129.8658
v 21.2123 -0.6480 -148.8417
v 19.4665 -0.9078 -148.6328
v 21.9938 -1.2536 -129.6455
v 21.9938 -1.2536 -129.6455
v 19.4665 -0.9078 -148.6328
v 17.7249 -1.1747 -148.4100
v 20.4095 -1.4769 -129.4119
v 20.4095 -1.4769 -129.4119
v 17.7249 -1.1747 -148.4100
v 15.9852 -1.4495 -148.1625
v 18.8272 -1.7062 -129.1761
v 18.8272 -1.7062 -129.1761
v 15.9852 -1.4495 -148.1625
v 14.2481 -1.7312 -147.9009
v 17.2462 -1.9418 -128.9272
v 17.2462 -1.9418 -128.9272
v 14.2481 -1.7312 -147.9009
v 12.5141 -2.0181 -147.6253
v 15.6666 -2.1820 -128.6655
v 15.6666 -2.1820 -128.6655
v 12.5141 -2.0181 -147.6253
v 10.7840 -2.3103 -147.3260
v 14.0874 -2.4270 -128.4009
v 14.0874 -2.4270 -128.4009
v 10.7840 -2.3103 -147.3260
v 9.0554 -2.6077 -147.0125
v 12.5111 -2.6766 -128.1237
v 12.5111 -2.6766 -128.1237
v 9.0554 -2.6077 -147.0125
v 7.3289 -2.9082 -146.6847
v 10.9379 -2.9290 -127.8338
v 10.9379 -2.9290 -127.8338
v 7.3289 -2.9082 -146.6847
v 5.6084 -3.2116 -146.3325
v 9.3639 -3.1848 -127.5414
v 9.3639 -3.1848 -127.5414
v 5.6084 -3.2116 -146.3325
v 3.8891 -3.5182 -145.9659
v 7.7939 -3.4435 -127.2365
v 7.7939 -3.4435 -127.2365
v 3.8891 -3.5182 -145.9659
v 2.1716 -3.8258 -145.5846
v 6.2280 -3.7031 -126.9188
v 6.2280 -3.7031 -126.9188
v 2.1716 -3.8258 -145.5846
v 0.4627 -4.1338 -145.1768
v 4.6595 -3.9650 -126.6004
v 4.6595 -3.9650 -126.6004
v 0.4627 -4.1338 -145.1768
v -1.2463 -4.4430 -144.7538
v 3.0969 -4.2278 -126.2696
v 3.0969 -4.2278 -126.2696
v -1.2463 -4.4430 -144.7538
v -2.9546 -4.7514 -144.3151
v 1.5407 -4.4896 -125.9258
v 1.5407 -4.4896 -125.9258
v -2.9546 -4.7514 -144.3151
v -4.6507 -5.0576 -143.8469
v -0.0207 -4.7525 -125.5832
v -0.0207 -4.7525 -125.5832
v -4.6507 -5.0576 -143.8469
v -6.3479 -5.3630 -143.3623
v -1.5741 -5.0143 -125.2280
v -1.5741 -5.0143 -125.2280
v -6.3479 -5.3630 -143.3623
v -8.0451 -5.6658 -142.8606
v -3.1190 -5.2733 -124.8595
v -3.1190 -5.2733 -124.8595
v -8.0451 -5.6658 -142.8606
v -9.7249 -5.9637 -142.3222
v -4.6732 -5.5325 -124.4973
v -4.6732 -5.5325 -124.4973
v -9.7249 -5.9637 -142.3222
v -11.4068 -6.2590 -141.7659
v -6.2168 -5.7887 -124.1225
v -6.2168 -5.7887 -124.1225
v -11.4068 -6.2590 -141.7659
v -13.0894 -6.5498 -141.1901
v -7.7496 -6.0402 -123.7337
v -7.7496 -6.0402 -123.7337
v -13.0894 -6.5498 -141.1901
v -14.7463 -6.8329 -140.5663
v -9.2980 -6.2915 -123.3601
v -9.2980 -6.2915 -123.3601
v -14.7463 -6.8329 -140.5663
v -16.4069 -7.1119 -139.9219
v -10.8326 -6.5377 -122.9736
v -10.8326 -6.5377 -122.9736
v -16.4069 -7.1119 -139.9219
v -18.0690 -7.3846 -139.2549
v -12.3528 -6.7775 -122.5723
v -12.3528 -6.7775 -122.5723
v -18.0690 -7.3846 -139.2549
v -19.6905 -7.6466 -138.5164
v -13.9011 -7.0176 -122.2056
v -13.9011 -7.0176 -122.2056
v -19.6905 -7.6466 -138.5164
v -21.3163 -7.9027 -137.7540
v -15.4322 -7.2510 -121.8253
v -15.4322 -7.2510 -121.8253
v -21.3163 -7.9027 -137.7540
v -22.9430 -8.1508 -136.9649
v -16.9458 -7.4761 -121.4286
v -16.9458 -7.4761 -121.4286
v -22.9430 -8.1508 -136.9649
v -24.4995 -8.3843 -136.0571
v -18.5137 -7.7045 -121.1084
v -18.5137 -7.7045 -121.1084
v -24.4995 -8.3843 -136.0571
v -26.0610 -8.6102 -135.1208
v -20.0599 -7.9241 -120.7737
v -20.0599 -7.9241 -120.7737
v -26.0610 -8.6102 -135.1208
v -27.6214 -8.8266 -134.1519
v -21.5844 -8.1339 -120.4198
v -21.5844 -8.1339 -120.4198
v -27.6214 -8.8266 -134.1519
v -29.1160 -9.0264 -133.1166
v -23.1532 -8.3432 -120.0820
v -23.1532 -8.3432 -120.0820
v -29.1160 -9.0264 -133.1166
v -30.6162 -9.2174 -132.0453
v -24.6936 -8.5416 -119.7285
v -24.6936 -8.5416 -119.7285
v -30.6162 -9.2174 -132.0453
v -32.1114 -9.3973 -130.9330
v -26.2061 -8.7286 -119.3517
v -26.2061 -8.7286 -119.3517
v -32.1114 -9.3973 -130.9330
v -33.7046 -9.5715 -130.1031
v -27.5905 -8.8870 -118.6306
v -27.5905 -8.8870 -118.6306
v -33.7046 -9.5715 -130.1031
v -35.3224 -9.7373 -129.2156
v -28.9174 -9.0313 -117.9030
v -28.9174 -9.0313 -117.9030
v -35.3224 -9.7373 -129.2156
v -36.9517 -9.8924 -128.2581
v -30.1808 -9.1607 -117.1606
v -30.1808 -9.1607 -117.1606
v -36.9517 -9.8924 -128.2581
v -38.5040 -10.0282 -127.2875
v -31.4760 -9.2849 -116.3510
v -31.4760 -9.2849 -116.3510
v -38.5040 -10.0282 -127.2875
v -40.1012 -10.1552 -126.2216
v -32.6743 -9.3917 -115.5520
v -32.6743 -9.3917 -115.5520
v -40.1012 -10.1552 -126.2216
v -41.7103 -10.2695 -125.0417
v -33.7686 -9.4814 -114.7495
v -33.7686 -9.4814 -114.7495
v -41.7103 -10.2695 -125.0417
v -43.1492 -10.3584 -123.9122
v -34.9828 -9.5713 -113.7974
v -34.9828 -9.5713 -113.7974
v -43.1492 -10.3584 -123.9122
v -44.7735 -10.4432 -122.5146
v -35.9194 -9.6331 -112.9959
v -35.9194 -9.6331 -112.9959
v -44.7735 -10.4432 -122.5146
v -46.4702 -10.5113 -120.7404
v -36.5262 -9.6676 -112.3668
v -36.5262 -9.6676 -112.3668
v -46.4702 -10.5113 -120.7404
v -47.8425 -10.5450 -118.9558
v -37.1943 -9.6961 -111.4981
v -37.1943 -9.6961 -111.4981
v -47.8425 -10.5450 -118.9558
v -49.1171 -10.5528 -116.9088
v -37.7025 -9.7093 -110.6875
v -37.7025 -9.7093 -110.6875
v -49.1171 -10.5528 -116.9088
v -50.2038 -10.5289 -114.5224
v -37.9929 -9.7101 -110.0622
v -37.9929 -9.7101 -110.0622
v -50.2038 -10.5289 -114.5224
v -50.9133 -10.4698 -111.9496
v -38.1581 -9.6995 -109.4387
v -38.1581 -9.6995 -109.4387
v -50.9133 -10.4698 -111.9496
v -51.2422 -10.3923 -109.6204
v -38.2980 -9.6685 -108.4173
v -38.2980 -9.6685 -108.4173
v -51.2422 -10.3923 -109.6204
v -51.3692 -10.3084 -107.5516
v -38.3763 -9.6178 -107.1229
v -38.3763 -9.6178 -107.1229
v -51.3692 -10.3084 -107.5516
v -51.3369 -10.2005 -105.2821
v -38.3597 -9.5664 -106.0521
v -38.3597 -9.5664 -106.0521
v -51.3369 -10.2005 -105.2821
v -51.1447 -10.0874 -103.2076
v -38.2393 -9.4932 -104.7735
v -38.2393 -9.4932 -104.7735
v -51.1447 -10.0874 -103.2076
v -50.8849 -9.9746 -101.3381
v -38.0357 -9.3995 -103.3120
v -38.0357 -9.3995 -103.3120
v -50.8849 -9.9746 -101.3381
v -50.5268 -9.8440 -99.3566
v -37.7974 -9.3060 -101.9952
v -37.7974 -9.3060 -101.9952
v -50.5268 -9.8440 -99.3566
v -50.1005 -9.7097 -97.4859
v -37.4764 -9.1961 -100.5894
v -37.4764 -9.1961 -100.5894
v -50.1005 -9.7097 -97.4859
v -49.6474 -9.5744 -95.7284
v -37.0908 -9.0702 -99.0946
v -37.0908 -9.0702 -99.0946
v -49.6474 -9.5744 -95.7284
v -49.1302 -9.4256 -93.9166
v -36.6869 -8.9425 -97.6802
v -36.6869 -8.9425 -97.6802
v -49.1302 -9.4256 -93.9166
v -48.5784 -9.2729 -92.1709
v -36.2263 -8.8019 -96.2237
v -36.2263 -8.8019 -96.2237
v -48.5784 -9.2729 -92.1709
v -48.0127 -9.1178 -90.4906
v -35.7206 -8.6486 -94.7220
v -35.7206 -8.6486 -94.7220
v -48.0127 -9.1178 -90.4906
v -47.9222 -8.9560 -88.5915
v -34.6851 -8.4583 -93.4593
v -34.6851 -8.4583 -93.4593
v -47.9222 -8.9560 -88.5915
v -47.8059 -8.7891 -86.7195
v -33.6163 -8.2567 -92.1897
v -33.6163 -8.2567 -92.1897
v -47.8059 -8.7891 -86.7195
v -47.6788 -8.6190 -84.8815
v -32.5192 -8.0434 -90.9017
v -32.5192 -8.0434 -90.9017
v -47.6788 -8.6190 -84.8815
v -47.3416 -8.4382 -83.0794
v -31.5949 -7.8391 -89.5932
v -31.5949 -7.8391 -89.5932
v -47.3416 -8.4382 -83.0794
v -46.9921 -8.2542 -81.3063
v -30.6436 -7.6245 -88.2712
v -30.6436 -7.6245 -88.2712
v -46.9921 -8.2542 -81.3063
v -46.6397 -8.0683 -79.5643
v -29.6692 -7.3993 -86.9293
v -29.6692 -7.3993 -86.9293
v -46.6397 -8.0683 -79.5643
v -46.1664 -7.8739 -77.8390
v -28.7907 -7.1783 -85.5820
v -28.7907 -7.1783 -85.5820
v -46.1664 -7.8739 -77.8390
v -45.6891 -7.6772 -76.1411
v -27.8902 -6.9476 -84.2185
v -27.8902 -6.9476 -84.2185
v -45.6891 -7.6772 -76.1411
v -45.2145 -7.4795 -74.4709
v -26.9712 -6.7072 -82.8346
v -26.9712 -6.7072 -82.8346
v -45.2145 -7.4795 -74.4709
v -44.7016 -7.2743 -72.7874
v -26.0750 -6.4660 -81.4711
v -26.0750 -6.4660 -81.4711
v -44.7016 -7.2743 -72.7874
v -44.1911 -7.0680 -71.1303
v -25.1605 -6.2152 -80.0886
v -25.1605 -6.2152 -80.0886
v -44.1911 -7.0680 -71.1303
v -43.6886 -6.8617 -69.4992
v -24.2313 -5.9553 -78.6832
v -24.2313 -5.9553 -78.6832
v -43.6886 -6.8617 -69.4992
v -42.8105 -6.6459 -68.0159
v -23.6706 -5.7244 -77.1334
v -23.6706 -5.7244 -77.1334
v -42.8105 -6.6459 -68.0159
v -41.9424 -6.4291 -66.5626
v -23.0931 -5.4846 -75.5568
v -23.0931 -5.4846 -75.5568
v -41.9424 -6.4291 -66.5626
v -41.0885 -6.2119 -65.1353
v -22.5043 -5.2367 -73.9528
v -22.5043 -5.2367 -73.9528
v -41.0885 -6.2119 -65.1353
v -39.6560 -5.9752 -63.9485
v -22.4959 -5.0386 -72.1075
v -22.4959 -5.0386 -72.1075
v -39.6560 -5.9752 -63.9485
v -38.2398 -5.7338 -62.7925
v -22.4740 -4.8317 -70.2300
v -22.4740 -4.8317 -70.2300
v -38.2398 -5.7338 -62.7925
v -36.8416 -5.4876 -61.6552
v -22.4497 -4.6190 -68.3266
v -22.4497 -4.6190 -68.3266
v -36.8416 -5.4876 -61.6552
v -35.7105 -5.2379 -60.3469
v -22.1711 -4.3874 -66.5880
v -22.1711 -4.3874 -66.5880
v -35.7105 -5.2379 -60.3469
v -34.6050 -4.9889 -59.0743
v -21.8824 -4.1473 -64.8064
v -21.8824 -4.1473 -64.8064
v -34.6050 -4.9889 -59.0743
v -33.5300 -4.7408 -57.8222
v -21.6006 -3.9026 -62.9883
v -21.6006 -3.9026 -62.9883
v -33.5300 -4.7408 -57.8222
v -32.8790 -4.5017 -56.3116
v -20.9225 -3.6289 -61.4148
v -20.9225 -3.6289 -61.4148
v -32.8790 -4.5017 -56.3116
v -32.2830 -4.2758 -54.8819
v -20.2267 -3.3394 -59.7445
v -20.2267 -3.3394 -59.7445
v -32.2830 -4.2758 -54.8819
v -31.7576 -4.0638 -53.5141
v -19.5490 -3.0404 -57.9807
v -19.5490 -3.0404 -57.9807
v -31.7576 -4.0638 -53.5141
v -31.1763 -3.8213 -51.9396
v -18.9617 -2.7728 -56.3896
v -18.9617 -2.7728 -56.3896
v -31.1763 -3.8213 -51.9396
v -30.7555 -3.6337 -50.7003
v -18.3026 -2.4514 -54.4319
v -18.3026 -2.4514 -54.4319
v -30.7555 -3.6337 -50.7003
v -30.5367 -3.5070 -49.7946
v -17.7431 -2.1023 -52.1019
v -17.7431 -2.1023 -52.1019
v -30.5367 -3.5070 -49.7946
v -30.2506 -3.2948 -48.1850
v -17.4096 -1.8391 -50.2117
v -17.4096 -1.8391 -50.2117
v -30.2506 -3.2948 -48.1850
v -30.1704 -3.2128 -47.5279
v -17.1719 -1.4787 -47.3305
v -17.1719 -1.4787 -47.3305
v -30.1704 -3.2128 -47.5279
v -29.6834 -3.3329 -49.1011
v -18.2852 -1.1429 -42.8496
v -18.2852 -1.1429 -42.8496
v -29.6834 -3.3329 -49.1011
v -28.6974 -3.3498 -50.2710
v -21.3196 -1.2194 -39.5674
v -21.3196 -1.2194 -39.5674
v -28.6974 -3.3498 -50.2710
v -28.6312 -3.3493 -50.3208
v -24.3784 -1.4713 -38.0361
v -24.3784 -1.4713 -38.0361
v -28.6312 -3.3493 -50.3208
v -28.5004 -3.3358 -50.3270
v -27.6562 -1.8121 -37.3544
v -27.6562 -1.8121 -37.3544
v -28.5004 -3.3358 -50.3270
v -27.8953 -3.2597 -50.3007
v -31.3752 -2.2775 -37.7751
v -31.3752 -2.2775 -37.7751
v -27.8953 -3.2597 -50.3007
v -28.7182 -3.3931 -50.6165
v -33.8205 -2.6219 -38.6596
v -33.8205 -2.6219 -38.6596
v -28.7182 -3.3931 -50.6165
v -30.3281 -3.6573 -51.3169
v -35.4046 -2.8466 -39.3490
v -35.4046 -2.8466 -39.3490
v -30.3281 -3.6573 -51.3169
v -31.4245 -3.8356 -51.8278
v -37.3401 -3.1138 -40.2517
v -37.3401 -3.1138 -40.2517
v -31.4245 -3.8356 -51.8278
v -32.6627 -4.0420 -52.4999
v -39.0596 -3.3524 -41.1827
v -39.0596 -3.3524 -41.1827
v -32.6627 -4.0420 -52.4999
v -34.0751 -4.2758 -53.3100
v -40.5651 -3.5571 -42.0459
v -40.5651 -3.5571 -42.0459
v -34.0751 -4.2758 -53.3100
v -35.3624 -4.4856 -54.0756
v -42.1617 -3.7684 -42.9954
v -42.1617 -3.7684 -42.9954
v -35.3624 -4.4856 -54.0756
v -36.6836 -4.6991 -54.9051
v -43.6847 -3.9656 -43.9513
v -43.6847 -3.9656 -43.9513
v -36.6836 -4.6991 -54.9051
v -38.0521 -4.9157 -55.7884
v -45.1373 -4.1477 -44.8889
v -45.1373 -4.1477 -44.8889
v -38.0521 -4.9157 -55.7884
v -39.0263 -5.1529 -57.1786
v -46.9638 -4.2840 -45.3488
v -46.9638 -4.2840 -45.3488
v -39.0263 -5.1529 -57.1786
v -40.0045 -5.3894 -58.5957
v -48.7633 -4.4053 -45.8175
v -48.7633 -4.4053 -45.8175
v -40.0045 -5.3894 -58.5957
v -41.0003 -5.6257 -60.0390
v -50.5314 -4.5103 -46.2799
v -50.5314 -4.5103 -46.2799
v -41.0003 -5.6257 -60.0390
v -42.0399 -5.8458 -61.3555
v -52.2431 -4.6161 -46.8867
v -52.2431 -4.6161 -46.8867
v -42.0399 -5.8458 -61.3555
v -43.0868 -6.0633 -62.6914
v -53.9338 -4.7083 -47.4942
v -53.9338 -4.7083 -47.4942
v -43.0868 -6.0633 -62.6914
v -44.1478 -6.2781 -64.0457
v -55.6022 -4.7863 -48.0945
v -55.6022 -4.7863 -48.0945
v -44.1478 -6.2781 -64.0457
v -45.3497 -6.4676 -65.1644
v -57.1221 -4.8801 -48.9408
v -57.1221 -4.8801 -48.9408
v -45.3497 -6.4676 -65.1644
v -46.5610 -6.6521 -66.2983
v -58.6244 -4.9632 -49.7833
v -58.6244 -4.9632 -49.7833
v -46.5610 -6.6521 -66.2983
v -47.7849 -6.8312 -67.4457
v -60.1099 -5.0354 -50.6180
v -60.1099 -5.0354 -50.6180
v -47.7849 -6.8312 -67.4457
v -49.0416 -6.9957 -68.5215
v -61.5586 -5.1072 -51.5298
v -61.5586 -5.1072 -51.5298
v -49.0416 -6.9957 -68.5215
v -50.3076 -7.1536 -69.6084
v -62.9939 -5.1694 -52.4362
v -62.9939 -5.1694 -52.4362
v -50.3076 -7.1536 -69.6084
v -51.5851 -7.3044 -70.7051
v -64.4165 -5.2218 -53.3344
v -64.4165 -5.2218 -53.3344
v -51.5851 -7.3044 -70.7051
v -52.8988 -7.4396 -71.7315
v -65.8018 -5.2751 -54.3042
v -65.8018 -5.2751 -54.3042
v -52.8988 -7.4396 -71.7315
v -54.2219 -7.5666 -72.7661
v -67.1765 -5.3195 -55.2675
v -67.1765 -5.3195 -55.2675
v -54.2219 -7.5666 -72.7661
v -55.5559 -7.6852 -73.8073
v -68.5417 -5.3551 -56.2223
v -68.5417 -5.3551 -56.2223
v -55.5559 -7.6852 -73.8073
v -56.9546 -7.7829 -74.7427
v -69.8438 -5.3985 -57.2810
v -69.8438 -5.3985 -57.2810
v -56.9546 -7.7829 -74.7427
v -58.3630 -7.8709 -75.6839
v -71.1373 -5.4341 -58.3321
v -71.1373 -5.4341 -58.3321
v -58.3630 -7.8709 -75.6839
v -59.7824 -7.9489 -76.6292
v -72.4236 -5.4619 -59.3740
v -72.4236 -5.4619 -59.3740
v -59.7824 -7.9489 -76.6292
v -61.1944 -8.0158 -77.5666
v -73.7209 -5.4820 -60.4189
v -73.7209 -5.4820 -60.4189
v -61.1944 -8.0158 -77.5666
v -62.6172 -8.0724 -78.5080
v -75.0111 -5.4944 -61.4547
v -75.0111 -5.4944 -61.4547
v -62.6172 -8.0724 -78.5080
v -64.0517 -8.1183 -79.4515
v -76.2955 -5.4991 -62.4802
v -76.2955 -5.4991 -62.4802
v -64.0517 -8.1183 -79.4515
v -65.4845 -8.1520 -80.3787
v -77.5876 -5.4970 -63.5140
v -77.5876 -5.4970 -63.5140
v -65.4845 -8.1520 -80.3787
v -66.9298 -8.1748 -81.3084
v -78.8731 -5.4875 -64.5368
v -78.8731 -5.4875 -64.5368
v -66.9298 -8.1748 -81.3084
v -68.3885 -8.1863 -82.2387
v -80.1535 -5.4704 -65.5474
v -80.1535 -5.4704 -65.5474
v -68.3885 -8.1863 -82.2387
v -69.8516 -8.1842 -83.1413
v -81.4378 -5.4480 -66.5740
v -81.4378 -5.4480 -66.5740
v -69.8516 -8.1842 -83.1413
v -71.3294 -8.1706 -84.0453
v -82.7157 -5.4184 -67.5874
v -82.7157 -5.4184 -67.5874
v -71.3294 -8.1706 -84.0453
v -72.8230 -8.1452 -84.9478
v -83.9888 -5.3814 -68.5862
v -83.9888 -5.3814 -68.5862
v -72.8230 -8.1452 -84.9478
v -74.3280 -8.1042 -85.8070
v -85.2612 -5.3414 -69.6126
v -85.2612 -5.3414 -69.6126
v -74.3280 -8.1042 -85.8070
v -75.8515 -8.0510 -86.6664
v -86.5262 -5.2944 -70.6227
v -86.5262 -5.2944 -70.6227
v -75.8515 -8.0510 -86.6664
v -77.3943 -7.9853 -87.5226
v -87.7859 -5.2405 -71.6145
v -87.7859 -5.2405 -71.6145
v -77.3943 -7.9853 -87.5226
v -78.9610 -7.9005 -88.3069
v -89.0357 -5.1877 -72.6571
v -89.0357 -5.1877 -72.6571
v -78.9610 -7.9005 -88.3069
v -80.5501 -7.8027 -89.0895
v -90.2771 -5.1283 -73.6797
v -90.2771 -5.1283 -73.6797
v -80.5501 -7.8027 -89.0895
v -82.1621 -7.6916 -89.8654
v -91.5135 -5.0622 -74.6801
v -91.5135 -5.0622 -74.6801
v -82.1621 -7.6916 -89.8654
v -83.8203 -7.5547 -90.5159
v -92.7211 -5.0054 -75.7781
v -92.7211 -5.0054 -75.7781
v -83.8203 -7.5547 -90.5159
v -85.5064 -7.4037 -91.1622
v -93.9187 -4.9424 -76.8513
v -93.9187 -4.9424 -76.8513
v -85.5064 -7.4037 -91.1622
v -87.2199 -7.2387 -91.7962
v -95.1114 -4.8728 -77.8967
v -95.1114 -4.8728 -77.8967
v -87.2199 -7.2387 -91.7962
v -89.0044 -7.0385 -92.2265
v -96.2554 -4.8228 -79.1081
v -96.2554 -4.8228 -79.1081
v -89.0044 -7.0385 -92.2265
v -90.8207 -6.8234 -92.6465
v -97.3900 -4.7664 -80.2897
v -97.3900 -4.7664 -80.2897
v -90.8207 -6.8234 -92.6465
v -92.6652 -6.5938 -93.0427
v -98.5252 -4.7027 -81.4384
v -98.5252 -4.7027 -81.4384
v -92.6652 -6.5938 -93.0427
v -94.2578 -6.4223 -93.8326
v -99.9404 -4.5480 -82.1404
v -99.9404 -4.5480 -82.1404
v -94.2578 -6.4223 -93.8326
v -95.9132 -6.2335 -94.6148
v -101.3213 -4.3899 -82.7932
v -101.3213 -4.3899 -82.7932
v -95.9132 -6.2335 -94.6148
v -97.6345 -6.0261 -95.3706
v -102.6721 -4.2283 -83.3864
v -102.6721 -4.2283 -83.3864
v -97.6345 -6.0261 -95.3706
v -99.3160 -5.8134 -96.0581
v -104.0992 -4.0504 -83.9700
v -104.0992 -4.0504 -83.9700
v -99.3160 -5.8134 -96.0581
v -101.1045 -5.5765 -96.7318
v -105.4551 -3.8744 -84.4814
v -105.4551 -3.8744 -84.4814
v -101.1045 -5.5765 -96.7318
v -103.0025 -5.3134 -97.3542
v -106.7424 -3.7003 -84.9038
v -106.7424 -3.7003 -84.9038
v -103.0025 -5.3134 -97.3542
v -104.8116 -5.0525 -97.8701
v -108.1666 -3.5003 -85.3105
v -108.1666 -3.5003 -85.3105
v -104.8116 -5.0525 -97.8701
v -106.8179 -4.7522 -98.3485
v -109.4345 -3.3153 -85.6146
v -109.4345 -3.3153 -85.6146
v -106.8179 -4.7522 -98.3485
v -109.0275 -4.4073 -98.7056
v -110.5245 -3.1489 -85.7921
v -110.5245 -3.1489 -85.7921
v -109.0275 -4.4073 -98.7056
v -111.1071 -4.0705 -98.8824
v -111.7915 -2.9463 -85.9005
v -111.7915 -2.9463 -85.9005
v -111.1071 -4.0705 -98.8824
v -113.3694 -3.6917 -98.9060
v -112.9010 -2.7608 -85.9144
v -112.9010 -2.7608 -85.9144
v -113.3694 -3.6917 -98.9060
v -115.8208 -3.2656 -98.6722
v -113.7662 -2.6084 -85.8356
v -113.7662 -2.6084 -85.8356
v -115.8208 -3.2656 -98.6722
v -118.2329 -2.8284 -98.1243
v -114.6013 -2.4511 -85.6419
v -114.6013 -2.4511 -85.6419
v -118.2329 -2.8284 -98.1243
v -120.3610 -2.4293 -97.3984
v -115.6650 -2.2399 -85.2762
v -115.6650 -2.2399 -85.2762
v -120.3610 -2.4293 -97.3984
v -122.2450 -2.0683 -96.6047
v -116.8786 -1.9904 -84.7640
v -116.8786 -1.9904 -84.7640
v -122.2450 -2.0683 -96.6047
v -124.1996 -1.6861 -95.6217
v -117.9121 -1.7707 -84.2434
v -117.9121 -1.7707 -84.2434
v -124.1996 -1.6861 -95.6217
v -125.9692 -1.3319 -94.5721
v -119.0365 -1.5227 -83.5750
v -119.0365 -1.5227 -83.5750
v -125.9692 -1.3319 -94.5721
v -127.5726 -1.0057 -93.5174
v -120.2401 -1.2503 -82.7827
v -120.2401 -1.2503 -82.7827
v -127.5726 -1.0057 -93.5174
v -129.2031 -0.6687 -92.3399
v -121.3270 -0.9981 -81.9974
v -121.3270 -0.9981 -81.9974
v -129.2031 -0.6687 -92.3399
v -130.7199 -0.3493 -91.1342
v -122.4407 -0.7325 -81.1114
v -122.4407 -0.7325 -81.1114
v -130.7199 -0.3493 -91.1342
v -132.1348 -0.0471 -89.9309
v -123.5837 -0.4541 -80.1392
v -123.5837 -0.4541 -80.1392
v -132.1348 -0.0471 -89.9309
v -133.5518 0.2600 -88.6470
v -124.6526 -0.1883 -79.1705
v -124.6526 -0.1883 -79.1705
v -133.5518 0.2600 -88.6470
v -134.8939 0.5558 -87.3479
v -125.7238 0.0839 -78.1332
v -125.7238 0.0839 -78.1332
v -134.8939 0.5558 -87.3479
v -136.1691 0.8406 -86.0501
v -126.8015 0.3627 -77.0363
v -126.8015 0.3627 -77.0363
v -136.1691 0.8406 -86.0501
v -137.5646 1.1332 -84.8145
v -127.6996 0.6257 -75.8221
v -127.6996 0.6257 -75.8221
v -137.5646 1.1332 -84.8145
v -138.9124 1.4178 -83.5629
v -128.5849 0.8912 -74.5657
v -128.5849 0.8912 -74.5657
v -138.9124 1.4178 -83.5629
v -140.2163 1.6942 -82.3063
v -129.4629 1.1597 -73.2709
v -129.4629 1.1597 -73.2709
v -140.2163 1.6942 -82.3063
v -141.5874 1.9737 -81.0639
v -130.2231 1.4170 -71.9206
v -130.2231 1.4170 -71.9206
v -141.5874 1.9737 -81.0639
v -142.9238 2.2466 -79.8065
v -130.9667 1.6752 -70.5421
v -130.9667 1.6752 -70.5421
v -142.9238 2.2466 -79.8065
v -144.2277 2.5125 -78.5418
v -131.6981 1.9349 -69.1372
v -131.6981 1.9349 -69.1372
v -144.2277 2.5125 -78.5418
v -145.4421 2.7753 -77.1791
v -132.4748 2.1940 -67.7976
v -132.4748 2.1940 -67.7976
v -145.4421 2.7753 -77.1791
v -146.6262 3.0329 -75.8067
v -133.2369 2.4533 -66.4341
v -133.2369 2.4533 -66.4341
v -146.6262 3.0329 -75.8067
v -147.7821 3.2852 -74.4291
v -133.9871 2.7131 -65.0484
v -133.9871 2.7131 -65.0484
v -147.7821 3.2852 -74.4291
v -148.8755 3.5355 -72.9892
v -134.7602 2.9715 -63.6984
v -134.7602 2.9715 -63.6984
v -148.8755 3.5355 -72.9892
v -149.9429 3.7817 -71.5412
v -135.5190 3.2293 -62.3290
v -135.5190 3.2293 -62.3290
v -149.9429 3.7817 -71.5412
v -150.9859 4.0237 -70.0882
v -136.2651 3.4865 -60.9416
v -136.2651 3.4865 -60.9416
v -150.9859 4.0237 -70.0882
v -151.9806 4.2641 -68.5925
v -137.0228 3.7418 -59.5742
v -137.0228 3.7418 -59.5742
v -151.9806 4.2641 -68.5925
v -152.9525 4.5012 -67.0894
v -137.7661 3.9957 -58.1910
v -137.7661 3.9957 -58.1910
v -152.9525 4.5012 -67.0894
v -153.9025 4.7348 -65.5811
v -138.4962 4.2481 -56.7931
v -138.4962 4.2481 -56.7931
v -153.9025 4.7348 -65.5811
v -154.8117 4.9667 -64.0416
v -139.2322 4.4983 -55.4065
v -139.2322 4.4983 -55.4065
v -154.8117 4.9667 -64.0416
v -155.7006 5.1958 -62.4946
v -139.9534 4.7463 -54.0074
v -139.9534 4.7463 -54.0074
v -155.7006 5.1958 -62.4946
v -156.5695 5.4219 -60.9414
v -140.6604 4.9919 -52.5967
v -140.6604 4.9919 -52.5967
v -156.5695 5.4219 -60.9414
v -157.4001 5.6461 -59.3642
v -141.3718 5.2352 -51.1921
v -141.3718 5.2352 -51.1921
v -157.4001 5.6461 -59.3642
v -158.2120 5.8677 -57.7788
v -142.0679 5.4755 -49.7779
v -142.0679 5.4755 -49.7779
v -158.2120 5.8677 -57.7788
v -159.0050 6.0866 -56.1860
v -142.7486 5.7126 -48.3546
v -142.7486 5.7126 -48.3546
v -159.0050 6.0866 -56.1860
v -159.7601 6.3031 -54.5745
v -143.4334 5.9472 -46.9337
v -143.4334 5.9472 -46.9337
v -159.7601 6.3031 -54.5745
v -160.4975 6.5173 -52.9536
v -144.1019 6.1781 -45.5058
v -144.1019 6.1781 -45.5058
v -160.4975 6.5173 -52.9536
v -161.2166 6.7287 -51.3238
v -144.7537 6.4049 -44.0713
v -144.7537 6.4049 -44.0713
v -161.2166 6.7287 -51.3238
v -161.8921 6.9375 -49.6778
v -145.4144 6.6294 -42.6378
v -145.4144 6.6294 -42.6378
v -161.8921 6.9375 -49.6778
v -162.5503 7.1439 -48.0208
v -146.0574 6.8494 -41.1999
v -146.0574 6.8494 -41.1999
v -162.5503 7.1439 -48.0208
v -163.1899 7.3474 -46.3534
v -146.6821 7.0645 -39.7577
v -146.6821 7.0645 -39.7577
v -163.1899 7.3474 -46.3534
v -163.7769 7.5479 -44.6717
v -147.3229 7.2776 -38.3150
v -147.3229 7.2776 -38.3150
v -163.7769 7.5479 -44.6717
v -164.3465 7.7459 -42.9766
v -147.9441 7.4853 -36.8710
v -147.9441 7.4853 -36.8710
v -164.3465 7.7459 -42.9766
v -164.8965 7.9411 -41.2685
v -148.5445 7.6872 -35.4256
v -148.5445 7.6872 -35.4256
v -164.8965 7.9411 -41.2685
v -165.3747 8.1328 -39.5459
v -149.1768 7.8879 -33.9802
v -149.1768 7.8879 -33.9802
v -165.3747 8.1328 -39.5459
v -165.8338 8.3220 -37.8083
v -149.7876 8.0825 -32.5355
v -149.7876 8.0825 -32.5355
v -165.8338 8.3220 -37.8083
v -166.2709 8.5079 -36.0563
v -150.3751 8.2707 -31.0909
v -150.3751 8.2707 -31.0909
v -166.2709 8.5079 -36.0563
v -166.5970 8.6901 -34.2876
v -151.0292 8.4593 -29.6489
v -151.0292 8.4593 -29.6489
v -166.5970 8.6901 -34.2876
v -166.9022 8.8695 -32.4999
v -151.6587 8.6408 -28.2118
v -151.6587 8.6408 -28.2118
v -166.9022 8.8695 -32.4999
v -167.1812 9.0455 -30.6948
v -152.2606 8.8150 -26.7780
v -152.2606 8.8150 -26.7780
v -167.1812 9.0455 -30.6948
v -167.2314 9.2182 -28.8591
v -153.0389 8.9950 -25.3605
v -153.0389 8.9950 -25.3605
v -167.2314 9.2182 -28.8591
v -167.2554 9.3871 -27.0051
v -153.7896 9.1669 -23.9473
v -153.7896 9.1669 -23.9473
v -167.2554 9.3871 -27.0051
v -167.2449 9.5512 -25.1377
v -154.5083 9.3307 -22.5340
v -154.5083 9.3307 -22.5340
v -167.2449 9.5512 -25.1377
v -167.5890 9.7017 -23.3777
v -154.8085 9.4725 -20.9992
v -154.8085 9.4725 -20.9992
v -167.5890 9.7017 -23.3777
v -167.9039 9.8496 -21.5746
v -155.0714 9.6049 -19.4941
v -155.0714 9.6049 -19.4941
v -167.9039 9.8496 -21.5746
v -168.1761 9.9938 -19.7304
v -155.2893 9.7276 -18.0187
v -155.2893 9.7276 -18.0187
v -168.1761 9.9938 -19.7304
v -168.3971 10.1282 -17.9240
v -155.4762 9.8474 -16.4923
v -155.4762 9.8474 -16.4923
v -168.3971 10.1282 -17.9240
v -168.5766 10.2608 -16.0461
v -155.6167 9.9555 -15.0260
v -155.6167 9.9555 -15.0260
v -168.5766 10.2608 -16.0461
v -168.6895 10.3898 -14.1053
v -155.6986 10.0516 -13.6186
v -155.6986 10.0516 -13.6186
v -168.6895 10.3898 -14.1053
v -168.7394 10.5042 -12.2705
v -155.7406 10.1483 -12.0915
v -155.7406 10.1483 -12.0915
v -168.7394 10.5042 -12.2705
v -168.7183 10.6223 -10.2425
v -155.7283 10.2260 -10.7537
v -155.7283 10.2260 -10.7537
v -168.7183 10.6223 -10.2425
v -168.5417 10.7399 -8.0332
v -155.6401 10.2833 -9.6295
v -155.6401 10.2833 -9.6295
v -168.5417 10.7399 -8.0332
v -168.2198 10.8394 -5.9688
v -155.4456 10.3379 -8.3812
v -155.4456 10.3379 -8.3812
v -168.2198 10.8394 -5.9688
v -167.7320 10.9309 -3.8329
v -155.1856 10.3799 -7.2370
v -155.1856 10.3799 -7.2370
v -167.7320 10.9309 -3.8329
v -167.0212 11.0103 -1.6348
v -154.8713 10.4070 -6.2585
v -154.8713 10.4070 -6.2585
v -167.0212 11.0103 -1.6348
v -166.0791 11.0708 0.4963
v -154.4612 10.4226 -5.3367
v -154.4612 10.4226 -5.3367
v -166.0791 11.0708 0.4963
v -165.0319 11.1090 2.3939
v -153.8788 10.4303 -4.2849
v -153.8788 10.4303 -4.2849
v -165.0319 11.1090 2.3939
v -163.9504 11.1278 4.0953
v -153.1574 10.4270 -3.1512
v -153.1574 10.4270 -3.1512
v -163.9504 11.1278 4.0953
v -162.6987 11.1293 5.8217
v -152.4435 10.4131 -2.1677
v -152.4435 10.4131 -2.1677
v -162.6987 11.1293 5.8217
v -161.4184 11.1134 7.3762
v -151.5847 10.3862 -1.1266
v -151.5847 10.3862 -1.1266
v -161.4184 11.1134 7.3762
v -160.1584 11.0830 8.7843
v -150.6043 10.3453 -0.0315
v -150.6043 10.3453 -0.0315
v -160.1584 11.0830 8.7843
v -158.7839 11.0348 10.2053
v -149.6474 10.2960 0.9574
v -149.6474 10.2960 0.9574
v -158.7839 11.0348 10.2053
v -157.4075 10.9729 11.5168
v -148.5910 10.2325 1.9633
v -148.5910 10.2325 1.9633
v -157.4075 10.9729 11.5168
v -156.0560 10.8996 12.7357
v -147.4487 10.1545 2.9933
v -147.4487 10.1545 2.9933
v -156.0560 10.8996 12.7357
v -154.7116 10.8140 14.0556
v -146.2441 10.0590 3.8552
v -146.2441 10.0590 3.8552
v -154.7116 10.8140 14.0556
v -153.3683 10.7166 15.3087
v -144.9773 9.9497 4.7153
v -144.9773 9.9497 4.7153
v -153.3683 10.7166 15.3087
v -152.0435 10.6096 16.5042
v -143.6540 9.8266 5.5837
v -143.6540 9.8266 5.5837
v -152.0435 10.6096 16.5042
v -150.8679 10.4985 17.9803
v -142.1464 9.6697 6.1239
v -142.1464 9.6697 6.1239
v -150.8679 10.4985 17.9803
v -149.6892 10.3765 19.4171
v -140.6040 9.4998 6.6541
v -140.6040 9.4998 6.6541
v -149.6892 10.3765 19.4171
v -148.5223 10.2455 20.8178
v -139.0254 9.3169 7.1857
v -139.0254 9.3169 7.1857
v -148.5223 10.2455 20.8178
v -147.2253 10.0948 22.1091
v -137.5543 9.1397 7.7928
v -137.5543 9.1397 7.7928
v -147.2253 10.0948 22.1091
v -145.9366 9.9349 23.3676
v -136.0504 8.9505 8.3980
v -136.0504 8.9505 8.3980
v -145.9366 9.9349 23.3676
v -144.6655 9.7676 24.5971
v -134.5138 8.7495 9.0090
v -134.5138 8.7495 9.0090
v -144.6655 9.7676 24.5971
v -143.3134 9.5839 25.7653
v -133.0439 8.5505 9.6587
v -133.0439 8.5505 9.6587
v -143.3134 9.5839 25.7653
v -141.9753 9.3926 26.9075
v -131.5449 8.3404 10.3114
v -131.5449 8.3404 10.3114
v -141.9753 9.3926 26.9075
v -140.6571 9.1954 28.0273
v -130.0175 8.1199 10.9727
v -130.0175 8.1199 10.9727
v -140.6571 9.1954 28.0273
v -139.2897 8.9844 29.1227
v -128.5312 7.8991 11.6452
v -128.5312 7.8991 11.6452
v -139.2897 8.9844 29.1227
v -137.9402 8.7673 30.1975
v -127.0184 7.6682 12.3249
v -127.0184 7.6682 12.3249
v -137.9402 8.7673 30.1975
v -136.6132 8.5458 31.2550
v -125.4802 7.4280 13.0168
v -125.4802 7.4280 13.0168
v -136.6132 8.5458 31.2550
v -135.1550 8.3075 32.1483
v -124.0702 7.2020 13.8680
v -124.0702 7.2020 13.8680
v -135.1550 8.3075 32.1483
v -133.7199 8.0650 33.0240
v -122.6341 6.9664 14.7318
v -122.6341 6.9664 14.7318
v -133.7199 8.0650 33.0240
v -132.3104 7.8200 33.8866
v -121.1745 6.7225 15.6122
v -121.1745 6.7225 15.6122
v -132.3104 7.8200 33.8866
v -130.7553 7.5579 34.5622
v -119.8625 6.4958 16.6831
v -119.8625 6.4958 16.6831
v -130.7553 7.5579 34.5622
v -129.2268 7.2935 35.2238
v -118.5261 6.2597 17.7713
v -118.5261 6.2597 17.7713
v -129.2268 7.2935 35.2238
v -127.7256 7.0281 35.8772
v -117.1701 6.0157 18.8804
v -117.1701 6.0157 18.8804
v -127.7256 7.0281 35.8772
v -126.1635 6.7502 36.4918
v -115.8825 5.7776 20.0405
v -115.8825 5.7776 20.0405
v -126.1635 6.7502 36.4918
v -124.6320 6.4723 37.0956
v -114.5721 5.5305 21.2239
v -114.5721 5.5305 21.2239
v -124.6320 6.4723 37.0956
v -123.1313 6.1953 37.6957
v -113.2462 5.2762 22.4345
v -113.2462 5.2762 22.4345
v -123.1313 6.1953 37.6957
v -121.5203 5.9029 38.1989
v -112.0445 5.0351 23.7644
v -112.0445 5.0351 23.7644
v -121.5203 5.9029 38.1989
v -119.9445 5.6127 38.6948
v -110.8230 4.7848 25.1248
v -110.8230 4.7848 25.1248
v -119.9445 5.6127 38.6948
v -118.4021 5.3250 39.1939
v -109.5939 4.5278 26.5194
v -109.5939 4.5278 26.5194
v -118.4021 5.3250 39.1939
v -116.8577 5.0284 39.7822
v -108.3904 4.2731 27.8600
v -108.3904 4.2731 27.8600
v -116.8577 5.0284 39.7822
v -115.3590 4.7375 40.3641
v -107.1671 4.0091 29.2443
v -107.1671 4.0091 29.2443
v -115.3590 4.7375 40.3641
v -113.9052 4.4520 40.9536
v -105.9429 3.7390 30.6773
v -105.9429 3.7390 30.6773
v -113.9052 4.4520 40.9536
v -112.6669 4.1736 41.9275
v -104.5419 3.4534 31.7794
v -104.5419 3.4534 31.7794
v -112.6669 4.1736 41.9275
v -111.5075 3.9079 42.8799
v -103.1060 3.1569 32.9594
v -103.1060 3.1569 32.9594
v -111.5075 3.9079 42.8799
v -110.4374 3.6562 43.8215
v -101.6581 2.8522 34.2338
v -101.6581 2.8522 34.2338
v -110.4374 3.6562 43.8215
v -109.3271 3.3888 44.8608
v -100.3158 2.5646 35.4908
v -100.3158 2.5646 35.4908
v -109.3271 3.3888 44.8608
v -108.3455 3.1460 45.8435
v -98.9221 2.2596 36.8880
v -98.9221 2.2596 36.8880
v -108.3455 3.1460 45.8435
v -107.5133 2.9303 46.7764
v -97.5258 1.9413 38.4548
v -97.5258 1.9413 38.4548
v -107.5133 2.9303 46.7764
v -106.6290 2.6908 47.8789
v -96.3058 1.6515 39.9776
v -96.3058 1.6515 39.9776
v -106.6290 2.6908 47.8789
v -105.9293 2.4914 48.8575
v -95.0481 1.3369 41.7441
v -95.0481 1.3369 41.7441
v -105.9293 2.4914 48.8575
v -105.4515 2.3404 49.6772
v -93.8519 1.0045 43.8078
v -93.8519 1.0045 43.8078
v -105.4515 2.3404 49.6772
v -104.9771 2.1692 50.7169
v -92.9329 0.7108 45.8242
v -92.9329 0.7108 45.8242
v -104.9771 2.1692 50.7169
v -104.6528 2.0324 51.6435
v -92.1474 0.4099 48.0920
v -92.1474 0.4099 48.0920
v -104.6528 2.0324 51.6435
v -104.5065 1.9461 52.3227
v -91.6131 0.1097 50.6610
v -91.6131 0.1097 50.6610
v -104.5065 1.9461 52.3227
v -104.4731 1.8738 53.0366
v -91.4751 -0.1490 53.2629
v -91.4751 -0.1490 53.2629
v -104.4731 1.8738 53.0366
v -104.5478 1.7962 53.9883
v -91.6584 -0.3546 55.6808
v -91.6584 -0.3546 55.6808
v -104.5478 1.7962 53.9883
v -104.7355 1.7277 55.0337
v -92.0632 -0.5196 57.9342
v -92.0632 -0.5196 57.9342
v -104.7355 1.7277 55.0337
v -104.9874 1.6878 55.8750
v -92.7583 -0.6594 60.2850
v -92.7583 -0.6594 60.2850
v -104.9874 1.6878 55.8750
v -105.4335 1.6545 56.9562
v -93.5940 -0.7520 62.3251
v -93.5940 -0.7520 62.3251
v -105.4335 1.6545 56.9562
v -106.0437 1.6290 58.2211
v -94.4453 -0.8152 64.0929
v -94.4453 -0.8152 64.0929
v -106.0437 1.6290 58.2211
v -106.6356 1.6187 59.2934
v -95.4703 -0.8634 65.9520
v -95.4703 -0.8634 65.9520
v -106.6356 1.6187 59.2934
v -107.3696 1.6211 60.4536
v -96.5331 -0.8878 67.6348
v -96.5331 -0.8878 67.6348
v -107.3696 1.6211 60.4536
v -108.2233 1.6332 61.7029
v -97.5749 -0.8975 69.1602
v -97.5749 -0.8975 69.1602
v -108.2233 1.6332 61.7029
v -109.0575 1.6526 62.8431
v -98.7209 -0.8947 70.7269
v -98.7209 -0.8947 70.7269
v -109.0575 1.6526 62.8431
v -109.9796 1.6821 64.0130
v -99.8779 -0.8786 72.1955
v -99.8779 -0.8786 72.1955
v -109.9796 1.6821 64.0130
v -110.9767 1.7192 65.2206
v -101.0187 -0.8541 73.5774
v -101.0187 -0.8541 73.5774
v -110.9767 1.7192 65.2206
v -112.1762 1.8168 66.1761
v -102.0099 -0.8757 75.1639
v -102.0099 -0.8757 75.1639
v -112.1762 1.8168 66.1761
v -113.4245 1.9215 67.1341
v -103.0113 -0.8894 76.6989
v -103.0113 -0.8894 76.6989
v -113.4245 1.9215 67.1341
v -114.7176 2.0311 68.1059
v -104.0051 -0.8981 78.1852
v -104.0051 -0.8981 78.1852
v -114.7176 2.0311 68.1059
v -116.1201 2.1770 68.9068
v -104.9239 -0.9339 79.8087
v -104.9239 -0.9339 79.8087
v -116.1201 2.1770 68.9068
v -117.5544 2.3268 69.7062
v -105.8482 -0.9642 81.3988
v -105.8482 -0.9642 81.3988
v -117.5544 2.3268 69.7062
v -119.0199 2.4789 70.5138
v -106.7655 -0.9912 82.9561
v -106.7655 -0.9912 82.9561
v -119.0199 2.4789 70.5138
v -120.3502 2.5972 71.4051
v -107.8407 -0.9784 84.4060
v -107.8407 -0.9784 84.4060
v -120.3502 2.5972 71.4051
v -121.7082 2.7174 72.3005
v -108.9125 -0.9617 85.8273
v -108.9125 -0.9617 85.8273
v -121.7082 2.7174 72.3005
v -123.0926 2.8378 73.2058
v -109.9734 -0.9427 87.2222
v -109.9734 -0.9427 87.2222
v -123.0926 2.8378 73.2058
v -124.4089 2.9408 74.1424
v -111.1173 -0.9032 88.5696
v -111.1173 -0.9032 88.5696
v -124.4089 2.9408 74.1424
v -125.7491 3.0439 75.0863
v -112.2528 -0.8612 89.8932
v -112.2528 -0.8612 89.8932
v -125.7491 3.0439 75.0863
v -127.1115 3.1455 76.0418
v -113.3748 -0.8182 91.1955
v -113.3748 -0.8182 91.1955
v -127.1115 3.1455 76.0418
v -128.4389 3.2377 77.0006
v -114.5404 -0.7656 92.4849
v -114.5404 -0.7656 92.4849
v -128.4389 3.2377 77.0006
v -129.7868 3.3281 77.9693
v -115.6942 -0.7118 93.7547
v -115.6942 -0.7118 93.7547
v -129.7868 3.3281 77.9693
v -131.1536 3.4154 78.9517
v -116.8324 -0.6582 95.0073
v -116.8324 -0.6582 95.0073
v -131.1536 3.4154 78.9517
v -132.3770 3.4631 80.0621
v -118.1173 -0.5655 96.1281
v -118.1173 -0.5655 96.1281
v -132.3770 3.4631 80.0621
v -133.6200 3.5082 81.1868
v -119.3857 -0.4736 97.2311
v -119.3857 -0.4736 97.2311
v -133.6200 3.5082 81.1868
v -134.8798 3.5496 82.3286
v -120.6352 -0.3837 98.3195
v -120.6352 -0.3837 98.3195
v -134.8798 3.5496 82.3286
v -135.9871 3.5508 83.6070
v -122.0351 -0.2559 99.2736
v -122.0351 -0.2559 99.2736
v -135.9871 3.5508 83.6070
v -137.1126 3.5493 84.9040
v -123.4144 -0.1311 100.2116
v -123.4144 -0.1311 100.2116
v -137.1126 3.5493 84.9040
v -138.2516 3.5436 86.2217
v -124.7718 -0.0105 101.1384
v -124.7718 -0.0105 101.1384
v -138.2516 3.5436 86.2217
v -139.2898 3.5142 87.6096
v -126.2222 0.1288 102.0037
v -126.2222 0.1288 102.0037
v -139.2898 3.5142 87.6096
v -140.3451 3.4816 89.0218
v -127.6470 0.2630 102.8541
v -127.6470 0.2630 102.8541
v -140.3451 3.4816 89.0218
v -141.4099 3.4446 90.4601
v -129.0456 0.3910 103.6964
v -129.0456 0.3910 103.6964
v -141.4099 3.4446 90.4601
v -142.2235 3.3533 92.1113
v -130.6799 0.5692 104.3426
v -130.6799 0.5692 104.3426
v -142.2235 3.3533 92.1113
v -143.0503 3.2597 93.7924
v -132.2844 0.7388 104.9767
v -132.2844 0.7388 104.9767
v -143.0503 3.2597 93.7924
v -143.8756 3.1630 95.5027
v -133.8610 0.8988 105.6113
v -133.8610 0.8988 105.6113
v -143.8756 3.1630 95.5027
v -144.9621 3.1287 96.8772
v -135.1503 0.9796 106.6091
v -135.1503 0.9796 106.6091
v -144.9621 3.1287 96.8772
v -146.0681 3.0884 98.3027
v -136.3907 1.0528 107.5855
v -136.3907 1.0528 107.5855
v -146.0681 3.0884 98.3027
v -147.1749 3.0403 99.7841
v -137.5781 1.1174 108.5534
v -137.5781 1.1174 108.5534
v -147.1749 3.0403 99.7841
v -148.3598 3.0138 101.0964
v -138.6442 1.1447 109.7339
v -138.6442 1.1447 109.7339
v -148.3598 3.0138 101.0964
v -149.5848 2.9765 102.5122
v -139.6178 1.1642 110.8583
v -139.6178 1.1642 110.8583
v -149.5848 2.9765 102.5122
v -150.8132 2.9254 104.0464
v -140.4852 1.1748 111.9415
v -140.4852 1.1748 111.9415
v -150.8132 2.9254 104.0464
v -151.9047 2.8682 105.4987
v -141.4166 1.1786 113.1799
v -141.4166 1.1786 113.1799
v -151.9047 2.8682 105.4987
v -153.0812 2.7912 107.1974
v -142.1600 1.1742 114.2491
v -142.1600 1.1742 114.2491
v -153.0812 2.7912 107.1974
v -154.2346 2.6872 109.1841
v -142.6836 1.1612 115.1486
v -142.6836 1.1612 115.1486
v -154.2346 2.6872 109.1841
v -155.1164 2.5838 110.9799
v -143.2993 1.1314 116.3980
v -143.2993 1.1314 116.3980
v -155.1164 2.5838 110.9799
v -156.0266 2.4396 113.2916
v -143.6438 1.1027 117.2497
v -143.6438 1.1027 117.2497
v -156.0266 2.4396 113.2916
v -156.6487 2.2347 116.2750
v -143.7035 1.0927 117.4676
v -143.7035 1.0927 117.4676
v -156.6487 2.2347 116.2750
v -156.6285 2.0206 119.1590
v -143.6922 1.0631 117.8737
v -143.6922 1.0631 117.8737
v -156.6285 2.0206 119.1590
v -156.1441 1.8106 121.8348
v -143.5723 1.0029 118.5258
v -143.5723 1.0029 118.5258
v -156.1441 1.8106 121.8348
v -155.2584 1.5962 124.3779
v -143.3716 0.9363 119.1144
v -143.3716 0.9363 119.1144
v -155.2584 1.5962 124.3779
v -153.8340 1.3608 126.8870
v -143.1638 0.8876 119.4609
v -143.1638 0.8876 119.4609
v -153.8340 1.3608 126.8870
v -152.3171 1.1568 128.8026
v -142.5665 0.7714 120.2047
v -142.5665 0.7714 120.2047
v -152.3171 1.1568 128.8026
v -150.9129 0.9783 130.3014
v -141.6557 0.6026 121.1743
v -141.6557 0.6026 121.1743
v -150.9129 0.9783 130.3014
v -149.2199 0.7688 131.8567
v -140.8892 0.4662 121.8768
v -140.8892 0.4662 121.8768
v -149.2199 0.7688 131.8567
v -147.5636 0.5697 133.1452
v -139.8852 0.2978 122.6550
v -139.8852 0.2978 122.6550
v -147.5636 0.5697 133.1452
v -146.0242 0.3821 134.2318
v -138.6757 0.0967 123.5080
v -138.6757 0.0967 123.5080
v -146.0242 0.3821 134.2318
v -144.3299 0.1712 135.3276
v -137.5555 -0.0891 124.2322
v -137.5555 -0.0891 124.2322
v -144.3299 0.1712 135.3276
v -142.6685 -0.0388 136.2968
v -136.3137 -0.2926 124.9559
v -136.3137 -0.2926 124.9559
v -142.6685 -0.0388 136.2968
v -141.0710 -0.2460 137.1678
v -134.9621 -0.5151 125.6925
v -134.9621 -0.5151 125.6925
v -141.0710 -0.2460 137.1678
v -139.3907 -0.4702 138.0273
v -133.6554 -0.7319 126.3608
v -133.6554 -0.7319 126.3608
v -139.3907 -0.4702 138.0273
v -137.7317 -0.6969 138.8165
v -132.2815 -0.9606 127.0142
v -132.2815 -0.9606 127.0142
v -137.7317 -0.6969 138.8165
v -136.1076 -0.9244 139.5500
v -130.8457 -1.2017 127.6626
v -130.8457 -1.2017 127.6626
v -136.1076 -0.9244 139.5500
v -134.6009 -1.1504 140.6647
v -129.2685 -1.4453 127.8723
v -129.2685 -1.4453 127.8723
v -134.6009 -1.1504 140.6647
v -133.0942 -1.3788 141.7407
v -127.6645 -1.6971 128.0603
v -127.6645 -1.6971 128.0603
v -133.0942 -1.3788 141.7407
v -131.5998 -1.6076 142.7839
v -126.0306 -1.9577 128.2356
v -126.0306 -1.9577 128.2356
v -131.5998 -1.6076 142.7839
v -130.0213 -1.8501 143.7129
v -124.4649 -2.2159 128.4815
v -124.4649 -2.2159 128.4815
v -130.0213 -1.8501 143.7129
v -128.4481 -2.0950 144.6122
v -122.8763 -2.4810 128.7116
v -122.8763 -2.4810 128.7116
v -128.4481 -2.0950 144.6122
v -126.8871 -2.3405 145.4866
v -121.2636 -2.7524 128.9317
v -121.2636 -2.7524 128.9317
v -126.8871 -2.3405 145.4866
v -125.2544 -2.5992 146.2297
v -119.7115 -3.0217 129.2491
v -119.7115 -3.0217 129.2491
v -125.2544 -2.5992 146.2297
v -123.6288 -2.8601 146.9498
v -118.1402 -3.2961 129.5543
v -118.1402 -3.2961 129.5543
v -123.6288 -2.8601 146.9498
v -122.0138 -3.1212 147.6504
v -116.5497 -3.5745 129.8510
v -116.5497 -3.5745 129.8510
v -122.0138 -3.1212 147.6504
v -120.3584 -3.3911 148.2796
v -114.9913 -3.8509 130.1917
v -114.9913 -3.8509 130.1917
v -120.3584 -3.3911 148.2796
v -118.7099 -3.6622 148.8907
v -113.4174 -4.1305 130.5224
v -113.4174 -4.1305 130.5224
v -118.7099 -3.6622 148.8907
v -117.0705 -3.9326 149.4862
v -111.8280 -4.4120 130.8457
v -111.8280 -4.4120 130.8457
v -117.0705 -3.9326 149.4862
v -115.4055 -4.2083 150.0392
v -110.2579 -4.6908 131.1892
v -110.2579 -4.6908 131.1892
v -115.4055 -4.2083 150.0392
v -113.7467 -4.4839 150.5776
v -108.6752 -4.9710 131.5244
v -108.6752 -4.9710 131.5244
v -113.7467 -4.4839 150.5776
v -112.0954 -4.7576 151.1035
v -107.0801 -5.2509 131.8532
v -107.0801 -5.2509 131.8532
v -112.0954 -4.7576 151.1035
v -110.4265 -5.0338 151.6017
v -105.4978 -5.5272 132.1912
v -105.4978 -5.5272 132.1912
v -110.4265 -5.0338 151.6017
v -108.7630 -5.3084 152.0880
v -103.9052 -5.8029 132.5222
v -103.9052 -5.8029 132.5222
v -108.7630 -5.3084 152.0880
v -107.1058 -5.5796 152.5642
v -102.3024 -6.0765 132.8476
v -102.3024 -6.0765 132.8476
v -107.1058 -5.5796 152.5642
v -105.4359 -5.8507 153.0223
v -100.7087 -6.3452 133.1756
v -100.7087 -6.3452 133.1756
v -105.4359 -5.8507 153.0223
v -103.7709 -6.1187 153.4707
v -99.1061 -6.6115 133.4976
v -99.1061 -6.6115 133.4976
v -103.7709 -6.1187 153.4707
v -102.1116 -6.3817 153.9108
v -97.4950 -6.8738 133.8150
v -97.4950 -6.8738 133.8150
v -102.1116 -6.3817 153.9108
v -100.4425 -6.6424 154.3397
v -95.8907 -7.1299 134.1306
v -95.8907 -7.1299 134.1306
v -100.4425 -6.6424 154.3397
v -98.7782 -6.8983 154.7605
v -94.2786 -7.3820 134.4413
v -94.2786 -7.3820 134.4413
v -98.7782 -6.8983 154.7605
v -97.1191 -7.1477 155.1745
v -92.6589 -7.6283 134.7482
v -92.6589 -7.6283 134.7482
v -97.1191 -7.1477 155.1745
v -95.4526 -7.3926 155.5841
v -91.0444 -7.8670 135.0489
v -91.0444 -7.8670 135.0489
v -95.4526 -7.3926 155.5841
v -93.7910 -7.6310 155.9869
v -89.4226 -8.1000 135.3458
v -89.4226 -8.1000 135.3458
v -93.7910 -7.6310 155.9869
v -92.1348 -7.8615 156.3841
v -87.7937 -8.3258 135.6398
v -87.7937 -8.3258 135.6398
v -92.1348 -7.8615 156.3841
v -90.4626 -8.0880 156.7352
v -86.1791 -8.5429 135.9715
v -86.1791 -8.5429 135.9715
v -90.4626 -8.0880 156.7352
v -88.7963 -8.3064 157.0807
v -84.5568 -8.7529 136.3005
v -84.5568 -8.7529 136.3005
v -88.7963 -8.3064 157.0807
v -87.1361 -8.5154 157.4217
v -82.9271 -8.9543 136.6279
v -82.9271 -8.9543 136.6279
v -87.1361 -8.5154 157.4217
v -85.4558 -8.7198 157.6978
v -81.3163 -9.1460 137.0141
v -81.3163 -9.1460 137.0141
v -85.4558 -8.7198 157.6978
v -83.7833 -8.9146 157.9691
v -79.6965 -9.3293 137.3991
v -79.6965 -9.3293 137.3991
v -83.7833 -8.9146 157.9691
v -82.1187 -9.0986 158.2372
v -78.0682 -9.5029 137.7840
v -78.0682 -9.5029 137.7840
v -82.1187 -9.0986 158.2372
v -80.4431 -9.2741 158.4953
v -76.4502 -9.6652 138.1754
v -76.4502 -9.6652 138.1754
v -80.4431 -9.2741 158.4953
v -78.7787 -9.4385 158.7496
v -74.8203 -9.8181 138.5675
v -74.8203 -9.8181 138.5675
v -78.7787 -9.4385 158.7496
v -77.1282 -9.5908 159.0016
v -73.1767 -9.9606 138.9627
v -73.1767 -9.9606 138.9627
v -77.1282 -9.5908 159.0016
v -75.4907 -9.7312 159.2480
v -71.5216 -10.0925 139.3708
v -71.5216 -10.0925 139.3708
v -75.4907 -9.7312 159.2480
v -73.8091 -9.8642 159.5037
v -69.9106 -10.2096 139.7705
v -69.9106 -10.2096 139.7705
v -73.8091 -9.8642 159.5037
v -72.0866 -9.9881 159.7598
v -68.3379 -10.3123 140.1555
v -68.3379 -10.3123 140.1555
v -72.0866 -9.9881 159.7598
v -70.4111 -10.0967 159.9982
v -66.7159 -10.4062 140.5468
v -66.7159 -10.4062 140.5468
v -70.4111 -10.0967 159.9982
v -68.6685 -10.1969 160.2416
v -65.1582 -10.4849 140.9188
v -65.1582 -10.4849 140.9188
v -68.6685 -10.1969 160.2416
v -66.8566 -10.2872 160.4762
v -63.6634 -10.5494 141.2609
v -63.6634 -10.5494 141.2609
v -66.8566 -10.2872 160.4762
v -65.0738 -10.3622 160.6811
v -62.1315 -10.6039 141.5864
v -62.1315 -10.6039 141.5864
v -65.0738 -10.3622 160.6811
v -63.2875 -10.4237 160.8652
v -60.5966 -10.6472 141.8938
v -60.5966 -10.6472 141.8938
v -63.2875 -10.4237 160.8652
v -61.4952 -10.4711 161.0279
v -59.0624 -10.6789 142.1818
v -59.0624 -10.6789 142.1818
v -61.4952 -10.4711 161.0279
v -59.7049 -10.5041 161.1699
v -57.5209 -10.6990 142.4493
v -57.5209 -10.6990 142.4493
v -59.7049 -10.5041 161.1699
v -57.9127 -10.5229 161.2898
v -55.9760 -10.7075 142.6978
v -55.9760 -10.7075 142.6978
v -57.9127 -10.5229 161.2898
v -56.1189 -10.5274 161.3876
v -54.4289 -10.7044 142.9270
v -54.4289 -10.7044 142.9270
v -56.1189 -10.5274 161.3876
v -54.3280 -10.5157 161.5133
v -52.8751 -10.6887 143.0862
v -52.8751 -10.6887 143.0862
v -54.3280 -10.5157 161.5133
v -52.5394 -10.4897 161.6164
v -51.3152 -10.6613 143.2264
v -51.3152 -10.6613 143.2264
v -52.5394 -10.4897 161.6164
v -50.7532 -10.4496 161.6979
v -49.7506 -10.6222 143.3480
v -49.7506 -10.6222 143.3480
v -50.7532 -10.4496 161.6979
v -48.9645 -10.3927 161.8314
v -48.1864 -10.5704 143.3765
v -48.1864 -10.5704 143.3765
v -48.9645 -10.3927 161.8314
v -47.1818 -10.3220 161.9432
v -46.6139 -10.5068 143.3865
v -46.6139 -10.5068 143.3865
v -47.1818 -10.3220 161.9432
v -45.4056 -10.2379 162.0350
v -45.0343 -10.4315 143.3794
v -45.0343 -10.4315 143.3794
v -45.4056 -10.2379 162.0350
v -43.6188 -10.1390 162.1270
v -43.4646 -10.3450 143.3343
v -43.4646 -10.3450 143.3343
v -43.6188 -10.1390 162.1270
v -41.8430 -10.0271 162.1991
v -41.8831 -10.2465 143.2719
v -41.8831 -10.2465 143.2719
v -41.8430 -10.0271 162.1991
v -40.0785 -9.9034 162.2543
v -40.2907 -10.1364 143.1943
v -40.2907 -10.1364 143.1943
v -40.0785 -9.9034 162.2543
v -38.2997 -9.7652 162.3075
v -38.7130 -10.0162 143.0861
v -38.7130 -10.0162 143.0861
v -38.2997 -9.7652 162.3075
v -36.5359 -9.6157 162.3440
v -37.1208 -9.8839 142.9623
v -37.1208 -9.8839 142.9623
v -36.5359 -9.6157 162.3440
v -34.7875 -9.4559 162.3674
v -35.5141 -9.7401 142.8256
v -35.5141 -9.7401 142.8256
v -34.7875 -9.4559 162.3674
v -33.0225 -9.2827 162.3855
v -33.9250 -9.5874 142.6681
v -33.9250 -9.5874 142.6681
v -33.0225 -9.2827 162.3855
v -31.2747 -9.0998 162.3908
v -32.3197 -9.4228 142.4974
v -32.3197 -9.4228 142.4974
v -31.2747 -9.0998 162.3908
v -29.5446 -8.9086 162.3870
v -30.6978 -9.2470 142.3166
v -30.6978 -9.2470 142.3166
v -29.5446 -8.9086 162.3870
v -27.7975 -8.7053 162.3745
v -29.0941 -9.0636 142.1252
v -29.0941 -9.0636 142.1252
v -27.7975 -8.7053 162.3745
v -26.0682 -8.4941 162.3533
v -27.4737 -8.8687 141.9234
v -27.4737 -8.8687 141.9234
v -26.0682 -8.4941 162.3533
v -24.3572 -8.2765 162.3268
v -25.8360 -8.6633 141.7143
v -25.8360 -8.6633 141.7143
v -24.3572 -8.2765 162.3268
v -22.6302 -8.0484 162.2887
v -24.2151 -8.4515 141.5043
v -24.2151 -8.4515 141.5043
v -22.6302 -8.0484 162.2887
v -20.9201 -7.8142 162.2455
v -22.5783 -8.2292 141.2870
v -22.5783 -8.2292 141.2870
v -20.9201 -7.8142 162.2455
v -19.2273 -7.5754 162.2003
v -20.9246 -7.9973 141.0651
v -20.9246 -7.9973 141.0651
v -19.2273 -7.5754 162.2003
v -17.5186 -7.3268 162.1669
v -19.2875 -7.7602 140.8253
v -19.2875 -7.7602 140.8253
v -17.5186 -7.3268 162.1669
v -15.8246 -7.0736 162.1314
v -17.6361 -7.5138 140.5812
v -17.6361 -7.5138 140.5812
v -15.8246 -7.0736 162.1314
v -14.1458 -6.8175 162.0965
v -15.9695 -7.2593 140.3350
v -15.9695 -7.2593 140.3350
v -14.1458 -6.8175 162.0965
v -12.4673 -6.5617 161.9096
v -14.3029 -7.0023 140.2399
v -14.3029 -7.0023 140.2399
v -12.4673 -6.5617 161.9096
v -10.8010 -6.3027 161.7231
v -12.6240 -6.7376 140.1431
v -12.6240 -6.7376 140.1431
v -10.8010 -6.3027 161.7231
v -9.1470 -6.0422 161.5390
v -10.9327 -6.4669 140.0466
v -10.9327 -6.4669 140.0466
v -9.1470 -6.0422 161.5390
v -7.4845 -5.7775 161.3374
v -9.2496 -6.1939 139.9709
v -9.2496 -6.1939 139.9709
v -7.4845 -5.7775 161.3374
v -5.8310 -5.5108 161.1380
v -7.5573 -5.9154 139.8959
v -7.5573 -5.9154 139.8959
v -5.8310 -5.5108 161.1380
v -4.1850 -5.2437 160.9422
v -5.8571 -5.6334 139.8233
v -5.8571 -5.6334 139.8233
v -4.1850 -5.2437 160.9422
v -2.5153 -4.9701 160.7754
v -4.1801 -5.3525 139.7246
v -4.1801 -5.3525 139.7246
v -2.5153 -4.9701 160.7754
v -0.8839 -4.7011 160.6145
v -2.4644 -5.0628 139.6259
v -2.4644 -5.0628 139.6259
v -0.8839 -4.7011 160.6145
v 0.7100 -4.4383 160.4658
v -0.7100 -4.7665 139.5342
vt 0.0000 1.0000
vt 1.0000 1.0000
vt 1.0000 0.6667
vt 0.0000 0.6667
vt 0.0000 0.6667
vt 1.0000 0.6667
vt 1.0000 0.3333
vt 0.0000 0.3333
vt 0.0000 0.3333
vt 1.0000 0.3333
vt 1.0000 0.0000
vt 0.0000 0.0000
vt 0.0000 0.0000
vt 1.0000 0.0000
vt 1.0000 -0.3333
vt 0.0000 -0.3333
vt 0.0000 -0.3333
vt 1.0000 -0.3333
vt 1.0000 -0.6667
vt 0.0000 -0.6667
vt 0.0000 -0.6667
vt 1.0000 -0.6667
vt 1.0000 -1.0000
vt 0.0000 -1.0000
vt 0.0000 -1.0000
vt 1.0000 -1.0000
vt 1.0000 -1.3333
vt 0.0000 -1.3333
vt 0.0000 -1.3333
vt 1.0000 -1.3333
vt 1.0000 -1.6667
vt 0.0000 -1.6667
vt 0.0000 -1.6667
vt 1.0000 -1.6667
vt 1.0000 -2.0000
vt 0.0000 -2.0000
vt 0.0000 -2.0000
vt 1.0000 -2.0000
vt 1.0000 -2.3333
vt 0.0000 -2.3333
vt 0.0000 -2.3333
vt 1.0000 -2.3333
vt 1.0000 -2.6667
vt 0.0000 -2.6667
vt 0.0000 -2.6667
vt 1.0000 -2.6667
vt 1.0000 -3.0000
vt 0.0000 -3.0000
vt 0.0000 -3.0000
vt 1.0000 -3.0000
vt 1.0000 -3.3333
vt 0.0000 -3.3333
vt 0.0000 -3.3333
vt 1.0000 -3.3333
vt 1.0000 -3.6667
vt 0.0000 -3.6667
vt 0.0000 -3.6667
vt 1.0000 -3.6667
vt 1.0000 -4.0000
vt 0.0000 -4.0000
vt 0.0000 -4.0000
vt 1.0000 -4.0000
vt 1.0000 -4.3333
vt 0.0000 -4.3333
vt 0.0000 -4.3333
vt 1.0000 -4.3333
vt 1.0000 -4.6667
vt 0.0000 -4.6667
vt 0.0000 -4.6667
vt 1.0000 -4.6667
vt 1.0000 -5.0000
vt 0.0000 -5.0000
vt 0.0000 -5.0000
vt 1.0000 -5.0000
vt 1.0000 -5.3333
vt 0.0000 -5.3333
vt 0.0000 -5.3333
vt 1.0000 -5.3333
vt 1.0000 -5.6667
vt 0.0000 -5.6667
vt 0.0000 -5.6667
vt 1.0000 -5.6667
vt 1.0000 -6.0000
vt 0.0000 -6.0000
vt 0.0000 -6.0000
vt 1.0000 -6.0000
vt 1.0000 -6.3333
vt 0.0000 -6.3333
vt 0.0000 -6.3333
vt 1.0000 -6.3333
vt 1.0000 -6.6667
vt 0.0000 -6.6667
vt 0.0000 -6.6667
vt 1.0000 -6.6667
vt 1.0000 -7.0000
vt 0.0000 -7.0000
vt 0.0000 -7.0000
vt 1.0000 -7.0000
vt 1.0000 -7.3333
vt 0.0000 -7.3333
vt 0.0000 -7.3333
vt 1.0000 -7.3333
vt 1.0000 -7.6667
vt 0.0000 -7.6667
vt 0.0000 -7.6667
vt 1.0000 -7.6667
vt 1.0000 -8.0000
vt 0.0000 -8.0000
vt 0.0000 -8.0000
vt 1.0000 -8.0000
vt 1.0000 -8.3333
vt 0.0000 -8.3333
vt 0.0000 -8.3333
vt 1.0000 -8.3333
vt 1.0000 -8.6667
vt 0.0000 -8.6667
vt 0.0000 -8.6667
vt 1.0000 -8.6667
vt 1.0000 -9.0000
vt 0.0000 -9.0000
vt 0.0000 -9.0000
vt 1.0000 -9.0000
vt 1.0000 -9.3333
vt 0.0000 -9.3333
vt 0.0000 -9.3333
vt 1.0000 -9.3333
vt 1.0000 -9.6667
vt 0.0000 -9.6667
vt 0.0000 -9.6667
vt 1.0000 -9.6667
vt 1.0000 -10.0000
vt 0.0000 -10.0000
vt 0.0000 -10.0000
vt 1.0000 -10.0000
vt 1.0000 -10.3333
vt 0.0000 -10.3333
vt 0.0000 -10.3333
vt 1.0000 -10.3333
vt 1.0000 -10.6667
vt 0.0000 -10.6667
vt 0.0000 -10.6667
vt 1.0000 -10.6667
vt 1.0000 -11.0000
vt 0.0000 -11.0000
vt 0.0000 -11.0000
vt 1.0000 -11.0000
vt 1.0000 -11.3333
vt 0.0000 -11.3333
vt 0.0000 -11.3333
vt 1.0000 -11.3333
vt 1.0000 -11.6667
vt 0.0000 -11.6667
vt 0.0000 -11.6667
vt 1.0000 -11.6667
vt 1.0000 -12.0000
vt 0.0000 -12.0000
vt 0.0000 -12.0000
vt 1.0000 -12.0000
vt 1.0000 -12.3333
vt 0.0000 -12.3333
vt 0.0000 -12.3333
vt 1.0000 -12.3333
vt 1.0000 -12.6667
vt 0.0000 -12.6667
vt 0.0000 -12.6667
vt 1.0000 -12.6667
vt 1.0000 -13.0000
vt 0.0000 -13.0000
vt 0.0000 -13.0000
vt 1.0000 -13.0000
vt 1.0000 -13.3333
vt 0.0000 -13.3333
vt 0.0000 -13.3333
vt 1.0000 -13.3333
vt 1.0000 -13.6667
vt 0.0000 -13.6667
vt 0.0000 -13.6667
vt 1.0000 -13.6667
vt 1.0000 -14.0000
vt 0.0000 -14.0000
vt 0.0000 -14.0000
vt 1.0000 -14.0000
vt 1.0000 -14.3333
vt 0.0000 -14.3333
vt 0.0000 -14.3333
vt 1.0000 -14.3333
vt 1.0000 -14.6667
vt 0.0000 -14.6667
vt 0.0000 -14.6667
vt 1.0000 -14.6667
vt 1.0000 -15.0000
vt 0.0000 -15.0000
vt 0.0000 -15.0000
vt 1.0000 -15.0000
vt 1.0000 -15.3333
vt 0.0000 -15.3333
vt 0.0000 -15.3333
vt 1.0000 -15.3333
vt 1.0000 -15.6667
vt 0.0000 -15.6667
vt 0.0000 -15.6667
vt 1.0000 -15.6667
vt 1.0000 -16.0000
vt 0.0000 -16.0000
vt 0.0000 -16.0000
vt 1.0000 -16.0000
vt 1.0000 -16.3333
vt 0.0000 -16.3333
vt 0.0000 -16.3333
vt 1.0000 -16.3333
vt 1.0000 -16.6667
vt 0.0000 -16.6667
vt 0.0000 -16.6667
vt 1.0000 -16.6667
vt 1.0000 -17.0000
vt 0.0000 -17.0000
vt 0.0000 -17.0000
vt 1.0000 -17.0000
vt 1.0000 -17.3333
vt 0.0000 -17.3333
vt 0.0000 -17.3333
vt 1.0000 -17.3333
vt 1.0000 -17.6667
vt 0.0000 -17.6667
vt 0.0000 -17.6667
vt 1.0000 -17.6667
vt 1.0000 -18.0000
vt 0.0000 -18.0000
vt 0.0000 -18.0000
vt 1.0000 -18.0000
vt 1.0000 -18.3333
vt 0.0000 -18.3333
vt 0.0000 -18.3333
vt 1.0000 -18.3333
vt 1.0000 -18.6667
vt 0.0000 -18.6667
vt 0.0000 -18.6667
vt 1.0000 -18.6667
vt 1.0000 -19.0000
vt 0.0000 -19.0000
vt 0.0000 -19.0000
vt 1.0000 -19.0000
vt 1.0000 -19.3333
vt 0.0000 -19.3333
vt 0.0000 -19.3333
vt 1.0000 -19.3333
vt 1.0000 -19.6667
vt 0.0000 -19.6667
vt 0.0000 -19.6667
vt 1.0000 -19.6667
vt 1.0000 -20.0000
vt 0.0000 -20.0000
vt 0.0000 -20.0000
vt 1.0000 -20.0000
vt 1.0000 -20.3333
vt 0.0000 -20.3333
vt 0.0000 -20.3333
vt 1.0000 -20.3333
vt 1.0000 -20.6667
vt 0.0000 -20.6667
vt 0.0000 -20.6667
vt 1.0000 -20.6667
vt 1.0000 -21.0000
vt 0.0000 -21.0000
vt 0.0000 -21.0000
vt 1.0000 -21.0000
vt 1.0000 -21.3333
vt 0.0000 -21.3333
vt 0.0000 -21.3333
vt 1.0000 -21.3333
vt 1.0000 -21.6667
vt 0.0000 -21.6667
vt 0.0000 -21.6667
vt 1.0000 -21.6667
vt 1.0000 -22.0000
vt 0.0000 -22.0000
vt 0.0000 -22.0000
vt 1.0000 -22.0000
vt 1.0000 -22.3333
vt 0.0000 -22.3333
vt 0.0000 -22.3333
vt 1.0000 -22.3333
vt 1.0000 -22.6667
vt 0.0000 -22.6667
vt 0.0000 -22.6667
vt 1.0000 -22.6667
vt 1.0000 -23.0000
vt 0.0000 -23.0000
vt 0.0000 -23.0000
vt 1.0000 -23.0000
vt 1.0000 -23.3333
vt 0.0000 -23.3333
vt 0.0000 -23.3333
vt 1.0000 -23.3333
vt 1.0000 -23.6667
vt 0.0000 -23.6667
vt 0.0000 -23.6667
vt 1.0000 -23.6667
vt 1.0000 -24.0000
vt 0.0000 -24.0000
vt 0.0000 -24.0000
vt 1.0000 -24.0000
vt 1.0000 -24.3333
vt 0.0000 -24.3333
vt 0.0000 -24.3333
vt 1.0000 -24.3333
vt 1.0000 -24.6667
vt 0.0000 -24.6667
vt 0.0000 -24.6667
vt 1.0000 -24.6667
vt 1.0000 -25.0000
vt 0.0000 -25.0000
vt 0.0000 -25.0000
vt 1.0000 -25.0000
vt 1.0000 -25.3333
vt 0.0000 -25.3333
vt 0.0000 -25.3333
vt 1.0000 -25.3333
vt 1.0000 -25.6667
vt 0.0000 -25.6667
vt 0.0000 -25.6667
vt 1.0000 -25.6667
vt 1.0000 -26.0000
vt 0.0000 -26.0000
vt 0.0000 -26.0000
vt 1.0000 -26.0000
vt 1.0000 -26.3333
vt 0.0000 -26.3333
vt 0.0000 -26.3333
vt 1.0000 -26.3333
vt 1.0000 -26.6667
vt 0.0000 -26.6667
vt 0.0000 -26.6667
vt 1.0000 -26.6667
vt 1.0000 -27.0000
vt 0.0000 -27.0000
vt 0.0000 -27.0000
vt 1.0000 -27.0000
vt 1.0000 -27.3333
vt 0.0000 -27.3333
vt 0.0000 -27.3333
vt 1.0000 -27.3333
vt 1.0000 -27.6667
vt 0.0000 -27.6667
vt 0.0000 -27.6667
vt 1.0000 -27.6667
vt 1.0000 -28.0000
vt 0.0000 -28.0000
vt 0.0000 -28.0000
vt 1.0000 -28.0000
vt 1.0000 -28.3333
vt 0.0000 -28.3333
vt 0.0000 -28.3333
vt 1.0000 -28.3333
vt 1.0000 -28.6667
vt 0.0000 -28.6667
vt 0.0000 -28.6667
vt 1.0000 -28.6667
vt 1.0000 -29.0000
vt 0.0000 -29.0000
vt 0.0000 -29.0000
vt 1.0000 -29.0000
vt 1.0000 -29.3333
vt 0.0000 -29.3333
vt 0.0000 -29.3333
vt 1.0000 -29.3333
vt 1.0000 -29.6667
vt 0.0000 -29.6667
vt 0.0000 -29.6667
vt 1.0000 -29.6667
vt 1.0000 -30.0000
vt 0.0000 -30.0000
vt 0.0000 -30.0000
vt 1.0000 -30.0000
vt 1.0000 -30.3333
vt 0.0000 -30.3333
vt 0.0000 -30.3333
vt 1.0000 -30.3333
vt 1.0000 -30.6667
vt 0.0000 -30.6667
vt 0.0000 -30.6667
vt 1.0000 -30.6667
vt 1.0000 -31.0000
vt 0.0000 -31.0000
vt 0.0000 -31.0000
vt 1.0000 -31.0000
vt 1.0000 -31.3333
vt 0.0000 -31.3333
vt 0.0000 -31.3333
vt 1.0000 -31.3333
vt 1.0000 -31.6667
vt 0.0000 -31.6667
vt 0.0000 -31.6667
vt 1.0000 -31.6667
vt 1.0000 -32.0000
vt 0.0000 -32.0000
vt 0.0000 -32.0000
vt 1.0000 -32.0000
vt 1.0000 -32.3333
vt 0.0000 -32.3333
vt 0.0000 -32.3333
vt 1.0000 -32.3333
vt 1.0000 -32.6667
vt 0.0000 -32.6667
vt 0.0000 -32.6667
vt 1.0000 -32.6667
vt 1.0000 -33.0000
vt 0.0000 -33.0000
vt 0.0000 -33.0000
vt 1.0000 -33.0000
vt 1.0000 -33.3333
vt 0.0000 -33.3333
vt 0.0000 -33.3333
vt 1.0000 -33.3333
vt 1.0000 -33.6667
vt 0.0000 -33.6667
vt 0.0000 -33.6667
vt 1.0000 -33.6667
vt 1.0000 -34.0000
vt 0.0000 -34.0000
vt 0.0000 -34.0000
vt 1.0000 -34.0000
vt 1.0000 -34.3333
vt 0.0000 -34.3333
vt 0.0000 -34.3333
vt 1.0000 -34.3333
vt 1.0000 -34.6667
vt 0.0000 -34.6667
vt 0.0000 -34.6667
vt 1.0000 -34.6667
vt 1.0000 -35.0000
vt 0.0000 -35.0000
vt 0.0000 -35.0000
vt 1.0000 -35.0000
vt 1.0000 -35.3333
vt 0.0000 -35.3333
vt 0.0000 -35.3333
vt 1.0000 -35.3333
vt 1.0000 -35.6667
vt 0.0000 -35.6667
vt 0.0000 -35.6667
vt 1.0000 -35.6667
vt 1.0000 -36.0000
vt 0.0000 -36.0000
vt 0.0000 -36.0000
vt 1.0000 -36.0000
vt 1.0000 -36.3333
vt 0.0000 -36.3333
vt 0.0000 -36.3333
vt 1.0000 -36.3333
vt 1.0000 -36.6667
vt 0.0000 -36.6667
vt 0.0000 -36.6667
vt 1.0000 -36.6667
vt 1.0000 -37.0000
vt 0.0000 -37.0000
vt 0.0000 -37.0000
vt 1.0000 -37.0000
vt 1.0000 -37.3333
vt 0.0000 -37.3333
vt 0.0000 -37.3333
vt 1.0000 -37.3333
vt 1.0000 -37.6667
vt 0.0000 -37.6667
vt 0.0000 -37.6667
vt 1.0000 -37.6667
vt 1.0000 -38.0000
vt 0.0000 -38.0000
vt 0.0000 -38.0000
vt 1.0000 -38.0000
vt 1.0000 -38.3333
vt 0.0000 -38.3333
vt 0.0000 -38.3333
vt 1.0000 -38.3333
vt 1.0000 -38.6667
vt 0.0000 -38.6667
vt 0.0000 -38.6667
vt 1.0000 -38.6667
vt 1.0000 -39.0000
vt 0.0000 -39.0000
vt 0.0000 -39.0000
vt 1.0000 -39.0000
vt 1.0000 -39.3333
vt 0.0000 -39.3333
vt 0.0000 -39.3333
vt 1.0000 -39.3333
vt 1.0000 -39.6667
vt 0.0000 -39.6667
vt 0.0000 -39.6667
vt 1.0000 -39.6667
vt 1.0000 -40.0000
vt 0.0000 -40.0000
vt 0.0000 -40.0000
vt 1.0000 -40.0000
vt 1.0000 -40.3333
vt 0.0000 -40.3333
vt 0.0000 -40.3333
vt 1.0000 -40.3333
vt 1.0000 -40.6667
vt 0.0000 -40.6667
vt 0.0000 -40.6667
vt 1.0000 -40.6667
vt 1.0000 -41.0000
vt 0.0000 -41.0000
vt 0.0000 -41.0000
vt 1.0000 -41.0000
vt 1.0000 -41.3333
vt 0.0000 -41.3333
vt 0.0000 -41.3333
vt 1.0000 -41.3333
vt 1.0000 -41.6667
vt 0.0000 -41.6667
vt 0.0000 -41.6667
vt 1.0000 -41.6667
vt 1.0000 -42.0000
vt 0.0000 -42.0000
vt 0.0000 -42.0000
vt 1.0000 -42.0000
vt 1.0000 -42.3333
vt 0.0000 -42.3333
vt 0.0000 -42.3333
vt 1.0000 -42.3333
vt 1.0000 -42.6667
vt 0.0000 -42.6667
vt 0.0000 -42.6667
vt 1.0000 -42.6667
vt 1.0000 -43.0000
vt 0.0000 -43.0000
vt 0.0000 -43.0000
vt 1.0000 -43.0000
vt 1.0000 -43.3333
vt 0.0000 -43.3333
vt 0.0000 -43.3333
vt 1.0000 -43.3333
vt 1.0000 -43.6667
vt 0.0000 -43.6667
vt 0.0000 -43.6667
vt 1.0000 -43.6667
vt 1.0000 -44.0000
vt 0.0000 -44.0000
vt 0.0000 -44.0000
vt 1.0000 -44.0000
vt 1.0000 -44.3333
vt 0.0000 -44.3333
vt 0.0000 -44.3333
vt 1.0000 -44.3333
vt 1.0000 -44.6667
vt 0.0000 -44.6667
vt 0.0000 -44.6667
vt 1.0000 -44.6667
vt 1.0000 -45.0000
vt 0.0000 -45.0000
vt 0.0000 -45.0000
vt 1.0000 -45.0000
vt 1.0000 -45.3333
vt 0.0000 -45.3333
vt 0.0000 -45.3333
vt 1.0000 -45.3333
vt 1.0000 -45.6667
vt 0.0000 -45.6667
vt 0.0000 -45.6667
vt 1.0000 -45.6667
vt 1.0000 -46.0000
vt 0.0000 -46.0000
vt 0.0000 -46.0000
vt 1.0000 -46.0000
vt 1.0000 -46.3333
vt 0.0000 -46.3333
vt 0.0000 -46.3333
vt 1.0000 -46.3333
vt 1.0000 -46.6667
vt 0.0000 -46.6667
vt 0.0000 -46.6667
vt 1.0000 -46.6667
vt 1.0000 -47.0000
vt 0.0000 -47.0000
vt 0.0000 -47.0000
vt 1.0000 -47.0000
vt 1.0000 -47.3333
vt 0.0000 -47.3333
vt 0.0000 -47.3333
vt 1.0000 -47.3333
vt 1.0000 -47.6667
vt 0.0000 -47.6667
vt 0.0000 -47.6667
vt 1.0000 -47.6667
vt 1.0000 -48.0000
vt 0.0000 -48.0000
vt 0.0000 -48.0000
vt 1.0000 -48.0000
vt 1.0000 -48.3333
vt 0.0000 -48.3333
vt 0.0000 -48.3333
vt 1.0000 -48.3333
vt 1.0000 -48.6667
vt 0.0000 -48.6667
vt 0.0000 -48.6667
vt 1.0000 -48.6667
vt 1.0000 -49.0000
vt 0.0000 -49.0000
vt 0.0000 -49.0000
vt 1.0000 -49.0000
vt 1.0000 -49.3333
vt 0.0000 -49.3333
vt 0.0000 -49.3333
vt 1.0000 -49.3333
vt 1.0000 -49.6667
vt 0.0000 -49.6667
vt 0.0000 -49.6667
vt 1.0000 -49.6667
vt 1.0000 -50.0000
vt 0.0000 -50.0000
vt 0.0000 -50.0000
vt 1.0000 -50.0000
vt 1.0000 -50.3333
vt 0.0000 -50.3333
vt 0.0000 -50.3333
vt 1.0000 -50.3333
vt 1.0000 -50.6667
vt 0.0000 -50.6667
vt 0.0000 -50.6667
vt 1.0000 -50.6667
vt 1.0000 -51.0000
vt 0.0000 -51.0000
vt 0.0000 -51.0000
vt 1.0000 -51.0000
vt 1.0000 -51.3333
vt 0.0000 -51.3333
vt 0.0000 -51.3333
vt 1.0000 -51.3333
vt 1.0000 -51.6667
vt 0.0000 -51.6667
vt 0.0000 -51.6667
vt 1.0000 -51.6667
vt 1.0000 -52.0000
vt 0.0000 -52.0000
vt 0.0000 -52.0000
vt 1.0000 -52.0000
vt 1.0000 -52.3333
vt 0.0000 -52.3333
vt 0.0000 -52.3333
vt 1.0000 -52.3333
vt 1.0000 -52.6667
vt 0.0000 -52.6667
vt 0.0000 -52.6667
vt 1.0000 -52.6667
vt 1.0000 -53.0000
vt 0.0000 -53.0000
vt 0.0000 -53.0000
vt 1.0000 -53.0000
vt 1.0000 -53.3333
vt 0.0000 -53.3333
vt 0.0000 -53.3333
vt 1.0000 -53.3333
vt 1.0000 -53.6667
vt 0.0000 -53.6667
vt 0.0000 -53.6667
vt 1.0000 -53.6667
vt 1.0000 -54.0000
vt 0.0000 -54.0000
vt 0.0000 -54.0000
vt 1.0000 -54.0000
vt 1.0000 -54.3333
vt 0.0000 -54.3333
vt 0.0000 -54.3333
vt 1.0000 -54.3333
vt 1.0000 -54.6667
vt 0.0000 -54.6667
vt 0.0000 -54.6667
vt 1.0000 -54.6667
vt 1.0000 -55.0000
vt 0.0000 -55.0000
vt 0.0000 -55.0000
vt 1.0000 -55.0000
vt 1.0000 -55.3333
vt 0.0000 -55.3333
vt 0.0000 -55.3333
vt 1.0000 -55.3333
vt 1.0000 -55.6667
vt 0.0000 -55.6667
vt 0.0000 -55.6667
vt 1.0000 -55.6667
vt 1.0000 -56.0000
vt 0.0000 -56.0000
vt 0.0000 -56.0000
vt 1.0000 -56.0000
vt 1.0000 -56.3333
vt 0.0000 -56.3333
vt 0.0000 -56.3333
vt 1.0000 -56.3333
vt 1.0000 -56.6667
vt 0.0000 -56.6667
vt 0.0000 -56.6667
vt 1.0000 -56.6667
vt 1.0000 -57.0000
vt 0.0000 -57.0000
vt 0.0000 -57.0000
vt 1.0000 -57.0000
vt 1.0000 -57.3333
vt 0.0000 -57.3333
vt 0.0000 -57.3333
vt 1.0000 -57.3333
vt 1.0000 -57.6667
vt 0.0000 -57.6667
vt 0.0000 -57.6667
vt 1.0000 -57.6667
vt 1.0000 -58.0000
vt 0.0000 -58.0000
vt 0.0000 -58.0000
vt 1.0000 -58.0000
vt 1.0000 -58.3333
vt 0.0000 -58.3333
vt 0.0000 -58.3333
vt 1.0000 -58.3333
vt 1.0000 -58.6667
vt 0.0000 -58.6667
vt 0.0000 -58.6667
vt 1.0000 -58.6667
vt 1.0000 -59.0000
vt 0.0000 -59.0000
vt 0.0000 -59.0000
vt 1.0000 -59.0000
vt 1.0000 -59.3333
vt 0.0000 -59.3333
vt 0.0000 -59.3333
vt 1.0000 -59.3333
vt 1.0000 -59.6667
vt 0.0000 -59.6667
vt 0.0000 -59.6667
vt 1.0000 -59.6667
vt 1.0000 -60.0000
vt 0.0000 -60.0000
vt 0.0000 -60.0000
vt 1.0000 -60.0000
vt 1.0000 -60.3333
vt 0.0000 -60.3333
vt 0.0000 -60.3333
vt 1.0000 -60.3333
vt 1.0000 -60.6667
vt 0.0000 -60.6667
vt 0.0000 -60.6667
vt 1.0000 -60.6667
vt 1.0000 -61.0000
vt 0.0000 -61.0000
vt 0.0000 -61.0000
vt 1.0000 -61.0000
vt 1.0000 -61.3333
vt 0.0000 -61.3333
vt 0.0000 -61.3333
vt 1.0000 -61.3333
vt 1.0000 -61.6667
vt 0.0000 -61.6667
vt 0.0000 -61.6667
vt 1.0000 -61.6667
vt 1.0000 -62.0000
vt 0.0000 -62.0000
vt 0.0000 -62.0000
vt 1.0000 -62.0000
vt 1.0000 -62.3333
vt 0.0000 -62.3333
vt 0.0000 -62.3333
vt 1.0000 -62.3333
vt 1.0000 -62.6667
vt 0.0000 -62.6667
vt 0.0000 -62.6667
vt 1.0000 -62.6667
vt 1.0000 -63.0000
vt 0.0000 -63.0000
vt 0.0000 -63.0000
vt 1.0000 -63.0000
vt 1.0000 -63.3333
vt 0.0000 -63.3333
vt 0.0000 -63.3333
vt 1.0000 -63.3333
vt 1.0000 -63.6667
vt 0.0000 -63.6667
vt 0.0000 -63.6667
vt 1.0000 -63.6667
vt 1.0000 -64.0000
vt 0.0000 -64.0000
vt 0.0000 -64.0000
vt 1.0000 -64.0000
vt 1.0000 -64.3333
vt 0.0000 -64.3333
vt 0.0000 -64.3333
vt 1.0000 -64.3333
vt 1.0000 -64.6667
vt 0.0000 -64.6667
vt 0.0000 -64.6667
vt 1.0000 -64.6667
vt 1.0000 -65.0000
vt 0.0000 -65.0000
vt 0.0000 -65.0000
vt 1.0000 -65.0000
vt 1.0000 -65.3333
vt 0.0000 -65.3333
vt 0.0000 -65.3333
vt 1.0000 -65.3333
vt 1.0000 -65.6667
vt 0.0000 -65.6667
vt 0.0000 -65.6667
vt 1.0000 -65.6667
vt 1.0000 -66.0000
vt 0.0000 -66.0000
vt 0.0000 -66.0000
vt 1.0000 -66.0000
vt 1.0000 -66.3333
vt 0.0000 -66.3333
vt 0.0000 -66.3333
vt 1.0000 -66.3333
vt 1.0000 -66.6667
vt 0.0000 -66.6667
vt 0.0000 -66.6667
vt 1.0000 -66.6667
vt 1.0000 -67.0000
vt 0.0000 -67.0000
vt 0.0000 -67.0000
vt 1.0000 -67.0000
vt 1.0000 -67.3333
vt 0.0000 -67.3333
vt 0.0000 -67.3333
vt 1.0000 -67.3333
vt 1.0000 -67.6667
vt 0.0000 -67.6667
vt 0.0000 -67.6667
vt 1.0000 -67.6667
vt 1.0000 -68.0000
vt 0.0000 -68.0000
vt 0.0000 -68.0000
vt 1.0000 -68.0000
vt 1.0000 -68.3333
vt 0.0000 -68.3333
vt 0.0000 -68.3333
vt 1.0000 -68.3333
vt 1.0000 -68.6667
vt 0.0000 -68.6667
vt 0.0000 -68.6667
vt 1.0000 -68.6667
vt 1.0000 -69.0000
vt 0.0000 -69.0000
vt 0.0000 -69.0000
vt 1.0000 -69.0000
vt 1.0000 -69.3333
vt 0.0000 -69.3333
vt 0.0000 -69.3333
vt 1.0000 -69.3333
vt 1.0000 -69.6667
vt 0.0000 -69.6667
vt 0.0000 -69.6667
vt 1.0000 -69.6667
vt 1.0000 -70.0000
vt 0.0000 -70.0000
vt 0.0000 -70.0000
vt 1.0000 -70.0000
vt 1.0000 -70.3333
vt 0.0000 -70.3333
vt 0.0000 -70.3333
vt 1.0000 -70.3333
vt 1.0000 -70.6667
vt 0.0000 -70.6667
vt 0.0000 -70.6667
vt 1.0000 -70.6667
vt 1.0000 -71.0000
vt 0.0000 -71.0000
vt 0.0000 -71.0000
vt 1.0000 -71.0000
vt 1.0000 -71.3333
vt 0.0000 -71.3333
vt 0.0000 -71.3333
vt 1.0000 -71.3333
vt 1.0000 -71.6667
vt 0.0000 -71.6667
vt 0.0000 -71.6667
vt 1.0000 -71.6667
vt 1.0000 -72.0000
vt 0.0000 -72.0000
vt 0.0000 -72.0000
vt 1.0000 -72.0000
vt 1.0000 -72.3333
vt 0.0000 -72.3333
vt 0.0000 -72.3333
vt 1.0000 -72.3333
vt 1.0000 -72.6667
vt 0.0000 -72.6667
vt 0.0000 -72.6667
vt 1.0000 -72.6667
vt 1.0000 -73.0000
vt 0.0000 -73.0000
vt 0.0000 -73.0000
vt 1.0000 -73.0000
vt 1.0000 -73.3333
vt 0.0000 -73.3333
vt 0.0000 -73.3333
vt 1.0000 -73.3333
vt 1.0000 -73.6667
vt 0.0000 -73.6667
vt 0.0000 -73.6667
vt 1.0000 -73.6667
vt 1.0000 -74.0000
vt 0.0000 -74.0000
vt 0.0000 -74.0000
vt 1.0000 -74.0000
vt 1.0000 -74.3333
vt 0.0000 -74.3333
vt 0.0000 -74.3333
vt 1.0000 -74.3333
vt 1.0000 -74.6667
vt 0.0000 -74.6667
vt 0.0000 -74.6667
vt 1.0000 -74.6667
vt 1.0000 -75.0000
vt 0.0000 -75.0000
vt 0.0000 -75.0000
vt 1.0000 -75.0000
vt 1.0000 -75.3333
vt 0.0000 -75.3333
vt 0.0000 -75.3333
vt 1.0000 -75.3333
vt 1.0000 -75.6667
vt 0.0000 -75.6667
vt 0.0000 -75.6667
vt 1.0000 -75.6667
vt 1.0000 -76.0000
vt 0.0000 -76.0000
vt 0.0000 -76.0000
vt 1.0000 -76.0000
vt 1.0000 -76.3333
vt 0.0000 -76.3333
vt 0.0000 -76.3333
vt 1.0000 -76.3333
vt 1.0000 -76.6667
vt 0.0000 -76.6667
vt 0.0000 -76.6667
vt 1.0000 -76.6667
vt 1.0000 -77.0000
vt 0.0000 -77.0000
vt 0.0000 -77.0000
vt 1.0000 -77.0000
vt 1.0000 -77.3333
vt 0.0000 -77.3333
vt 0.0000 -77.3333
vt 1.0000 -77.3333
vt 1.0000 -77.6667
vt 0.0000 -77.6667
vt 0.0000 -77.6667
vt 1.0000 -77.6667
vt 1.0000 -78.0000
vt 0.0000 -78.0000
vt 0.0000 -78.0000
vt 1.0000 -78.0000
vt 1.0000 -78.3333
vt 0.0000 -78.3333
vt 0.0000 -78.3333
vt 1.0000 -78.3333
vt 1.0000 -78.6667
vt 0.0000 -78.6667
vt 0.0000 -78.6667
vt 1.0000 -78.6667
vt 1.0000 -79.0000
vt 0.0000 -79.0000
vt 0.0000 -79.0000
vt 1.0000 -79.0000
vt 1.0000 -79.3333
vt 0.0000 -79.3333
vt 0.0000 -79.3333
vt 1.0000 -79.3333
vt 1.0000 -79.6667
vt 0.0000 -79.6667
vt 0.0000 -79.6667
vt 1.0000 -79.6667
vt 1.0000 -80.0000
vt 0.0000 -80.0000
vt 0.0000 -80.0000
vt 1.0000 -80.0000
vt 1.0000 -80.3333
vt 0.0000 -80.3333
vt 0.0000 -80.3333
vt 1.0000 -80.3333
vt 1.0000 -80.6667
vt 0.0000 -80.6667
vt 0.0000 -80.6667
vt 1.0000 -80.6667
vt 1.0000 -81.0000
vt 0.0000 -81.0000
vt 0.0000 -81.0000
vt 1.0000 -81.0000
vt 1.0000 -81.3333
vt 0.0000 -81.3333
vt 0.0000 -81.3333
vt 1.0000 -81.3333
vt 1.0000 -81.6667
vt 0.0000 -81.6667
vt 0.0000 -81.6667
vt 1.0000 -81.6667
vt 1.0000 -82.0000
vt 0.0000 -82.0000
vt 0.0000 -82.0000
vt 1.0000 -82.0000
vt 1.0000 -82.3333
vt 0.0000 -82.3333
vt 0.0000 -82.3333
vt 1.0000 -82.3333
vt 1.0000 -82.6667
vt 0.0000 -82.6667
vt 0.0000 -82.6667
vt 1.0000 -82.6667
vt 1.0000 -83.0000
vt 0.0000 -83.0000
vt 0.0000 -83.0000
vt 1.0000 -83.0000
vt 1.0000 -83.3333
vt 0.0000 -83.3333
vt 0.0000 -83.3333
vt 1.0000 -83.3333
vt 1.0000 -83.6667
vt 0.0000 -83.6667
vt 0.0000 -83.6667
vt 1.0000 -83.6667
vt 1.0000 -84.0000
vt 0.0000 -84.0000
vt 0.0000 -84.0000
vt 1.0000 -84.0000
vt 1.0000 -84.3333
vt 0.0000 -84.3333
vt 0.0000 -84.3333
vt 1.0000 -84.3333
vt 1.0000 -84.6667
vt 0.0000 -84.6667
vt 0.0000 -84.6667
vt 1.0000 -84.6667
vt 1.0000 -85.0000
vt 0.0000 -85.0000
vt 0.0000 -85.0000
vt 1.0000 -85.0000
vt 1.0000 -85.3333
vt 0.0000 -85.3333
vt 0.0000 -85.3333
vt 1.0000 -85.3333
vt 1.0000 -85.6667
vt 0.0000 -85.6667
vt 0.0000 -85.6667
vt 1.0000 -85.6667
vt 1.0000 -86.0000
vt 0.0000 -86.0000
vt 0.0000 -86.0000
vt 1.0000 -86.0000
vt 1.0000 -86.3333
vt 0.0000 -86.3333
vt 0.0000 -86.3333
vt 1.0000 -86.3333
vt 1.0000 -86.6667
vt 0.0000 -86.6667
vt 0.0000 -86.6667
vt 1.0000 -86.6667
vt 1.0000 -87.0000
vt 0.0000 -87.0000
vt 0.0000 -87.0000
vt 1.0000 -87.0000
vt 1.0000 -87.3333
vt 0.0000 -87.3333
vt 0.0000 -87.3333
vt 1.0000 -87.3333
vt 1.0000 -87.6667
vt 0.0000 -87.6667
vt 0.0000 -87.6667
vt 1.0000 -87.6667
vt 1.0000 -88.0000
vt 0.0000 -88.0000
vt 0.0000 -88.0000
vt 1.0000 -88.0000
vt 1.0000 -88.3333
vt 0.0000 -88.3333
vt 0.0000 -88.3333
vt 1.0000 -88.3333
vt 1.0000 -88.6667
vt 0.0000 -88.6667
vt 0.0000 -88.6667
vt 1.0000 -88.6667
vt 1.0000 -89.0000
vt 0.0000 -89.0000
vt 0.0000 -89.0000
vt 1.0000 -89.0000
vt 1.0000 -89.3333
vt 0.0000 -89.3333
vt 0.0000 -89.3333
vt 1.0000 -89.3333
vt 1.0000 -89.6667
vt 0.0000 -89.6667
vt 0.0000 -89.6667
vt 1.0000 -89.6667
vt 1.0000 -90.0000
vt 0.0000 -90.0000
vt 0.0000 -90.0000
vt 1.0000 -90.0000
vt 1.0000 -90.3333
vt 0.0000 -90.3333
vt 0.0000 -90.3333
vt 1.0000 -90.3333
vt 1.0000 -90.6667
vt 0.0000 -90.6667
vt 0.0000 -90.6667
vt 1.0000 -90.6667
vt 1.0000 -91.0000
vt 0.0000 -91.0000
vt 0.0000 -91.0000
vt 1.0000 -91.0000
vt 1.0000 -91.3333
vt 0.0000 -91.3333
vt 0.0000 -91.3333
vt 1.0000 -91.3333
vt 1.0000 -91.6667
vt 0.0000 -91.6667
vt 0.0000 -91.6667
vt 1.0000 -91.6667
vt 1.0000 -92.0000
vt 0.0000 -92.0000
vt 0.0000 -92.0000
vt 1.0000 -92.0000
vt 1.0000 -92.3333
vt 0.0000 -92.3333
vt 0.0000 -92.3333
vt 1.0000 -92.3333
vt 1.0000 -92.6667
vt 0.0000 -92.6667
vt 0.0000 -92.6667
vt 1.0000 -92.6667
vt 1.0000 -93.0000
vt 0.0000 -93.0000
vt 0.0000 -93.0000
vt 1.0000 -93.0000
vt 1.0000 -93.3333
vt 0.0000 -93.3333
vt 0.0000 -93.3333
vt 1.0000 -93.3333
vt 1.0000 -93.6667
vt 0.0000 -93.6667
vt 0.0000 -93.6667
vt 1.0000 -93.6667
vt 1.0000 -94.0000
vt 0.0000 -94.0000
vt 0.0000 -94.0000
vt 1.0000 -94.0000
vt 1.0000 -94.3333
vt 0.0000 -94.3333
vt 0.0000 -94.3333
vt 1.0000 -94.3333
vt 1.0000 -94.6667
vt 0.0000 -94.6667
vt 0.0000 -94.6667
vt 1.0000 -94.6667
vt 1.0000 -95.0000
vt 0.0000 -95.0000
vt 0.0000 -95.0000
vt 1.0000 -95.0000
vt 1.0000 -95.3333
vt 0.0000 -95.3333
vt 0.0000 -95.3333
vt 1.0000 -95.3333
vt 1.0000 -95.6667
vt 0.0000 -95.6667
vt 0.0000 -95.6667
vt 1.0000 -95.6667
vt 1.0000 -96.0000
vt 0.0000 -96.0000
vt 0.0000 -96.0000
vt 1.0000 -96.0000
vt 1.0000 -96.3333
vt 0.0000 -96.3333
vt 0.0000 -96.3333
vt 1.0000 -96.3333
vt 1.0000 -96.6667
vt 0.0000 -96.6667
vt 0.0000 -96.6667
vt 1.0000 -96.6667
vt 1.0000 -97.0000
vt 0.0000 -97.0000
vt 0.0000 -97.0000
vt 1.0000 -97.0000
vt 1.0000 -97.3333
vt 0.0000 -97.3333
vt 0.0000 -97.3333
vt 1.0000 -97.3333
vt 1.0000 -97.6667
vt 0.0000 -97.6667
vt 0.0000 -97.6667
vt 1.0000 -97.6667
vt 1.0000 -98.0000
vt 0.0000 -98.0000
vt 0.0000 -98.0000
vt 1.0000 -98.0000
vt 1.0000 -98.3333
vt 0.0000 -98.3333
vt 0.0000 -98.3333
vt 1.0000 -98.3333
vt 1.0000 -98.6667
vt 0.0000 -98.6667
vt 0.0000 -98.6667
vt 1.0000 -98.6667
vt 1.0000 -99.0000
vt 0.0000 -99.0000
vt 0.0000 -99.0000
vt 1.0000 -99.0000
vt 1.0000 -99.3333
vt 0.0000 -99.3333
vt 0.0000 -99.3333
vt 1.0000 -99.3333
vt 1.0000 -99.6667
vt 0.0000 -99.6667
vt 0.0000 -99.6667
vt 1.0000 -99.6667
vt 1.0000 -100.0000
vt 0.0000 -100.0000
vt 0.0000 -100.0000
vt 1.0000 -100.0000
vt 1.0000 -100.3333
vt 0.0000 -100.3333
vt 0.0000 -100.3333
vt 1.0000 -100.3333
vt 1.0000 -100.6667
vt 0.0000 -100.6667
vt 0.0000 -100.6667
vt 1.0000 -100.6667
vt 1.0000 -101.0000
vt 0.0000 -101.0000
vt 0.0000 -101.0000
vt 1.0000 -101.0000
vt 1.0000 -101.3333
vt 0.0000 -101.3333
vt 0.0000 -101.3333
vt 1.0000 -101.3333
vt 1.0000 -101.6667
vt 0.0000 -101.6667
vt 0.0000 -101.6667
vt 1.0000 -101.6667
vt 1.0000 -102.0000
vt 0.0000 -102.0000
vt 0.0000 -102.0000
vt 1.0000 -102.0000
vt 1.0000 -102.3333
vt 0.0000 -102.3333
vt 0.0000 -102.3333
vt 1.0000 -102.3333
vt 1.0000 -102.6667
vt 0.0000 -102.6667
vt 0.0000 -102.6667
vt 1.0000 -102.6667
vt 1.0000 -103.0000
vt 0.0000 -103.0000
vt 0.0000 -103.0000
vt 1.0000 -103.0000
vt 1.0000 -103.3333
vt 0.0000 -103.3333
vt 0.0000 -103.3333
vt 1.0000 -103.3333
vt 1.0000 -103.6667
vt 0.0000 -103.6667
vt 0.0000 -103.6667
vt 1.0000 -103.6667
vt 1.0000 -104.0000
vt 0.0000 -104.0000
vt 0.0000 -104.0000
vt 1.0000 -104.0000
vt 1.0000 -104.3333
vt 0.0000 -104.3333
vt 0.0000 -104.3333
vt 1.0000 -104.3333
vt 1.0000 -104.6667
vt 0.0000 -104.6667
vt 0.0000 -104.6667
vt 1.0000 -104.6667
vt 1.0000 -105.0000
vt 0.0000 -105.0000
vt 0.0000 -105.0000
vt 1.0000 -105.0000
vt 1.0000 -105.3333
vt 0.0000 -105.3333
vt 0.0000 -105.3333
vt 1.0000 -105.3333
vt 1.0000 -105.6667
vt 0.0000 -105.6667
vt 0.0000 -105.6667
vt 1.0000 -105.6667
vt 1.0000 -106.0000
vt 0.0000 -106.0000
vt 0.0000 -106.0000
vt 1.0000 -106.0000
vt 1.0000 -106.3333
vt 0.0000 -106.3333
vt 0.0000 -106.3333
vt 1.0000 -106.3333
vt 1.0000 -106.6667
vt 0.0000 -106.6667
vt 0.0000 -106.6667
vt 1.0000 -106.6667
vt 1.0000 -107.0000
vt 0.0000 -107.0000
vt 0.0000 -107.0000
vt 1.0000 -107.0000
vt 1.0000 -107.3333
vt 0.0000 -107.3333
vt 0.0000 -107.3333
vt 1.0000 -107.3333
vt 1.0000 -107.6667
vt 0.0000 -107.6667
vt 0.0000 -107.6667
vt 1.0000 -107.6667
vt 1.0000 -108.0000
vt 0.0000 -108.0000
vt 0.0000 -108.0000
vt 1.0000 -108.0000
vt 1.0000 -108.3333
vt 0.0000 -108.3333
vt 0.0000 -108.3333
vt 1.0000 -108.3333
vt 1.0000 -108.6667
vt 0.0000 -108.6667
vt 0.0000 -108.6667
vt 1.0000 -108.6667
vt 1.0000 -109.0000
vt 0.0000 -109.0000
vt 0.0000 -109.0000
vt 1.0000 -109.0000
vt 1.0000 -109.3333
vt 0.0000 -109.3333
vt 0.0000 -109.3333
vt 1.0000 -109.3333
vt 1.0000 -109.6667
vt 0.0000 -109.6667
vt 0.0000 -109.6667
vt 1.0000 -109.6667
vt 1.0000 -110.0000
vt 0.0000 -110.0000
vt 0.0000 -110.0000
vt 1.0000 -110.0000
vt 1.0000 -110.3333
vt 0.0000 -110.3333
vt 0.0000 -110.3333
vt 1.0000 -110.3333
vt 1.0000 -110.6667
vt 0.0000 -110.6667
vt 0.0000 -110.6667
vt 1.0000 -110.6667
vt 1.0000 -111.0000
vt 0.0000 -111.0000
vt 0.0000 -111.0000
vt 1.0000 -111.0000
vt 1.0000 -111.3333
vt 0.0000 -111.3333
vt 0.0000 -111.3333
vt 1.0000 -111.3333
vt 1.0000 -111.6667
vt 0.0000 -111.6667
vt 0.0000 -111.6667
vt 1.0000 -111.6667
vt 1.0000 -112.0000
vt 0.0000 -112.0000
vt 0.0000 -112.0000
vt 1.0000 -112.0000
vt 1.0000 -112.3333
vt 0.0000 -112.3333
vt 0.0000 -112.3333
vt 1.0000 -112.3333
vt 1.0000 -112.6667
vt 0.0000 -112.6667
vt 0.0000 -112.6667
vt 1.0000 -112.6667
vt 1.0000 -113.0000
vt 0.0000 -113.0000
vt 0.0000 -113.0000
vt 1.0000 -113.0000
vt 1.0000 -113.3333
vt 0.0000 -113.3333
vt 0.0000 -113.3333
vt 1.0000 -113.3333
vt 1.0000 -113.6667
vt 0.0000 -113.6667
vt 0.0000 -113.6667
vt 1.0000 -113.6667
vt 1.0000 -114.0000
vt 0.0000 -114.0000
vt 0.0000 -114.0000
vt 1.0000 -114.0000
vt 1.0000 -114.3333
vt 0.0000 -114.3333
vt 0.0000 -114.3333
vt 1.0000 -114.3333
vt 1.0000 -114.6667
vt 0.0000 -114.6667
vt 0.0000 -114.6667
vt 1.0000 -114.6667
vt 1.0000 -115.0000
vt 0.0000 -115.0000
vt 0.0000 -115.0000
vt 1.0000 -115.0000
vt 1.0000 -115.3333
vt 0.0000 -115.3333
vt 0.0000 -115.3333
vt 1.0000 -115.3333
vt 1.0000 -115.6667
vt 0.0000 -115.6667
vt 0.0000 -115.6667
vt 1.0000 -115.6667
vt 1.0000 -116.0000
vt 0.0000 -116.0000
vt 0.0000 -116.0000
vt 1.0000 -116.0000
vt 1.0000 -116.3333
vt 0.0000 -116.3333
vt 0.0000 -116.3333
vt 1.0000 -116.3333
vt 1.0000 -116.6667
vt 0.0000 -116.6667
vt 0.0000 -116.6667
vt 1.0000 -116.6667
vt 1.0000 -117.0000
vt 0.0000 -117.0000
vt 0.0000 -117.0000
vt 1.0000 -117.0000
vt 1.0000 -117.3333
vt 0.0000 -117.3333
vt 0.0000 -117.3333
vt 1.0000 -117.3333
vt 1.0000 -117.6667
vt 0.0000 -117.6667
vt 0.0000 -117.6667
vt 1.0000 -117.6667
vt 1.0000 -118.0000
vt 0.0000 -118.0000
vt 0.0000 -118.0000
vt 1.0000 -118.0000
vt 1.0000 -118.3333
vt 0.0000 -118.3333
vt 0.0000 -118.3333
vt 1.0000 -118.3333
vt 1.0000 -118.6667
vt 0.0000 -118.6667
vt 0.0000 -118.6667
vt 1.0000 -118.6667
vt 1.0000 -119.0000
vt 0.0000 -119.0000
vt 0.0000 -119.0000
vt 1.0000 -119.0000
vt 1.0000 -119.3333
vt 0.0000 -119.3333
vt 0.0000 -119.3333
vt 1.0000 -119.3333
vt 1.0000 -119.6667
vt 0.0000 -119.6667
vt 0.0000 -119.6667
vt 1.0000 -119.6667
vt 1.0000 -120.0000
vt 0.0000 -120.0000
vt 0.0000 -120.0000
vt 1.0000 -120.0000
vt 1.0000 -120.3333
vt 0.0000 -120.3333
vt 0.0000 -120.3333
vt 1.0000 -120.3333
vt 1.0000 -120.6667
vt 0.0000 -120.6667
vt 0.0000 -120.6667
vt 1.0000 -120.6667
vt 1.0000 -121.0000
vt 0.0000 -121.0000
vt 0.0000 -121.0000
vt 1.0000 -121.0000
vt 1.0000 -121.3333
vt 0.0000 -121.3333
vt 0.0000 -121.3333
vt 1.0000 -121.3333
vt 1.0000 -121.6667
vt 0.0000 -121.6667
vt 0.0000 -121.6667
vt 1.0000 -121.6667
vt 1.0000 -122.0000
vt 0.0000 -122.0000
vt 0.0000 -122.0000
vt 1.0000 -122.0000
vt 1.0000 -122.3333
vt 0.0000 -122.3333
vt 0.0000 -122.3333
vt 1.0000 -122.3333
vt 1.0000 -122.6667
vt 0.0000 -122.6667
vt 0.0000 -122.6667
vt 1.0000 -122.6667
vt 1.0000 -123.0000
vt 0.0000 -123.0000
vt 0.0000 -123.0000
vt 1.0000 -123.0000
vt 1.0000 -123.3333
vt 0.0000 -123.3333
vt 0.0000 -123.3333
vt 1.0000 -123.3333
vt 1.0000 -123.6667
vt 0.0000 -123.6667
vt 0.0000 -123.6667
vt 1.0000 -123.6667
vt 1.0000 -124.0000
vt 0.0000 -124.0000
vt 0.0000 -124.0000
vt 1.0000 -124.0000
vt 1.0000 -124.3333
vt 0.0000 -124.3333
vt 0.0000 -124.3333
vt 1.0000 -124.3333
vt 1.0000 -124.6667
vt 0.0000 -124.6667
vt 0.0000 -124.6667
vt 1.0000 -124.6667
vt 1.0000 -125.0000
vt 0.0000 -125.0000
vt 0.0000 -125.0000
vt 1.0000 -125.0000
vt 1.0000 -125.3333
vt 0.0000 -125.3333
vt 0.0000 -125.3333
vt 1.0000 -125.3333
vt 1.0000 -125.6667
vt 0.0000 -125.6667
vt 0.0000 -125.6667
vt 1.0000 -125.6667
vt 1.0000 -126.0000
vt 0.0000 -126.0000
vt 0.0000 -126.0000
vt 1.0000 -126.0000
vt 1.0000 -126.3333
vt 0.0000 -126.3333
vt 0.0000 -126.3333
vt 1.0000 -126.3333
vt 1.0000 -126.6667
vt 0.0000 -126.6667
vt 0.0000 -126.6667
vt 1.0000 -126.6667
vt 1.0000 -127.0000
vt 0.0000 -127.0000
vt 0.0000 -127.0000
vt 1.0000 -127.0000
vt 1.0000 -127.3333
vt 0.0000 -127.3333
vt 0.0000 -127.3333
vt 1.0000 -127.3333
vt 1.0000 -127.6667
vt 0.0000 -127.6667
vt 0.0000 -127.6667
vt 1.0000 -127.6667
vt 1.0000 -128.0000
vt 0.0000 -128.0000
vt 0.0000 -128.0000
vt 1.0000 -128.0000
vt 1.0000 -128.3333
vt 0.0000 -128.3333
vt 0.0000 -128.3333
vt 1.0000 -128.3333
vt 1.0000 -128.6667
vt 0.0000 -128.6667
vt 0.0000 -128.6667
vt 1.0000 -128.6667
vt 1.0000 -129.0000
vt 0.0000 -129.0000
vt 0.0000 -129.0000
vt 1.0000 -129.0000
vt 1.0000 -129.3333
vt 0.0000 -129.3333
vt 0.0000 -129.3333
vt 1.0000 -129.3333
vt 1.0000 -129.6667
vt 0.0000 -129.6667
vt 0.0000 -129.6667
vt 1.0000 -129.6667
vt 1.0000 -130.0000
vt 0.0000 -130.0000
vt 0.0000 -130.0000
vt 1.0000 -130.0000
vt 1.0000 -130.3333
vt 0.0000 -130.3333
vt 0.0000 -130.3333
vt 1.0000 -130.3333
vt 1.0000 -130.6667
vt 0.0000 -130.6667
vt 0.0000 -130.6667
vt 1.0000 -130.6667
vt 1.0000 -131.0000
vt 0.0000 -131.0000
vt 0.0000 -131.0000
vt 1.0000 -131.0000
vt 1.0000 -131.3333
vt 0.0000 -131.3333
vt 0.0000 -131.3333
vt 1.0000 -131.3333
vt 1.0000 -131.6667
vt 0.0000 -131.6667
vt 0.0000 -131.6667
vt 1.0000 -131.6667
vt 1.0000 -132.0000
vt 0.0000 -132.0000
vt 0.0000 -132.0000
vt 1.0000 -132.0000
vt 1.0000 -132.3333
vt 0.0000 -132.3333
vt 0.0000 -132.3333
vt 1.0000 -132.3333
vt 1.0000 -132.6667
vt 0.0000 -132.6667
vt 0.0000 -132.6667
vt 1.0000 -132.6667
vt 1.0000 -133.0000
vt 0.0000 -133.0000
vt 0.0000 -133.0000
vt 1.0000 -133.0000
vt 1.0000 -133.3333
vt 0.0000 -133.3333
vt 0.0000 -133.3333
vt 1.0000 -133.3333
vt 1.0000 -133.6667
vt 0.0000 -133.6667
vt 0.0000 -133.6667
vt 1.0000 -133.6667
vt 1.0000 -134.0000
vt 0.0000 -134.0000
vt 0.0000 -134.0000
vt 1.0000 -134.0000
vt 1.0000 -134.3333
vt 0.0000 -134.3333
vt 0.0000 -134.3333
vt 1.0000 -134.3333
vt 1.0000 -134.6667
vt 0.0000 -134.6667
vt 0.0000 -134.6667
vt 1.0000 -134.6667
vt 1.0000 -135.0000
vt 0.0000 -135.0000
vt 0.0000 -135.0000
vt 1.0000 -135.0000
vt 1.0000 -135.3333
vt 0.0000 -135.3333
vt 0.0000 -135.3333
vt 1.0000 -135.3333
vt 1.0000 -135.6667
vt 0.0000 -135.6667
vt 0.0000 -135.6667
vt 1.0000 -135.6667
vt 1.0000 -136.0000
vt 0.0000 -136.0000
vt 0.0000 -136.0000
vt 1.0000 -136.0000
vt 1.0000 -136.3333
vt 0.0000 -136.3333
vt 0.0000 -136.3333
vt 1.0000 -136.3333
vt 1.0000 -136.6667
vt 0.0000 -136.6667
vt 0.0000 -136.6667
vt 1.0000 -136.6667
vt 1.0000 -137.0000
vt 0.0000 -137.0000
vt 0.0000 -137.0000
vt 1.0000 -137.0000
vt 1.0000 -137.3333
vt 0.0000 -137.3333
vt 0.0000 -137.3333
vt 1.0000 -137.3333
vt 1.0000 -137.6667
vt 0.0000 -137.6667
vt 0.0000 -137.6667
vt 1.0000 -137.6667
vt 1.0000 -138.0000
vt 0.0000 -138.0000
vt 0.0000 -138.0000
vt 1.0000 -138.0000
vt 1.0000 -138.3333
vt 0.0000 -138.3333
vt 0.0000 -138.3333
vt 1.0000 -138.3333
vt 1.0000 -138.6667
vt 0.0000 -138.6667
vt 0.0000 -138.6667
vt 1.0000 -138.6667
vt 1.0000 -139.0000
vt 0.0000 -139.0000
vt 0.0000 -139.0000
vt 1.0000 -139.0000
vt 1.0000 -139.3333
vt 0.0000 -139.3333
vt 0.0000 -139.3333
vt 1.0000 -139.3333
vt 1.0000 -139.6667
vt 0.0000 -139.6667
vt 0.0000 -139.6667
vt 1.0000 -139.6667
vt 1.0000 -140.0000
vt 0.0000 -140.0000
vt 0.0000 -140.0000
vt 1.0000 -140.0000
vt 1.0000 -140.3333
vt 0.0000 -140.3333
vt 0.0000 -140.3333
vt 1.0000 -140.3333
vt 1.0000 -140.6667
vt 0.0000 -140.6667
vt 0.0000 -140.6667
vt 1.0000 -140.6667
vt 1.0000 -141.0000
vt 0.0000 -141.0000
vt 0.0000 -141.0000
vt 1.0000 -141.0000
vt 1.0000 -141.3333
vt 0.0000 -141.3333
vt 0.0000 -141.3333
vt 1.0000 -141.3333
vt 1.0000 -141.6667
vt 0.0000 -141.6667
vt 0.0000 -141.6667
vt 1.0000 -141.6667
vt 1.0000 -142.0000
vt 0.0000 -142.0000
vt 0.0000 -142.0000
vt 1.0000 -142.0000
vt 1.0000 -142.3333
vt 0.0000 -142.3333
vt 0.0000 -142.3333
vt 1.0000 -142.3333
vt 1.0000 -142.6667
vt 0.0000 -142.6667
vt 0.0000 -142.6667
vt 1.0000 -142.6667
vt 1.0000 -143.0000
vt 0.0000 -143.0000
vt 0.0000 -143.0000
vt 1.0000 -143.0000
vt 1.0000 -143.3333
vt 0.0000 -143.3333
vt 0.0000 -143.3333
vt 1.0000 -143.3333
vt 1.0000 -143.6667
vt 0.0000 -143.6667
vt 0.0000 -143.6667
vt 1.0000 -143.6667
vt 1.0000 -144.0000
vt 0.0000 -144.0000
vt 0.0000 -144.0000
vt 1.0000 -144.0000
vt 1.0000 -144.3333
vt 0.0000 -144.3333
vt 0.0000 -144.3333
vt 1.0000 -144.3333
vt 1.0000 -144.6667
vt 0.0000 -144.6667
vt 0.0000 -144.6667
vt 1.0000 -144.6667
vt 1.0000 -145.0000
vt 0.0000 -145.0000
vt 0.0000 -145.0000
vt 1.0000 -145.0000
vt 1.0000 -145.3333
vt 0.0000 -145.3333
vt 0.0000 -145.3333
vt 1.0000 -145.3333
vt 1.0000 -145.6667
vt 0.0000 -145.6667
vt 0.0000 -145.6667
vt 1.0000 -145.6667
vt 1.0000 -146.0000
vt 0.0000 -146.0000
vt 0.0000 -146.0000
vt 1.0000 -146.0000
vt 1.0000 -146.3333
vt 0.0000 -146.3333
vt 0.0000 -146.3333
vt 1.0000 -146.3333
vt 1.0000 -146.6667
vt 0.0000 -146.6667
vt 0.0000 -146.6667
vt 1.0000 -146.6667
vt 1.0000 -147.0000
vt 0.0000 -147.0000
vt 0.0000 -147.0000
vt 1.0000 -147.0000
vt 1.0000 -147.3333
vt 0.0000 -147.3333
vt 0.0000 -147.3333
vt 1.0000 -147.3333
vt 1.0000 -147.6667
vt 0.0000 -147.6667
vt 0.0000 -147.6667
vt 1.0000 -147.6667
vt 1.0000 -148.0000
vt 0.0000 -148.0000
vt 0.0000 -148.0000
vt 1.0000 -148.0000
vt 1.0000 -148.3333
vt 0.0000 -148.3333
vt 0.0000 -148.3333
vt 1.0000 -148.3333
vt 1.0000 -148.6667
vt 0.0000 -148.6667
vt 0.0000 -148.6667
vt 1.0000 -148.6667
vt 1.0000 -149.0000
vt 0.0000 -149.0000
vt 0.0000 -149.0000
vt 1.0000 -149.0000
vt 1.0000 -149.3333
vt 0.0000 -149.3333
vt 0.0000 -149.3333
vt 1.0000 -149.3333
vt 1.0000 -149.6667
vt 0.0000 -149.6667
vt 0.0000 -149.6667
vt 1.0000 -149.6667
vt 1.0000 -150.0000
vt 0.0000 -150.0000
vt 0.0000 -150.0000
vt 1.0000 -150.0000
vt 1.0000 -150.3333
vt 0.0000 -150.3333
vt 0.0000 -150.3333
vt 1.0000 -150.3333
vt 1.0000 -150.6667
vt 0.0000 -150.6667
vt 0.0000 -150.6667
vt 1.0000 -150.6667
vt 1.0000 -151.0000
vt 0.0000 -151.0000
vt 0.0000 -151.0000
vt 1.0000 -151.0000
vt 1.0000 -151.3333
vt 0.0000 -151.3333
vt 0.0000 -151.3333
vt 1.0000 -151.3333
vt 1.0000 -151.6667
vt 0.0000 -151.6667
vt 0.0000 -151.6667
vt 1.0000 -151.6667
vt 1.0000 -152.0000
vt 0.0000 -152.0000
vt 0.0000 -152.0000
vt 1.0000 -152.0000
vt 1.0000 -152.3333
vt 0.0000 -152.3333
vt 0.0000 -152.3333
vt 1.0000 -152.3333
vt 1.0000 -152.6667
vt 0.0000 -152.6667
vt 0.0000 -152.6667
vt 1.0000 -152.6667
vt 1.0000 -153.0000
vt 0.0000 -153.0000
vt 0.0000 -153.0000
vt 1.0000 -153.0000
vt 1.0000 -153.3333
vt 0.0000 -153.3333
vt 0.0000 -153.3333
vt 1.0000 -153.3333
vt 1.0000 -153.6667
vt 0.0000 -153.6667
vt 0.0000 -153.6667
vt 1.0000 -153.6667
vt 1.0000 -154.0000
vt 0.0000 -154.0000
vt 0.0000 -154.0000
vt 1.0000 -154.0000
vt 1.0000 -154.3333
vt 0.0000 -154.3333
vt 0.0000 -154.3333
vt 1.0000 -154.3333
vt 1.0000 -154.6667
vt 0.0000 -154.6667
vt 0.0000 -154.6667
vt 1.0000 -154.6667
vt 1.0000 -155.0000
vt 0.0000 -155.0000
vt 0.0000 -155.0000
vt 1.0000 -155.0000
vt 1.0000 -155.3333
vt 0.0000 -155.3333
vt 0.0000 -155.3333
vt 1.0000 -155.3333
vt 1.0000 -155.6667
vt 0.0000 -155.6667
vt 0.0000 -155.6667
vt 1.0000 -155.6667
vt 1.0000 -156.0000
vt 0.0000 -156.0000
vt 0.0000 -156.0000
vt 1.0000 -156.0000
vt 1.0000 -156.3333
vt 0.0000 -156.3333
vt 0.0000 -156.3333
vt 1.0000 -156.3333
vt 1.0000 -156.6667
vt 0.0000 -156.6667
vt 0.0000 -156.6667
vt 1.0000 -156.6667
vt 1.0000 -157.0000
vt 0.0000 -157.0000
vt 0.0000 -157.0000
vt 1.0000 -157.0000
vt 1.0000 -157.3333
vt 0.0000 -157.3333
vt 0.0000 -157.3333
vt 1.0000 -157.3333
vt 1.0000 -157.6667
vt 0.0000 -157.6667
vt 0.0000 -157.6667
vt 1.0000 -157.6667
vt 1.0000 -158.0000
vt 0.0000 -158.0000
vt 0.0000 -158.0000
vt 1.0000 -158.0000
vt 1.0000 -158.3333
vt 0.0000 -158.3333
vt 0.0000 -158.3333
vt 1.0000 -158.3333
vt 1.0000 -158.6667
vt 0.0000 -158.6667
vt 0.0000 -158.6667
vt 1.0000 -158.6667
vt 1.0000 -159.0000
vt 0.0000 -159.0000
vt 0.0000 -159.0000
vt 1.0000 -159.0000
vt 1.0000 -159.3333
vt 0.0000 -159.3333
vt 0.0000 -159.3333
vt 1.0000 -159.3333
vt 1.0000 -159.6667
vt 0.0000 -159.6667
vt 0.0000 -159.6667
vt 1.0000 -159.6667
vt 1.0000 -160.0000
vt 0.0000 -160.0000
vt 0.0000 -160.0000
vt 1.0000 -160.0000
vt 1.0000 -160.3333
vt 0.0000 -160.3333
vt 0.0000 -160.3333
vt 1.0000 -160.3333
vt 1.0000 -160.6667
vt 0.0000 -160.6667
vt 0.0000 -160.6667
vt 1.0000 -160.6667
vt 1.0000 -161.0000
vt 0.0000 -161.0000
vt 0.0000 -161.0000
vt 1.0000 -161.0000
vt 1.0000 -161.3333
vt 0.0000 -161.3333
vt 0.0000 -161.3333
vt 1.0000 -161.3333
vt 1.0000 -161.6667
vt 0.0000 -161.6667
vt 0.0000 -161.6667
vt 1.0000 -161.6667
vt 1.0000 -162.0000
vt 0.0000 -162.0000
vt 0.0000 -162.0000
vt 1.0000 -162.0000
vt 1.0000 -162.3333
vt 0.0000 -162.3333
vt 0.0000 -162.3333
vt 1.0000 -162.3333
vt 1.0000 -162.6667
vt 0.0000 -162.6667
vt 0.0000 -162.6667
vt 1.0000 -162.6667
vt 1.0000 -163.0000
vt 0.0000 -163.0000
vt 0.0000 -163.0000
vt 1.0000 -163.0000
vt 1.0000 -163.3333
vt 0.0000 -163.3333
vt 0.0000 -163.3333
vt 1.0000 -163.3333
vt 1.0000 -163.6667
vt 0.0000 -163.6667
vt 0.0000 -163.6667
vt 1.0000 -163.6667
vt 1.0000 -164.0000
vt 0.0000 -164.0000
vt 0.0000 -164.0000
vt 1.0000 -164.0000
vt 1.0000 -164.3333
vt 0.0000 -164.3333
vt 0.0000 -164.3333
vt 1.0000 -164.3333
vt 1.0000 -164.6667
vt 0.0000 -164.6667
vt 0.0000 -164.6667
vt 1.0000 -164.6667
vt 1.0000 -165.0000
vt 0.0000 -165.0000
vt 0.0000 -165.0000
vt 1.0000 -165.0000
vt 1.0000 -165.3333
vt 0.0000 -165.3333
vt 0.0000 -165.3333
vt 1.0000 -165.3333
vt 1.0000 -165.6667
vt 0.0000 -165.6667
vt 0.0000 -165.6667
vt 1.0000 -165.6667
vt 1.0000 -166.0000
vt 0.0000 -166.0000
vt 0.0000 -166.0000
vt 1.0000 -166.0000
vt 1.0000 -166.3333
vt 0.0000 -166.3333
vt 0.0000 -166.3333
vt 1.0000 -166.3333
vt 1.0000 -166.6667
vt 0.0000 -166.6667
vt 0.0000 -166.6667
vt 1.0000 -166.6667
vt 1.0000 -167.0000
vt 0.0000 -167.0000
vt 0.0000 -167.0000
vt 1.0000 -167.0000
vt 1.0000 -167.3333
vt 0.0000 -167.3333
vt 0.0000 -167.3333
vt 1.0000 -167.3333
vt 1.0000 -167.6667
vt 0.0000 -167.6667
vt 0.0000 -167.6667
vt 1.0000 -167.6667
vt 1.0000 -168.0000
vt 0.0000 -168.0000
vt 0.0000 -168.0000
vt 1.0000 -168.0000
vt 1.0000 -168.3333
vt 0.0000 -168.3333
vt 0.0000 -168.3333
vt 1.0000 -168.3333
vt 1.0000 -168.6667
vt 0.0000 -168.6667
vt 0.0000 -168.6667
vt 1.0000 -168.6667
vt 1.0000 -169.0000
vt 0.0000 -169.0000
vt 0.0000 -169.0000
vt 1.0000 -169.0000
vt 1.0000 -169.3333
vt 0.0000 -169.3333
vt 0.0000 -169.3333
vt 1.0000 -169.3333
vt 1.0000 -169.6667
vt 0.0000 -169.6667
vt 0.0000 -169.6667
vt 1.0000 -169.6667
vt 1.0000 -170.0000
vt 0.0000 -170.0000
vt 0.0000 -170.0000
vt 1.0000 -170.0000
vt 1.0000 -170.3333
vt 0.0000 -170.3333
vt 0.0000 -170.3333
vt 1.0000 -170.3333
vt 1.0000 -170.6667
vt 0.0000 -170.6667
vt 0.0000 -170.6667
vt 1.0000 -170.6667
vt 1.0000 -171.0000
vt 0.0000 -171.0000
vt 0.0000 -171.0000
vt 1.0000 -171.0000
vt 1.0000 -171.3333
vt 0.0000 -171.3333
vt 0.0000 -171.3333
vt 1.0000 -171.3333
vt 1.0000 -171.6667
vt 0.0000 -171.6667
vt 0.0000 -171.6667
vt 1.0000 -171.6667
vt 1.0000 -172.0000
vt 0.0000 -172.0000
vt 0.0000 -172.0000
vt 1.0000 -172.0000
vt 1.0000 -172.3333
vt 0.0000 -172.3333
vt 0.0000 -172.3333
vt 1.0000 -172.3333
vt 1.0000 -172.6667
vt 0.0000 -172.6667
vt 0.0000 -172.6667
vt 1.0000 -172.6667
vt 1.0000 -173.0000
vt 0.0000 -173.0000
vt 0.0000 -173.0000
vt 1.0000 -173.0000
vt 1.0000 -173.3333
vt 0.0000 -173.3333
vt 0.0000 -173.3333
vt 1.0000 -173.3333
vt 1.0000 -173.6667
vt 0.0000 -173.6667
vt 0.0000 -173.6667
vt 1.0000 -173.6667
vt 1.0000 -174.0000
vt 0.0000 -174.0000
vt 0.0000 -174.0000
vt 1.0000 -174.0000
vt 1.0000 -174.3333
vt 0.0000 -174.3333
vt 0.0000 -174.3333
vt 1.0000 -174.3333
vt 1.0000 -174.6667
vt 0.0000 -174.6667
vt 0.0000 -174.6667
vt 1.0000 -174.6667
vt 1.0000 -175.0000
vt 0.0000 -175.0000
vt 0.0000 -175.0000
vt 1.0000 -175.0000
vt 1.0000 -175.3333
vt 0.0000 -175.3333
vt 0.0000 -175.3333
vt 1.0000 -175.3333
vt 1.0000 -175.6667
vt 0.0000 -175.6667
vt 0.0000 -175.6667
vt 1.0000 -175.6667
vt 1.0000 -176.0000
vt 0.0000 -176.0000
vt 0.0000 -176.0000
vt 1.0000 -176.0000
vt 1.0000 -176.3333
vt 0.0000 -176.3333
vt 0.0000 -176.3333
vt 1.0000 -176.3333
vt 1.0000 -176.6667
vt 0.0000 -176.6667
vt 0.0000 -176.6667
vt 1.0000 -176.6667
vt 1.0000 -177.0000
vt 0.0000 -177.0000
vt 0.0000 -177.0000
vt 1.0000 -177.0000
vt 1.0000 -177.3333
vt 0.0000 -177.3333
vt 0.0000 -177.3333
vt 1.0000 -177.3333
vt 1.0000 -177.6667
vt 0.0000 -177.6667
vt 0.0000 -177.6667
vt 1.0000 -177.6667
vt 1.0000 -178.0000
vt 0.0000 -178.0000
vt 0.0000 -178.0000
vt 1.0000 -178.0000
vt 1.0000 -178.3333
vt 0.0000 -178.3333
vt 0.0000 -178.3333
vt 1.0000 -178.3333
vt 1.0000 -178.6667
vt 0.0000 -178.6667
vt 0.0000 -178.6667
vt 1.0000 -178.6667
vt 1.0000 -179.0000
vt 0.0000 -179.0000
vt 0.0000 -179.0000
vt 1.0000 -179.0000
vt 1.0000 -179.3333
vt 0.0000 -179.3333
vt 0.0000 -179.3333
vt 1.0000 -179.3333
vt 1.0000 -179.6667
vt 0.0000 -179.6667
vt 0.0000 -179.6667
vt 1.0000 -179.6667
vt 1.0000 -180.0000
vt 0.0000 -180.0000
vt 0.0000 -180.0000
vt 1.0000 -180.0000
vt 1.0000 -180.3333
vt 0.0000 -180.3333
vt 0.0000 -180.3333
vt 1.0000 -180.3333
vt 1.0000 -180.6667
vt 0.0000 -180.6667
vt 0.0000 -180.6667
vt 1.0000 -180.6667
vt 1.0000 -181.0000
vt 0.0000 -181.0000
vt 0.0000 -181.0000
vt 1.0000 -181.0000
vt 1.0000 -181.3333
vt 0.0000 -181.3333
vt 0.0000 -181.3333
vt 1.0000 -181.3333
vt 1.0000 -181.6667
vt 0.0000 -181.6667
vt 0.0000 -181.6667
vt 1.0000 -181.6667
vt 1.0000 -182.0000
vt 0.0000 -182.0000
vt 0.0000 -182.0000
vt 1.0000 -182.0000
vt 1.0000 -182.3333
vt 0.0000 -182.3333
vt 0.0000 -182.3333
vt 1.0000 -182.3333
vt 1.0000 -182.6667
vt 0.0000 -182.6667
vt 0.0000 -182.6667
vt 1.0000 -182.6667
vt 1.0000 -183.0000
vt 0.0000 -183.0000
vt 0.0000 -183.0000
vt 1.0000 -183.0000
vt 1.0000 -183.3333
vt 0.0000 -183.3333
vt 0.0000 -183.3333
vt 1.0000 -183.3333
vt 1.0000 -183.6667
vt 0.0000 -183.6667
vt 0.0000 -183.6667
vt 1.0000 -183.6667
vt 1.0000 -184.0000
vt 0.0000 -184.0000
vt 0.0000 -184.0000
vt 1.0000 -184.0000
vt 1.0000 -184.3333
vt 0.0000 -184.3333
vt 0.0000 -184.3333
vt 1.0000 -184.3333
vt 1.0000 -184.6667
vt 0.0000 -184.6667
vt 0.0000 -184.6667
vt 1.0000 -184.6667
vt 1.0000 -185.0000
vt 0.0000 -185.0000
vt 0.0000 -185.0000
vt 1.0000 -185.0000
vt 1.0000 -185.3333
vt 0.0000 -185.3333
vt 0.0000 -185.3333
vt 1.0000 -185.3333
vt 1.0000 -185.6667
vt 0.0000 -185.6667
vt 0.0000 -185.6667
vt 1.0000 -185.6667
vt 1.0000 -186.0000
vt 0.0000 -186.0000
vt 0.0000 -186.0000
vt 1.0000 -186.0000
vt 1.0000 -186.3333
vt 0.0000 -186.3333
vt 0.0000 -186.3333
vt 1.0000 -186.3333
vt 1.0000 -186.6667
vt 0.0000 -186.6667
vt 0.0000 -186.6667
vt 1.0000 -186.6667
vt 1.0000 -187.0000
vt 0.0000 -187.0000
vt 0.0000 -187.0000
vt 1.0000 -187.0000
vt 1.0000 -187.3333
vt 0.0000 -187.3333
vt 0.0000 -187.3333
vt 1.0000 -187.3333
vt 1.0000 -187.6667
vt 0.0000 -187.6667
vt 0.0000 -187.6667
vt 1.0000 -187.6667
vt 1.0000 -188.0000
vt 0.0000 -188.0000
vt 0.0000 -188.0000
vt 1.0000 -188.0000
vt 1.0000 -188.3333
vt 0.0000 -188.3333
vt 0.0000 -188.3333
vt 1.0000 -188.3333
vt 1.0000 -188.6667
vt 0.0000 -188.6667
vt 0.0000 -188.6667
vt 1.0000 -188.6667
vt 1.0000 -189.0000
vt 0.0000 -189.0000
vt 0.0000 -189.0000
vt 1.0000 -189.0000
vt 1.0000 -189.3333
vt 0.0000 -189.3333
vt 0.0000 -189.3333
vt 1.0000 -189.3333
vt 1.0000 -189.6667
vt 0.0000 -189.6667
vt 0.0000 -189.6667
vt 1.0000 -189.6667
vt 1.0000 -190.0000
vt 0.0000 -190.0000
vt 0.0000 -190.0000
vt 1.0000 -190.0000
vt 1.0000 -190.3333
vt 0.0000 -190.3333
vt 0.0000 -190.3333
vt 1.0000 -190.3333
vt 1.0000 -190.6667
vt 0.0000 -190.6667
vt 0.0000 -190.6667
vt 1.0000 -190.6667
vt 1.0000 -191.0000
vt 0.0000 -191.0000
vt 0.0000 -191.0000
vt 1.0000 -191.0000
vt 1.0000 -191.3333
vt 0.0000 -191.3333
vt 0.0000 -191.3333
vt 1.0000 -191.3333
vt 1.0000 -191.6667
vt 0.0000 -191.6667
vt 0.0000 -191.6667
vt 1.0000 -191.6667
vt 1.0000 -192.0000
vt 0.0000 -192.0000
vt 0.0000 -192.0000
vt 1.0000 -192.0000
vt 1.0000 -192.3333
vt 0.0000 -192.3333
vt 0.0000 -192.3333
vt 1.0000 -192.3333
vt 1.0000 -192.6667
vt 0.0000 -192.6667
vt 0.0000 -192.6667
vt 1.0000 -192.6667
vt 1.0000 -193.0000
vt 0.0000 -193.0000
vt 0.0000 -193.0000
vt 1.0000 -193.0000
vt 1.0000 -193.3333
vt 0.0000 -193.3333
vt 0.0000 -193.3333
vt 1.0000 -193.3333
vt 1.0000 -193.6667
vt 0.0000 -193.6667
vt 0.0000 -193.6667
vt 1.0000 -193.6667
vt 1.0000 -194.0000
vt 0.0000 -194.0000
vt 0.0000 -194.0000
vt 1.0000 -194.0000
vt 1.0000 -194.3333
vt 0.0000 -194.3333
vt 0.0000 -194.3333
vt 1.0000 -194.3333
vt 1.0000 -194.6667
vt 0.0000 -194.6667
vt 0.0000 -194.6667
vt 1.0000 -194.6667
vt 1.0000 -195.0000
vt 0.0000 -195.0000
vt 0.0000 -195.0000
vt 1.0000 -195.0000
vt 1.0000 -195.3333
vt 0.0000 -195.3333
vt 0.0000 -195.3333
vt 1.0000 -195.3333
vt 1.0000 -195.6667
vt 0.0000 -195.6667
vt 0.0000 -195.6667
vt 1.0000 -195.6667
vt 1.0000 -196.0000
vt 0.0000 -196.0000
vt 0.0000 -196.0000
vt 1.0000 -196.0000
vt 1.0000 -196.3333
vt 0.0000 -196.3333
vt 0.0000 -196.3333
vt 1.0000 -196.3333
vt 1.0000 -196.6667
vt 0.0000 -196.6667
vt 0.0000 -196.6667
vt 1.0000 -196.6667
vt 1.0000 -197.0000
vt 0.0000 -197.0000
vt 0.0000 -197.0000
vt 1.0000 -197.0000
vt 1.0000 -197.3333
vt 0.0000 -197.3333
vt 0.0000 -197.3333
vt 1.0000 -197.3333
vt 1.0000 -197.6667
vt 0.0000 -197.6667
vt 0.0000 -197.6667
vt 1.0000 -197.6667
vt 1.0000 -198.0000
vt 0.0000 -198.0000
vt 0.0000 -198.0000
vt 1.0000 -198.0000
vt 1.0000 -198.3333
vt 0.0000 -198.3333
vt 0.0000 -198.3333
vt 1.0000 -198.3333
vt 1.0000 -198.6667
vt 0.0000 -198.6667
vt 0.0000 -198.6667
vt 1.0000 -198.6667
vt 1.0000 -199.0000
vt 0.0000 -199.0000
vt 0.0000 -199.0000
vt 1.0000 -199.0000
vt 1.0000 -199.3333
vt 0.0000 -199.3333
vt 0.0000 -199.3333
vt 1.0000 -199.3333
vt 1.0000 -199.6667
vt 0.0000 -199.6667
vt 0.0000 -199.6667
vt 1.0000 -199.6667
vt 1.0000 -200.0000
vt 0.0000 -200.0000
vt 0.0000 -200.0000
vt 1.0000 -200.0000
vt 1.0000 -200.3333
vt 0.0000 -200.3333
vt 0.0000 -200.3333
vt 1.0000 -200.3333
vt 1.0000 -200.6667
vt 0.0000 -200.6667
vt 0.0000 -200.6667
vt 1.0000 -200.6667
vt 1.0000 -201.0000
vt 0.0000 -201.0000
vt 0.0000 -201.0000
vt 1.0000 -201.0000
vt 1.0000 -201.3333
vt 0.0000 -201.3333
vt 0.0000 -201.3333
vt 1.0000 -201.3333
vt 1.0000 -201.6667
vt 0.0000 -201.6667
vt 0.0000 -201.6667
vt 1.0000 -201.6667
vt 1.0000 -202.0000
vt 0.0000 -202.0000
vt 0.0000 -202.0000
vt 1.0000 -202.0000
vt 1.0000 -202.3333
vt 0.0000 -202.3333
vt 0.0000 -202.3333
vt 1.0000 -202.3333
vt 1.0000 -202.6667
vt 0.0000 -202.6667
vt 0.0000 -202.6667
vt 1.0000 -202.6667
vt 1.0000 -203.0000
vt 0.0000 -203.0000
vt 0.0000 -203.0000
vt 1.0000 -203.0000
vt 1.0000 -203.3333
vt 0.0000 -203.3333
vt 0.0000 -203.3333
vt 1.0000 -203.3333
vt 1.0000 -203.6667
vt 0.0000 -203.6667
vt 0.0000 -203.6667
vt 1.0000 -203.6667
vt 1.0000 -204.0000
vt 0.0000 -204.0000
vt 0.0000 -204.0000
vt 1.0000 -204.0000
vt 1.0000 -204.3333
vt 0.0000 -204.3333
vt 0.0000 -204.3333
vt 1.0000 -204.3333
vt 1.0000 -204.6667
vt 0.0000 -204.6667
vt 0.0000 -204.6667
vt 1.0000 -204.6667
vt 1.0000 -205.0000
vt 0.0000 -205.0000
vt 0.0000 -205.0000
vt 1.0000 -205.0000
vt 1.0000 -205.3333
vt 0.0000 -205.3333
vt 0.0000 -205.3333
vt 1.0000 -205.3333
vt 1.0000 -205.6667
vt 0.0000 -205.6667
vt 0.0000 -205.6667
vt 1.0000 -205.6667
vt 1.0000 -206.0000
vt 0.0000 -206.0000
vt 0.0000 -206.0000
vt 1.0000 -206.0000
vt 1.0000 -206.3333
vt 0.0000 -206.3333
vt 0.0000 -206.3333
vt 1.0000 -206.3333
vt 1.0000 -206.6667
vt 0.0000 -206.6667
vt 0.0000 -206.6667
vt 1.0000 -206.6667
vt 1.0000 -207.0000
vt 0.0000 -207.0000
vt 0.0000 -207.0000
vt 1.0000 -207.0000
vt 1.0000 -207.3333
vt 0.0000 -207.3333
vt 0.0000 -207.3333
vt 1.0000 -207.3333
vt 1.0000 -207.6667
vt 0.0000 -207.6667
vt 0.0000 -207.6667
vt 1.0000 -207.6667
vt 1.0000 -208.0000
vt 0.0000 -208.0000
vt 0.0000 -208.0000
vt 1.0000 -208.0000
vt 1.0000 -208.3333
vt 0.0000 -208.3333
vt 0.0000 -208.3333
vt 1.0000 -208.3333
vt 1.0000 -208.6667
vt 0.0000 -208.6667
vt 0.0000 -208.6667
vt 1.0000 -208.6667
vt 1.0000 -209.0000
vt 0.0000 -209.0000
vt 0.0000 -209.0000
vt 1.0000 -209.0000
vt 1.0000 -209.3333
vt 0.0000 -209.3333
vt 0.0000 -209.3333
vt 1.0000 -209.3333
vt 1.0000 -209.6667
vt 0.0000 -209.6667
vt 0.0000 -209.6667
vt 1.0000 -209.6667
vt 1.0000 -210.0000
vt 0.0000 -210.0000
vt 0.0000 -210.0000
vt 1.0000 -210.0000
vt 1.0000 -210.3333
vt 0.0000 -210.3333
vt 0.0000 -210.3333
vt 1.0000 -210.3333
vt 1.0000 -210.6667
vt 0.0000 -210.6667
vt 0.0000 -210.6667
vt 1.0000 -210.6667
vt 1.0000 -211.0000
vt 0.0000 -211.0000
vt 0.0000 -211.0000
vt 1.0000 -211.0000
vt 1.0000 -211.3333
vt 0.0000 -211.3333
vt 0.0000 -211.3333
vt 1.0000 -211.3333
vt 1.0000 -211.6667
vt 0.0000 -211.6667
vt 0.0000 -211.6667
vt 1.0000 -211.6667
vt 1.0000 -212.0000
vt 0.0000 -212.0000
vt 0.0000 -212.0000
vt 1.0000 -212.0000
vt 1.0000 -212.3333
vt 0.0000 -212.3333
vt 0.0000 -212.3333
vt 1.0000 -212.3333
vt 1.0000 -212.6667
vt 0.0000 -212.6667
vt 0.0000 -212.6667
vt 1.0000 -212.6667
vt 1.0000 -213.0000
vt 0.0000 -213.0000
vt 0.0000 -213.0000
vt 1.0000 -213.0000
vt 1.0000 -213.3333
vt 0.0000 -213.3333
vt 0.0000 -213.3333
vt 1.0000 -213.3333
vt 1.0000 -213.6667
vt 0.0000 -213.6667
vt 0.0000 -213.6667
vt 1.0000 -213.6667
vt 1.0000 -214.0000
vt 0.0000 -214.0000
vt 0.0000 -214.0000
vt 1.0000 -214.0000
vt 1.0000 -214.3333
vt 0.0000 -214.3333
vt 0.0000 -214.3333
vt 1.0000 -214.3333
vt 1.0000 -214.6667
vt 0.0000 -214.6667
vt 0.0000 -214.6667
vt 1.0000 -214.6667
vt 1.0000 -215.0000
vt 0.0000 -215.0000
vt 0.0000 -215.0000
vt 1.0000 -215.0000
vt 1.0000 -215.3333
vt 0.0000 -215.3333
vt 0.0000 -215.3333
vt 1.0000 -215.3333
vt 1.0000 -215.6667
vt 0.0000 -215.6667
vt 0.0000 -215.6667
vt 1.0000 -215.6667
vt 1.0000 -216.0000
vt 0.0000 -216.0000
vt 0.0000 -216.0000
vt 1.0000 -216.0000
vt 1.0000 -216.3333
vt 0.0000 -216.3333
vt 0.0000 -216.3333
vt 1.0000 -216.3333
vt 1.0000 -216.6667
vt 0.0000 -216.6667
vt 0.0000 -216.6667
vt 1.0000 -216.6667
vt 1.0000 -217.0000
vt 0.0000 -217.0000
vt 0.0000 -217.0000
vt 1.0000 -217.0000
vt 1.0000 -217.3333
vt 0.0000 -217.3333
vt 0.0000 -217.3333
vt 1.0000 -217.3333
vt 1.0000 -217.6667
vt 0.0000 -217.6667
vt 0.0000 -217.6667
vt 1.0000 -217.6667
vt 1.0000 -218.0000
vt 0.0000 -218.0000
vt 0.0000 -218.0000
vt 1.0000 -218.0000
vt 1.0000 -218.3333
vt 0.0000 -218.3333
vt 0.0000 -218.3333
vt 1.0000 -218.3333
vt 1.0000 -218.6667
vt 0.0000 -218.6667
vt 0.0000 -218.6667
vt 1.0000 -218.6667
vt 1.0000 -219.0000
vt 0.0000 -219.0000
vt 0.0000 -219.0000
vt 1.0000 -219.0000
vt 1.0000 -219.3333
vt 0.0000 -219.3333
vt 0.0000 -219.3333
vt 1.0000 -219.3333
vt 1.0000 -219.6667
vt 0.0000 -219.6667
vt 0.0000 -219.6667
vt 1.0000 -219.6667
vt 1.0000 -220.0000
vt 0.0000 -220.0000
vt 0.0000 -220.0000
vt 1.0000 -220.0000
vt 1.0000 -220.3333
vt 0.0000 -220.3333
vt 0.0000 -220.3333
vt 1.0000 -220.3333
vt 1.0000 -220.6667
vt 0.0000 -220.6667
vt 0.0000 -220.6667
vt 1.0000 -220.6667
vt 1.0000 -221.0000
vt 0.0000 -221.0000
vt 0.0000 -221.0000
vt 1.0000 -221.0000
vt 1.0000 -221.3333
vt 0.0000 -221.3333
vt 0.0000 -221.3333
vt 1.0000 -221.3333
vt 1.0000 -221.6667
vt 0.0000 -221.6667
vt 0.0000 -221.6667
vt 1.0000 -221.6667
vt 1.0000 -222.0000
vt 0.0000 -222.0000
vt 0.0000 -222.0000
vt 1.0000 -222.0000
vt 1.0000 -222.3333
vt 0.0000 -222.3333
vt 0.0000 -222.3333
vt 1.0000 -222.3333
vt 1.0000 -222.6667
vt 0.0000 -222.6667
vt 0.0000 -222.6667
vt 1.0000 -222.6667
vt 1.0000 -223.0000
vt 0.0000 -223.0000
vt 0.0000 -223.0000
vt 1.0000 -223.0000
vt 1.0000 -223.3333
vt 0.0000 -223.3333
vt 0.0000 -223.3333
vt 1.0000 -223.3333
vt 1.0000 -223.6667
vt 0.0000 -223.6667
vt 0.0000 -223.6667
vt 1.0000 -223.6667
vt 1.0000 -224.0000
vt 0.0000 -224.0000
vt 0.0000 -224.0000
vt 1.0000 -224.0000
vt 1.0000 -224.3333
vt 0.0000 -224.3333
vt 0.0000 -224.3333
vt 1.0000 -224.3333
vt 1.0000 -224.6667
vt 0.0000 -224.6667
vt 0.0000 -224.6667
vt 1.0000 -224.6667
vt 1.0000 -225.0000
vt 0.0000 -225.0000
vt 0.0000 -225.0000
vt 1.0000 -225.0000
vt 1.0000 -225.3333
vt 0.0000 -225.3333
vt 0.0000 -225.3333
vt 1.0000 -225.3333
vt 1.0000 -225.6667
vt 0.0000 -225.6667
vt 0.0000 -225.6667
vt 1.0000 -225.6667
vt 1.0000 -226.0000
vt 0.0000 -226.0000
vt 0.0000 -226.0000
vt 1.0000 -226.0000
vt 1.0000 -226.3333
vt 0.0000 -226.3333
vt 0.0000 -226.3333
vt 1.0000 -226.3333
vt 1.0000 -226.6667
vt 0.0000 -226.6667
vt 0.0000 -226.6667
vt 1.0000 -226.6667
vt 1.0000 -227.0000
vt 0.0000 -227.0000
vt 0.0000 -227.0000
vt 1.0000 -227.0000
vt 1.0000 -227.3333
vt 0.0000 -227.3333
vt 0.0000 -227.3333
vt 1.0000 -227.3333
vt 1.0000 -227.6667
vt 0.0000 -227.6667
vt 0.0000 -227.6667
vt 1.0000 -227.6667
vt 1.0000 -228.0000
vt 0.0000 -228.0000
vt 0.0000 -228.0000
vt 1.0000 -228.0000
vt 1.0000 -228.3333
vt 0.0000 -228.3333
vt 0.0000 -228.3333
vt 1.0000 -228.3333
vt 1.0000 -228.6667
vt 0.0000 -228.6667
vt 0.0000 -228.6667
vt 1.0000 -228.6667
vt 1.0000 -229.0000
vt 0.0000 -229.0000
vt 0.0000 -229.0000
vt 1.0000 -229.0000
vt 1.0000 -229.3333
vt 0.0000 -229.3333
vt 0.0000 -229.3333
vt 1.0000 -229.3333
vt 1.0000 -229.6667
vt 0.0000 -229.6667
vt 0.0000 -229.6667
vt 1.0000 -229.6667
vt 1.0000 -230.0000
vt 0.0000 -230.0000
vt 0.0000 -230.0000
vt 1.0000 -230.0000
vt 1.0000 -230.3333
vt 0.0000 -230.3333
vt 0.0000 -230.3333
vt 1.0000 -230.3333
vt 1.0000 -230.6667
vt 0.0000 -230.6667
vt 0.0000 -230.6667
vt 1.0000 -230.6667
vt 1.0000 -231.0000
vt 0.0000 -231.0000
vt 0.0000 -231.0000
vt 1.0000 -231.0000
vt 1.0000 -231.3333
vt 0.0000 -231.3333
vt 0.0000 -231.3333
vt 1.0000 -231.3333
vt 1.0000 -231.6667
vt 0.0000 -231.6667
vt 0.0000 -231.6667
vt 1.0000 -231.6667
vt 1.0000 -232.0000
vt 0.0000 -232.0000
vt 0.0000 -232.0000
vt 1.0000 -232.0000
vt 1.0000 -232.3333
vt 0.0000 -232.3333
vt 0.0000 -232.3333
vt 1.0000 -232.3333
vt 1.0000 -232.6667
vt 0.0000 -232.6667
vt 0.0000 -232.6667
vt 1.0000 -232.6667
vt 1.0000 -233.0000
vt 0.0000 -233.0000
vt 0.0000 -233.0000
vt 1.0000 -233.0000
vt 1.0000 -233.3333
vt 0.0000 -233.3333
vt 0.0000 -233.3333
vt 1.0000 -233.3333
vt 1.0000 -233.6667
vt 0.0000 -233.6667
vt 0.0000 -233.6667
vt 1.0000 -233.6667
vt 1.0000 -234.0000
vt 0.0000 -234.0000
vt 0.0000 -234.0000
vt 1.0000 -234.0000
vt 1.0000 -234.3333
vt 0.0000 -234.3333
vt 0.0000 -234.3333
vt 1.0000 -234.3333
vt 1.0000 -234.6667
vt 0.0000 -234.6667
vt 0.0000 -234.6667
vt 1.0000 -234.6667
vt 1.0000 -235.0000
vt 0.0000 -235.0000
vt 0.0000 -235.0000
vt 1.0000 -235.0000
vt 1.0000 -235.3333
vt 0.0000 -235.3333
vt 0.0000 -235.3333
vt 1.0000 -235.3333
vt 1.0000 -235.6667
vt 0.0000 -235.6667
vt 0.0000 -235.6667
vt 1.0000 -235.6667
vt 1.0000 -236.0000
vt 0.0000 -236.0000
vt 0.0000 -236.0000
vt 1.0000 -236.0000
vt 1.0000 -236.3333
vt 0.0000 -236.3333
vt 0.0000 -236.3333
vt 1.0000 -236.3333
vt 1.0000 -236.6667
vt 0.0000 -236.6667
vt 0.0000 -236.6667
vt 1.0000 -236.6667
vt 1.0000 -237.0000
vt 0.0000 -237.0000
vt 0.0000 -237.0000
vt 1.0000 -237.0000
vt 1.0000 -237.3333
vt 0.0000 -237.3333
vt 0.0000 -237.3333
vt 1.0000 -237.3333
vt 1.0000 -237.6667
vt 0.0000 -237.6667
vt 0.0000 -237.6667
vt 1.0000 -237.6667
vt 1.0000 -238.0000
vt 0.0000 -238.0000
vt 0.0000 -238.0000
vt 1.0000 -238.0000
vt 1.0000 -238.3333
vt 0.0000 -238.3333
vt 0.0000 -238.3333
vt 1.0000 -238.3333
vt 1.0000 -238.6667
vt 0.0000 -238.6667
vt 0.0000 -238.6667
vt 1.0000 -238.6667
vt 1.0000 -239.0000
vt 0.0000 -239.0000
f 1/1 2/2 3/3
f 1/1 3/3 4/4
f 5/5 6/6 7/7
f 5/5 7/7 8/8
f 9/9 10/10 11/11
f 9/9 11/11 12/12
f 13/13 14/14 15/15
f 13/13 15/15 16/16
f 17/17 18/18 19/19
f 17/17 19/19 20/20
f 21/21 22/22 23/23
f 21/21 23/23 24/24
f 25/25 26/26 27/27
f 25/25 27/27 28/28
f 29/29 30/30 31/31
f 29/29 31/31 32/32
f 33/33 34/34 35/35
f 33/33 35/35 36/36
f 37/37 38/38 39/39
f 37/37 39/39 40/40
f 41/41 42/42 43/43
f 41/41 43/43 44/44
f 45/45 46/46 47/47
f 45/45 47/47 48/48
f 49/49 50/50 51/51
f 49/49 51/51 52/52
f 53/53 54/54 55/55
f 53/53 55/55 56/56
f 57/57 58/58 59/59
f 57/57 59/59 60/60
f 61/61 62/62 63/63
f 61/61 63/63 64/64
f 65/65 66/66 67/67
f 65/65 67/67 68/68
f 69/69 70/70 71/71
f 69/69 71/71 72/72
f 73/73 74/74 75/75
f 73/73 75/75 76/76
f 77/77 78/78 79/79
f 77/77 79/79 80/80
f 81/81 82/82 83/83
f 81/81 83/83 84/84
f 85/85 86/86 87/87
f 85/85 87/87 88/88
f 89/89 90/90 91/91
f 89/89 91/91 92/92
f 93/93 94/94 95/95
f 93/93 95/95 96/96
f 97/97 98/98 99/99
f 97/97 99/99 100/100
f 101/101 102/102 103/103
f 101/101 103/103 104/104
f 105/105 106/106 107/107
f 105/105 107/107 108/108
f 109/109 110/110 111/111
f 109/109 111/111 112/112
f 113/113 114/114 115/115
f 113/113 115/115 116/116
f 117/117 118/118 119/119
f 117/117 119/119 120/120
f 121/121 122/122 123/123
f 121/121 123/123 124/124
f 125/125 126/126 127/127
f 125/125 127/127 128/128
f 129/129 130/130 131/131
f 129/129 131/131 132/132
f 133/133 134/134 135/135
f 133/133 135/135 136/136
f 137/137 138/138 139/139
f 137/137 139/139 140/140
f 141/141 142/142 143/143
f 141/141 143/143 144/144
f 145/145 146/146 147/147
f 145/145 147/147 148/148
f 149/149 150/150 151/151
f 149/149 151/151 152/152
f 153/153 154/154 155/155
f 153/153 155/155 156/156
f 157/157 158/158 159/159
f 157/157 159/159 160/160
f 161/161 162/162 163/163
f 161/161 163/163 164/164
f 165/165 166/166 167/167
f 165/165 167/167 168/168
f 169/169 170/170 171/171
f 169/169 171/171 172/172
f 173/173 174/174 175/175
f 173/173 175/175 176/176
f 177/177 178/178 179/179
f 177/177 179/179 180/180
f 181/181 182/182 183/183
f 181/181 183/183 184/184
f 185/185 186/186 187/187
f 185/185 187/187 188/188
f 189/189 190/190 191/191
f 189/189 191/191 192/192
f 193/193 194/194 195/195
f 193/193 195/195 196/196
f 197/197 198/198 199/199
f 197/197 199/199 200/200
f 201/201 202/202 203/203
f 201/201 203/203 204/204
f 205/205 206/206 207/207
f 205/205 207/207 208/208
f 209/209 210/210 211/211
f 209/209 211/211 212/212
f 213/213 214/214 215/215
f 213/213 215/215 216/216
f 217/217 218/218 219/219
f 217/217 219/219 220/220
f 221/221 222/222 223/223
f 221/221 223/223 224/224
f 225/225 226/226 227/227
f 225/225 227/227 228/228
f 229/229 230/230 231/231
f 229/229 231/231 232/232
f 233/233 234/234 235/235
f 233/233 235/235 236/236
f 237/237 238/238 239/239
f 237/237 239/239 240/240
f 241/241 242/242 243/243
f 241/241 243/243 244/244
f 245/245 246/246 247/247
f 245/245 247/247 248/248
f 249/249 250/250 251/251
f 249/249 251/251 252/252
f 253/253 254/254 255/255
f 253/253 255/255 256/256
f 257/257 258/258 259/259
f 257/257 259/259 260/260
f 261/261 262/262 263/263
f 261/261 263/263 264/264
f 265/265 266/266 267/267
f 265/265 267/267 268/268
f 269/269 270/270 271/271
f 269/269 271/271 272/272
f 273/273 274/274 275/275
f 273/273 275/275 276/276
f 277/277 278/278 279/279
f 277/277 279/279 280/280
f 281/281 282/282 283/283
f 281/281 283/283 284/284
f 285/285 286/286 287/287
f 285/285 287/287 288/288
f 289/289 290/290 291/291
f 289/289 291/291 292/292
f 293/293 294/294 295/295
f 293/293 295/295 296/296
f 297/297 298/298 299/299
f 297/297 299/299 300/300
f 301/301 302/302 303/303
f 301/301 303/303 304/304
f 305/305 306/306 307/307
f 305/305 307/307 308/308
f 309/309 310/310 311/311
f 309/309 311/311 312/312
f 313/313 314/314 315/315
f 313/313 315/315 316/316
f 317/317 318/318 319/319
f 317/317 319/319 320/320
f 321/321 322/322 323/323
f 321/321 323/323 324/324
f 325/325 326/326 327/327
f 325/325 327/327 328/328
f 329/329 330/330 331/331
f 329/329 331/331 332/332
f 333/333 334/334 335/335
f 333/333 335/335 336/336
f 337/337 338/338 339/339
f 337/337 339/339 340/340
f 341/341 342/342 343/343
f 341/341 343/343 344/344
f 345/345 346/346 347/347
f 345/345 347/347 348/348
f 349/349 350/350 351/351
f 349/349 351/351 352/352
f 353/353 354/354 355/355
f 353/353 355/355 356/356
f 357/357 358/358 359/359
f 357/357 359/359 360/360
f 361/361 362/362 363/363
f 361/361 363/363 364/364
f 365/365 366/366 367/367
f 365/365 367/367 368/368
f 369/369 370/370 371/371
f 369/369 371/371 372/372
f 373/373 374/374 375/375
f 373/373 375/375 376/376
f 377/377 378/378 379/379
f 377/377 379/379 380/380
f 381/381 382/382 383/383
f 381/381 383/383 384/384
f 385/385 386/386 387/387
f 385/385 387/387 388/388
f 389/389 390/390 391/391
f 389/389 391/391 392/392
f 393/393 394/394 395/395
f 393/393 395/395 396/396
f 397/397 398/398 399/399
f 397/397 399/399 400/400
f 401/401 402/402 403/403
f 401/401 403/403 404/404
f 405/405 406/406 407/407
f 405/405 407/407 408/408
f 409/409 410/410 411/411
f 409/409 411/411 412/412
f 413/413 414/414 415/415
f 413/413 415/415 416/416
f 417/417 418/418 419/419
f 417/417 419/419 420/420
f 421/421 422/422 423/423
f 421/421 423/423 424/424
f 425/425 426/426 427/427
f 425/425 427/427 428/428
f 429/429 430/430 431/431
f 429/429 431/431 432/432
f 433/433 434/434 435/435
f 433/433 435/435 436/436
f 437/437 438/438 439/439
f 437/437 439/439 440/440
f 441/441 442/442 443/443
f 441/441 443/443 444/444
f 445/445 446/446 447/447
f 445/445 447/447 448/448
f 449/449 450/450 451/451
f 449/449 451/451 452/452
f 453/453 454/454 455/455
f 453/453 455/455 456/456
f 457/457 458/458 459/459
f 457/457 459/459 460/460
f 461/461 462/462 463/463
f 461/461 463/463 464/464
f 465/465 466/466 467/467
f 465/465 467/467 468/468
f 469/469 470/470 471/471
f 469/469 471/471 472/472
f 473/473 474/474 475/475
f 473/473 475/475 476/476
f 477/477 478/478 479/479
f 477/477 479/479 480/480
f 481/481 482/482 483/483
f 481/481 483/483 484/484
f 485/485 486/486 487/487
f 485/485 487/487 488/488
f 489/489 490/490 491/491
f 489/489 491/491 492/492
f 493/493 494/494 495/495
f 493/493 495/495 496/496
f 497/497 498/498 499/499
f 497/497 499/499 500/500
f 501/501 502/502 503/503
f 501/501 503/503 504/504
f 505/505 506/506 507/507
f 505/505 507/507 508/508
f 509/509 510/510 511/511
f 509/509 511/511 512/512
f 513/513 514/514 515/515
f 513/513 515/515 516/516
f 517/517 518/518 519/519
f 517/517 519/519 520/520
f 521/521 522/522 523/523
f 521/521 523/523 524/524
f 525/525 526/526 527/527
f 525/525 527/527 528/528
f 529/529 530/530 531/531
f 529/529 531/531 532/532
f 533/533 534/534 535/535
f 533/533 535/535 536/536
f 537/537 538/538 539/539
f 537/537 539/539 540/540
f 541/541 542/542 543/543
f 541/541 543/543 544/544
f 545/545 546/546 547/547
f 545/545 547/547 548/548
f 549/549 550/550 551/551
f 549/549 551/551 552/552
f 553/553 554/554 555/555
f 553/553 555/555 556/556
f 557/557 558/558 559/559
f 557/557 559/559 560/560
f 561/561 562/562 563/563
f 561/561 563/563 564/564
f 565/565 566/566 567/567
f 565/565 567/567 568/568
f 569/569 570/570 571/571
f 569/569 571/571 572/572
f 573/573 574/574 575/575
f 573/573 575/575 576/576
f 577/577 578/578 579/579
f 577/577 579/579 580/580
f 581/581 582/582 583/583
f 581/581 583/583 584/584
f 585/585 586/586 587/587
f 585/585 587/587 588/588
f 589/589 590/590 591/591
f 589/589 591/591 592/592
f 593/593 594/594 595/595
f 593/593 595/595 596/596
f 597/597 598/598 599/599
f 597/597 599/599 600/600
f 601/601 602/602 603/603
f 601/601 603/603 604/604
f 605/605 606/606 607/607
f 605/605 607/607 608/608
f 609/609 610/610 611/611
f 609/609 611/611 612/612
f 613/613 614/614 615/615
f 613/613 615/615 616/616
f 617/617 618/618 619/619
f 617/617 619/619 620/620
f 621/621 622/622 623/623
f 621/621 623/623 624/624
f 625/625 626/626 627/627
f 625/625 627/627 628/628
f 629/629 630/630 631/631
f 629/629 631/631 632/632
f 633/633 634/634 635/635
f 633/633 635/635 636/636
f 637/637 638/638 639/639
f 637/637 639/639 640/640
f 641/641 642/642 643/643
f 641/641 643/643 644/644
f 645/645 646/646 647/647
f 645/645 647/647 648/648
f 649/649 650/650 651/651
f 649/649 651/651 652/652
f 653/653 654/654 655/655
f 653/653 655/655 656/656
f 657/657 658/658 659/659
f 657/657 659/659 660/660
f 661/661 662/662 663/663
f 661/661 663/663 664/664
f 665/665 666/666 667/667
f 665/665 667/667 668/668
f 669/669 670/670 671/671
f 669/669 671/671 672/672
f 673/673 674/674 675/675
f 673/673 675/675 676/676
f 677/677 678/678 679/679
f 677/677 679/679 680/680
f 681/681 682/682 683/683
f 681/681 683/683 684/684
f 685/685 686/686 687/687
f 685/685 687/687 688/688
f 689/689 690/690 691/691
f 689/689 691/691 692/692
f 693/693 694/694 695/695
f 693/693 695/695 696/696
f 697/697 698/698 699/699
f 697/697 699/699 700/700
f 701/701 702/702 703/703
f 701/701 703/703 704/704
f 705/705 706/706 707/707
f 705/705 707/707 708/708
f 709/709 710/710 711/711
f 709/709 711/711 712/712
f 713/713 714/714 715/715
f 713/713 715/715 716/716
f 717/717 718/718 719/719
f 717/717 719/719 720/720
f 721/721 722/722 723/723
f 721/721 723/723 724/724
f 725/725 726/726 727/727
f 725/725 727/727 728/728
f 729/729 730/730 731/731
f 729/729 731/731 732/732
f 733/733 734/734 735/735
f 733/733 735/735 736/736
f 737/737 738/738 739/739
f 737/737 739/739 740/740
f 741/741 742/742 743/743
f 741/741 743/743 744/744
f 745/745 746/746 747/747
f 745/745 747/747 748/748
f 749/749 750/750 751/751
f 749/749 751/751 752/752
f 753/753 754/754 755/755
f 753/753 755/755 756/756
f 757/757 758/758 759/759
f 757/757 759/759 760/760
f 761/761 762/762 763/763
f 761/761 763/763 764/764
f 765/765 766/766 767/767
f 765/765 767/767 768/768
f 769/769 770/770 771/771
f 769/769 771/771 772/772
f 773/773 774/774 775/775
f 773/773 775/775 776/776
f 777/777 778/778 779/779
f 777/777 779/779 780/780
f 781/781 782/782 783/783
f 781/781 783/783 784/784
f 785/785 786/786 787/787
f 785/785 787/787 788/788
f 789/789 790/790 791/791
f 789/789 791/791 792/792
f 793/793 794/794 795/795
f 793/793 795/795 796/796
f 797/797 798/798 799/799
f 797/797 799/799 800/800
f 801/801 802/802 803/803
f 801/801 803/803 804/804
f 805/805 806/806 807/807
f 805/805 807/807 808/808
f 809/809 810/810 811/811
f 809/809 811/811 812/812
f 813/813 814/814 815/815
f 813/813 815/815 816/816
f 817/817 818/818 819/819
f 817/817 819/819 820/820
f 821/821 822/822 823/823
f 821/821 823/823 824/824
f 825/825 826/826 827/827
f 825/825 827/827 828/828
f 829/829 830/830 831/831
f 829/829 831/831 832/832
f 833/833 834/834 835/835
f 833/833 835/835 836/836
f 837/837 838/838 839/839
f 837/837 839/839 840/840
f 841/841 842/842 843/843
f 841/841 843/843 844/844
f 845/845 846/846 847/847
f 845/845 847/847 848/848
f 849/849 850/850 851/851
f 849/849 851/851 852/852
f 853/853 854/854 855/855
f 853/853 855/855 856/856
f 857/857 858/858 859/859
f 857/857 859/859 860/860
f 861/861 862/862 863/863
f 861/861 863/863 864/864
f 865/865 866/866 867/867
f 865/865 867/867 868/868
f 869/869 870/870 871/871
f 869/869 871/871 872/872
f 873/873 874/874 875/875
f 873/873 875/875 876/876
f 877/877 878/878 879/879
f 877/877 879/879 880/880
f 881/881 882/882 883/883
f 881/881 883/883 884/884
f 885/885 886/886 887/887
f 885/885 887/887 888/888
f 889/889 890/890 891/891
f 889/889 891/891 892/892
f 893/893 894/894 895/895
f 893/893 895/895 896/896
f 897/897 898/898 899/899
f 897/897 899/899 900/900
f 901/901 902/902 903/903
f 901/901 903/903 904/904
f 905/905 906/906 907/907
f 905/905 907/907 908/908
f 909/909 910/910 911/911
f 909/909 911/911 912/912
f 913/913 914/914 915/915
f 913/913 915/915 916/916
f 917/917 918/918 919/919
f 917/917 919/919 920/920
f 921/921 922/922 923/923
f 921/921 923/923 924/924
f 925/925 926/926 927/927
f 925/925 927/927 928/928
f 929/929 930/930 931/931
f 929/929 931/931 932/932
f 933/933 934/934 935/935
f 933/933 935/935 936/936
f 937/937 938/938 939/939
f 937/937 939/939 940/940
f 941/941 942/942 943/943
f 941/941 943/943 944/944
f 945/945 946/946 947/947
f 945/945 947/947 948/948
f 949/949 950/950 951/951
f 949/949 951/951 952/952
f 953/953 954/954 955/955
f 953/953 955/955 956/956
f 957/957 958/958 959/959
f 957/957 959/959 960/960
f 961/961 962/962 963/963
f 961/961 963/963 964/964
f 965/965 966/966 967/967
f 965/965 967/967 968/968
f 969/969 970/970 971/971
f 969/969 971/971 972/972
f 973/973 974/974 975/975
f 973/973 975/975 976/976
f 977/977 978/978 979/979
f 977/977 979/979 980/980
f 981/981 982/982 983/983
f 981/981 983/983 984/984
f 985/985 986/986 987/987
f 985/985 987/987 988/988
f 989/989 990/990 991/991
f 989/989 991/991 992/992
f 993/993 994/994 995/995
f 993/993 995/995 996/996
f 997/997 998/998 999/999
f 997/997 999/999 1000/1000
f 1001/1001 1002/1002 1003/1003
f 1001/1001 1003/1003 1004/1004
f 1005/1005 1006/1006 1007/1007
f 1005/1005 1007/1007 1008/1008
f 1009/1009 1010/1010 1011/1011
f 1009/1009 1011/1011 1012/1012
f 1013/1013 1014/1014 1015/1015
f 1013/1013 1015/1015 1016/1016
f 1017/1017 1018/1018 1019/1019
f 1017/1017 1019/1019 1020/1020
f 1021/1021 1022/1022 1023/1023
f 1021/1021 1023/1023 1024/1024
f 1025/1025 1026/1026 1027/1027
f 1025/1025 1027/1027 1028/1028
f 1029/1029 1030/1030 1031/1031
f 1029/1029 1031/1031 1032/1032
f 1033/1033 1034/1034 1035/1035
f 1033/1033 1035/1035 1036/1036
f 1037/1037 1038/1038 1039/1039
f 1037/1037 1039/1039 1040/1040
f 1041/1041 1042/1042 1043/1043
f 1041/1041 1043/1043 1044/1044
f 1045/1045 1046/1046 1047/1047
f 1045/1045 1047/1047 1048/1048
f 1049/1049 1050/1050 1051/1051
f 1049/1049 1051/1051 1052/1052
f 1053/1053 1054/1054 1055/1055
f 1053/1053 1055/1055 1056/1056
f 1057/1057 1058/1058 1059/1059
f 1057/1057 1059/1059 1060/1060
f 1061/1061 1062/1062 1063/1063
f 1061/1061 1063/1063 1064/1064
f 1065/1065 1066/1066 1067/1067
f 1065/1065 1067/1067 1068/1068
f 1069/1069 1070/1070 1071/1071
f 1069/1069 1071/1071 1072/1072
f 1073/1073 1074/1074 1075/1075
f 1073/1073 1075/1075 1076/1076
f 1077/1077 1078/1078 1079/1079
f 1077/1077 1079/1079 1080/1080
f 1081/1081 1082/1082 1083/1083
f 1081/1081 1083/1083 1084/1084
f 1085/1085 1086/1086 1087/1087
f 1085/1085 1087/1087 1088/1088
f 1089/1089 1090/1090 1091/1091
f 1089/1089 1091/1091 1092/1092
f 1093/1093 1094/1094 1095/1095
f 1093/1093 1095/1095 1096/1096
f 1097/1097 1098/1098 1099/1099
f 1097/1097 1099/1099 1100/1100
f 1101/1101 1102/1102 1103/1103
f 1101/1101 1103/1103 1104/1104
f 1105/1105 1106/1106 1107/1107
f 1105/1105 1107/1107 1108/1108
f 1109/1109 1110/1110 1111/1111
f 1109/1109 1111/1111 1112/1112
f 1113/1113 1114/1114 1115/1115
f 1113/1113 1115/1115 1116/1116
f 1117/1117 1118/1118 1119/1119
f 1117/1117 1119/1119 1120/1120
f 1121/1121 1122/1122 1123/1123
f 1121/1121 1123/1123 1124/1124
f 1125/1125 1126/1126 1127/1127
f 1125/1125 1127/1127 1128/1128
f 1129/1129 1130/1130 1131/1131
f 1129/1129 1131/1131 1132/1132
f 1133/1133 1134/1134 1135/1135
f 1133/1133 1135/1135 1136/1136
f 1137/1137 1138/1138 1139/1139
f 1137/1137 1139/1139 1140/1140
f 1141/1141 1142/1142 1143/1143
f 1141/1141 1143/1143 1144/1144
f 1145/1145 1146/1146 1147/1147
f 1145/1145 1147/1147 1148/1148
f 1149/1149 1150/1150 1151/1151
f 1149/1149 1151/1151 1152/1152
f 1153/1153 1154/1154 1155/1155
f 1153/1153 1155/1155 1156/1156
f 1157/1157 1158/1158 1159/1159
f 1157/1157 1159/1159 1160/1160
f 1161/1161 1162/1162 1163/1163
f 1161/1161 1163/1163 1164/1164
f 1165/1165 1166/1166 1167/1167
f 1165/1165 1167/1167 1168/1168
f 1169/1169 1170/1170 1171/1171
f 1169/1169 1171/1171 1172/1172
f 1173/1173 1174/1174 1175/1175
f 1173/1173 1175/1175 1176/1176
f 1177/1177 1178/1178 1179/1179
f 1177/1177 1179/1179 1180/1180
f 1181/1181 1182/1182 1183/1183
f 1181/1181 1183/1183 1184/1184
f 1185/1185 1186/1186 1187/1187
f 1185/1185 1187/1187 1188/1188
f 1189/1189 1190/1190 1191/1191
f 1189/1189 1191/1191 1192/1192
f 1193/1193 1194/1194 1195/1195
f 1193/1193 1195/1195 1196/1196
f 1197/1197 1198/1198 1199/1199
f 1197/1197 1199/1199 1200/1200
f 1201/1201 1202/1202 1203/1203
f 1201/1201 1203/1203 1204/1204
f 1205/1205 1206/1206 1207/1207
f 1205/1205 1207/1207 1208/1208
f 1209/1209 1210/1210 1211/1211
f 1209/1209 1211/1211 1212/1212
f 1213/1213 1214/1214 1215/1215
f 1213/1213 1215/1215 1216/1216
f 1217/1217 1218/1218 1219/1219
f 1217/1217 1219/1219 1220/1220
f 1221/1221 1222/1222 1223/1223
f 1221/1221 1223/1223 1224/1224
f 1225/1225 1226/1226 1227/1227
f 1225/1225 1227/1227 1228/1228
f 1229/1229 1230/1230 1231/1231
f 1229/1229 1231/1231 1232/1232
f 1233/1233 1234/1234 1235/1235
f 1233/1233 1235/1235 1236/1236
f 1237/1237 1238/1238 1239/1239
f 1237/1237 1239/1239 1240/1240
f 1241/1241 1242/1242 1243/1243
f 1241/1241 1243/1243 1244/1244
f 1245/1245 1246/1246 1247/1247
f 1245/1245 1247/1247 1248/1248
f 1249/1249 1250/1250 1251/1251
f 1249/1249 1251/1251 1252/1252
f 1253/1253 1254/1254 1255/1255
f 1253/1253 1255/1255 1256/1256
f 1257/1257 1258/1258 1259/1259
f 1257/1257 1259/1259 1260/1260
f 1261/1261 1262/1262 1263/1263
f 1261/1261 1263/1263 1264/1264
f 1265/1265 1266/1266 1267/1267
f 1265/1265 1267/1267 1268/1268
f 1269/1269 1270/1270 1271/1271
f 1269/1269 1271/1271 1272/1272
f 1273/1273 1274/1274 1275/1275
f 1273/1273 1275/1275 1276/1276
f 1277/1277 1278/1278 1279/1279
f 1277/1277 1279/1279 1280/1280
f 1281/1281 1282/1282 1283/1283
f 1281/1281 1283/1283 1284/1284
f 1285/1285 1286/1286 1287/1287
f 1285/1285 1287/1287 1288/1288
f 1289/1289 1290/1290 1291/1291
f 1289/1289 1291/1291 1292/1292
f 1293/1293 1294/1294 1295/1295
f 1293/1293 1295/1295 1296/1296
f 1297/1297 1298/1298 1299/1299
f 1297/1297 1299/1299 1300/1300
f 1301/1301 1302/1302 1303/1303
f 1301/1301 1303/1303 1304/1304
f 1305/1305 1306/1306 1307/1307
f 1305/1305 1307/1307 1308/1308
f 1309/1309 1310/1310 1311/1311
f 1309/1309 1311/1311 1312/1312
f 1313/1313 1314/1314 1315/1315
f 1313/1313 1315/1315 1316/1316
f 1317/1317 1318/1318 1319/1319
f 1317/1317 1319/1319 1320/1320
f 1321/1321 1322/1322 1323/1323
f 1321/1321 1323/1323 1324/1324
f 1325/1325 1326/1326 1327/1327
f 1325/1325 1327/1327 1328/1328
f 1329/1329 1330/1330 1331/1331
f 1329/1329 1331/1331 1332/1332
f 1333/1333 1334/1334 1335/1335
f 1333/1333 1335/1335 1336/1336
f 1337/1337 1338/1338 1339/1339
f 1337/1337 1339/1339 1340/1340
f 1341/1341 1342/1342 1343/1343
f 1341/1341 1343/1343 1344/1344
f 1345/1345 1346/1346 1347/1347
f 1345/1345 1347/1347 1348/1348
f 1349/1349 1350/1350 1351/1351
f 1349/1349 1351/1351 1352/1352
f 1353/1353 1354/1354 1355/1355
f 1353/1353 1355/1355 1356/1356
f 1357/1357 1358/1358 1359/1359
f 1357/1357 1359/1359 1360/1360
f 1361/1361 1362/1362 1363/1363
f 1361/1361 1363/1363 1364/1364
f 1365/1365 1366/1366 1367/1367
f 1365/1365 1367/1367 1368/1368
f 1369/1369 1370/1370 1371/1371
f 1369/1369 1371/1371 1372/1372
f 1373/1373 1374/1374 1375/1375
f 1373/1373 1375/1375 1376/1376
f 1377/1377 1378/1378 1379/1379
f 1377/1377 1379/1379 1380/1380
f 1381/1381 1382/1382 1383/1383
f 1381/1381 1383/1383 1384/1384
f 1385/1385 1386/1386 1387/1387
f 1385/1385 1387/1387 1388/1388
f 1389/1389 1390/1390 1391/1391
f 1389/1389 1391/1391 1392/1392
f 1393/1393 1394/1394 1395/1395
f 1393/1393 1395/1395 1396/1396
f 1397/1397 1398/1398 1399/1399
f 1397/1397 1399/1399 1400/1400
f 1401/1401 1402/1402 1403/1403
f 1401/1401 1403/1403 1404/1404
f 1405/1405 1406/1406 1407/1407
f 1405/1405 1407/1407 1408/1408
f 1409/1409 1410/1410 1411/1411
f 1409/1409 1411/1411 1412/1412
f 1413/1413 1414/1414 1415/1415
f 1413/1413 1415/1415 1416/1416
f 1417/1417 1418/1418 1419/1419
f 1417/1417 1419/1419 1420/1420
f 1421/1421 1422/1422 1423/1423
f 1421/1421 1423/1423 1424/1424
f 1425/1425 1426/1426 1427/1427
f 1425/1425 1427/1427 1428/1428
f 1429/1429 1430/1430 1431/1431
f 1429/1429 1431/1431 1432/1432
f 1433/1433 1434/1434 1435/1435
f 1433/1433 1435/1435 1436/1436
f 1437/1437 1438/1438 1439/1439
f 1437/1437 1439/1439 1440/1440
f 1441/1441 1442/1442 1443/1443
f 1441/1441 1443/1443 1444/1444
f 1445/1445 1446/1446 1447/1447
f 1445/1445 1447/1447 1448/1448
f 1449/1449 1450/1450 1451/1451
f 1449/1449 1451/1451 1452/1452
f 1453/1453 1454/1454 1455/1455
f 1453/1453 1455/1455 1456/1456
f 1457/1457 1458/1458 1459/1459
f 1457/1457 1459/1459 1460/1460
f 1461/1461 1462/1462 1463/1463
f 1461/1461 1463/1463 1464/1464
f 1465/1465 1466/1466 1467/1467
f 1465/1465 1467/1467 1468/1468
f 1469/1469 1470/1470 1471/1471
f 1469/1469 1471/1471 1472/1472
f 1473/1473 1474/1474 1475/1475
f 1473/1473 1475/1475 1476/1476
f 1477/1477 1478/1478 1479/1479
f 1477/1477 1479/1479 1480/1480
f 1481/1481 1482/1482 1483/1483
f 1481/1481 1483/1483 1484/1484
f 1485/1485 1486/1486 1487/1487
f 1485/1485 1487/1487 1488/1488
f 1489/1489 1490/1490 1491/1491
f 1489/1489 1491/1491 1492/1492
f 1493/1493 1494/1494 1495/1495
f 1493/1493 1495/1495 1496/1496
f 1497/1497 1498/1498 1499/1499
f 1497/1497 1499/1499 1500/1500
f 1501/1501 1502/1502 1503/1503
f 1501/1501 1503/1503 1504/1504
f 1505/1505 1506/1506 1507/1507
f 1505/1505 1507/1507 1508/1508
f 1509/1509 1510/1510 1511/1511
f 1509/1509 1511/1511 1512/1512
f 1513/1513 1514/1514 1515/1515
f 1513/1513 1515/1515 1516/1516
f 1517/1517 1518/1518 1519/1519
f 1517/1517 1519/1519 1520/1520
f 1521/1521 1522/1522 1523/1523
f 1521/1521 1523/1523 1524/1524
f 1525/1525 1526/1526 1527/1527
f 1525/1525 1527/1527 1528/1528
f 1529/1529 1530/1530 1531/1531
f 1529/1529 1531/1531 1532/1532
f 1533/1533 1534/1534 1535/1535
f 1533/1533 1535/1535 1536/1536
f 1537/1537 1538/1538 1539/1539
f 1537/1537 1539/1539 1540/1540
f 1541/1541 1542/1542 1543/1543
f 1541/1541 1543/1543 1544/1544
f 1545/1545 1546/1546 1547/1547
f 1545/1545 1547/1547 1548/1548
f 1549/1549 1550/1550 1551/1551
f 1549/1549 1551/1551 1552/1552
f 1553/1553 1554/1554 1555/1555
f 1553/1553 1555/1555 1556/1556
f 1557/1557 1558/1558 1559/1559
f 1557/1557 1559/1559 1560/1560
f 1561/1561 1562/1562 1563/1563
f 1561/1561 1563/1563 1564/1564
f 1565/1565 1566/1566 1567/1567
f 1565/1565 1567/1567 1568/1568
f 1569/1569 1570/1570 1571/1571
f 1569/1569 1571/1571 1572/1572
f 1573/1573 1574/1574 1575/1575
f 1573/1573 1575/1575 1576/1576
f 1577/1577 1578/1578 1579/1579
f 1577/1577 1579/1579 1580/1580
f 1581/1581 1582/1582 1583/1583
f 1581/1581 1583/1583 1584/1584
f 1585/1585 1586/1586 1587/1587
f 1585/1585 1587/1587 1588/1588
f 1589/1589 1590/1590 1591/1591
f 1589/1589 1591/1591 1592/1592
f 1593/1593 1594/1594 1595/1595
f 1593/1593 1595/1595 1596/1596
f 1597/1597 1598/1598 1599/1599
f 1597/1597 1599/1599 1600/1600
f 1601/1601 1602/1602 1603/1603
f 1601/1601 1603/1603 1604/1604
f 1605/1605 1606/1606 1607/1607
f 1605/1605 1607/1607 1608/1608
f 1609/1609 1610/1610 1611/1611
f 1609/1609 1611/1611 1612/1612
f 1613/1613 1614/1614 1615/1615
f 1613/1613 1615/1615 1616/1616
f 1617/1617 1618/1618 1619/1619
f 1617/1617 1619/1619 1620/1620
f 1621/1621 1622/1622 1623/1623
f 1621/1621 1623/1623 1624/1624
f 1625/1625 1626/1626 1627/1627
f 1625/1625 1627/1627 1628/1628
f 1629/1629 1630/1630 1631/1631
f 1629/1629 1631/1631 1632/1632
f 1633/1633 1634/1634 1635/1635
f 1633/1633 1635/1635 1636/1636
f 1637/1637 1638/1638 1639/1639
f 1637/1637 1639/1639 1640/1640
f 1641/1641 1642/1642 1643/1643
f 1641/1641 1643/1643 1644/1644
f 1645/1645 1646/1646 1647/1647
f 1645/1645 1647/1647 1648/1648
f 1649/1649 1650/1650 1651/1651
f 1649/1649 1651/1651 1652/1652
f 1653/1653 1654/1654 1655/1655
f 1653/1653 1655/1655 1656/1656
f 1657/1657 1658/1658 1659/1659
f 1657/1657 1659/1659 1660/1660
f 1661/1661 1662/1662 1663/1663
f 1661/1661 1663/1663 1664/1664
f 1665/1665 1666/1666 1667/1667
f 1665/1665 1667/1667 1668/1668
f 1669/1669 1670/1670 1671/1671
f 1669/1669 1671/1671 1672/1672
f 1673/1673 1674/1674 1675/1675
f 1673/1673 1675/1675 1676/1676
f 1677/1677 1678/1678 1679/1679
f 1677/1677 1679/1679 1680/1680
f 1681/1681 1682/1682 1683/1683
f 1681/1681 1683/1683 1684/1684
f 1685/1685 1686/1686 1687/1687
f 1685/1685 1687/1687 1688/1688
f 1689/1689 1690/1690 1691/1691
f 1689/1689 1691/1691 1692/1692
f 1693/1693 1694/1694 1695/1695
f 1693/1693 1695/1695 1696/1696
f 1697/1697 1698/1698 1699/1699
f 1697/1697 1699/1699 1700/1700
f 1701/1701 1702/1702 1703/1703
f 1701/1701 1703/1703 1704/1704
f 1705/1705 1706/1706 1707/1707
f 1705/1705 1707/1707 1708/1708
f 1709/1709 1710/1710 1711/1711
f 1709/1709 1711/1711 1712/1712
f 1713/1713 1714/1714 1715/1715
f 1713/1713 1715/1715 1716/1716
f 1717/1717 1718/1718 1719/1719
f 1717/1717 1719/1719 1720/1720
f 1721/1721 1722/1722 1723/1723
f 1721/1721 1723/1723 1724/1724
f 1725/1725 1726/1726 1727/1727
f 1725/1725 1727/1727 1728/1728
f 1729/1729 1730/1730 1731/1731
f 1729/1729 1731/1731 1732/1732
f 1733/1733 1734/1734 1735/1735
f 1733/1733 1735/1735 1736/1736
f 1737/1737 1738/1738 1739/1739
f 1737/1737 1739/1739 1740/1740
f 1741/1741 1742/1742 1743/1743
f 1741/1741 1743/1743 1744/1744
f 1745/1745 1746/1746 1747/1747
f 1745/1745 1747/1747 1748/1748
f 1749/1749 1750/1750 1751/1751
f 1749/1749 1751/1751 1752/1752
f 1753/1753 1754/1754 1755/1755
f 1753/1753 1755/1755 1756/1756
f 1757/1757 1758/1758 1759/1759
f 1757/1757 1759/1759 1760/1760
f 1761/1761 1762/1762 1763/1763
f 1761/1761 1763/1763 1764/1764
f 1765/1765 1766/1766 1767/1767
f 1765/1765 1767/1767 1768/1768
f 1769/1769 1770/1770 1771/1771
f 1769/1769 1771/1771 1772/1772
f 1773/1773 1774/1774 1775/1775
f 1773/1773 1775/1775 1776/1776
f 1777/1777 1778/1778 1779/1779
f 1777/1777 1779/1779 1780/1780
f 1781/1781 1782/1782 1783/1783
f 1781/1781 1783/1783 1784/1784
f 1785/1785 1786/1786 1787/1787
f 1785/1785 1787/1787 1788/1788
f 1789/1789 1790/1790 1791/1791
f 1789/1789 1791/1791 1792/1792
f 1793/1793 1794/1794 1795/1795
f 1793/1793 1795/1795 1796/1796
f 1797/1797 1798/1798 1799/1799
f 1797/1797 1799/1799 1800/1800
f 1801/1801 1802/1802 1803/1803
f 1801/1801 1803/1803 1804/1804
f 1805/1805 1806/1806 1807/1807
f 1805/1805 1807/1807 1808/1808
f 1809/1809 1810/1810 1811/1811
f 1809/1809 1811/1811 1812/1812
f 1813/1813 1814/1814 1815/1815
f 1813/1813 1815/1815 1816/1816
f 1817/1817 1818/1818 1819/1819
f 1817/1817 1819/1819 1820/1820
f 1821/1821 1822/1822 1823/1823
f 1821/1821 1823/1823 1824/1824
f 1825/1825 1826/1826 1827/1827
f 1825/1825 1827/1827 1828/1828
f 1829/1829 1830/1830 1831/1831
f 1829/1829 1831/1831 1832/1832
f 1833/1833 1834/1834 1835/1835
f 1833/1833 1835/1835 1836/1836
f 1837/1837 1838/1838 1839/1839
f 1837/1837 1839/1839 1840/1840
f 1841/1841 1842/1842 1843/1843
f 1841/1841 1843/1843 1844/1844
f 1845/1845 1846/1846 1847/1847
f 1845/1845 1847/1847 1848/1848
f 1849/1849 1850/1850 1851/1851
f 1849/1849 1851/1851 1852/1852
f 1853/1853 1854/1854 1855/1855
f 1853/1853 1855/1855 1856/1856
f 1857/1857 1858/1858 1859/1859
f 1857/1857 1859/1859 1860/1860
f 1861/1861 1862/1862 1863/1863
f 1861/1861 1863/1863 1864/1864
f 1865/1865 1866/1866 1867/1867
f 1865/1865 1867/1867 1868/1868
f 1869/1869 1870/1870 1871/1871
f 1869/1869 1871/1871 1872/1872
f 1873/1873 1874/1874 1875/1875
f 1873/1873 1875/1875 1876/1876
f 1877/1877 1878/1878 1879/1879
f 1877/1877 1879/1879 1880/1880
f 1881/1881 1882/1882 1883/1883
f 1881/1881 1883/1883 1884/1884
f 1885/1885 1886/1886 1887/1887
f 1885/1885 1887/1887 1888/1888
f 1889/1889 1890/1890 1891/1891
f 1889/1889 1891/1891 1892/1892
f 1893/1893 1894/1894 1895/1895
f 1893/1893 1895/1895 1896/1896
f 1897/1897 1898/1898 1899/1899
f 1897/1897 1899/1899 1900/1900
f 1901/1901 1902/1902 1903/1903
f 1901/1901 1903/1903 1904/1904
f 1905/1905 1906/1906 1907/1907
f 1905/1905 1907/1907 1908/1908
f 1909/1909 1910/1910 1911/1911
f 1909/1909 1911/1911 1912/1912
f 1913/1913 1914/1914 1915/1915
f 1913/1913 1915/1915 1916/1916
f 1917/1917 1918/1918 1919/1919
f 1917/1917 1919/1919 1920/1920
f 1921/1921 1922/1922 1923/1923
f 1921/1921 1923/1923 1924/1924
f 1925/1925 1926/1926 1927/1927
f 1925/1925 1927/1927 1928/1928
f 1929/1929 1930/1930 1931/1931
f 1929/1929 1931/1931 1932/1932
f 1933/1933 1934/1934 1935/1935
f 1933/1933 1935/1935 1936/1936
f 1937/1937 1938/1938 1939/1939
f 1937/1937 1939/1939 1940/1940
f 1941/1941 1942/1942 1943/1943
f 1941/1941 1943/1943 1944/1944
f 1945/1945 1946/1946 1947/1947
f 1945/1945 1947/1947 1948/1948
f 1949/1949 1950/1950 1951/1951
f 1949/1949 1951/1951 1952/1952
f 1953/1953 1954/1954 1955/1955
f 1953/1953 1955/1955 1956/1956
f 1957/1957 1958/1958 1959/1959
f 1957/1957 1959/1959 1960/1960
f 1961/1961 1962/1962 1963/1963
f 1961/1961 1963/1963 1964/1964
f 1965/1965 1966/1966 1967/1967
f 1965/1965 1967/1967 1968/1968
f 1969/1969 1970/1970 1971/1971
f 1969/1969 1971/1971 1972/1972
f 1973/1973 1974/1974 1975/1975
f 1973/1973 1975/1975 1976/1976
f 1977/1977 1978/1978 1979/1979
f 1977/1977 1979/1979 1980/1980
f 1981/1981 1982/1982 1983/1983
f 1981/1981 1983/1983 1984/1984
f 1985/1985 1986/1986 1987/1987
f 1985/1985 1987/1987 1988/1988
f 1989/1989 1990/1990 1991/1991
f 1989/1989 1991/1991 1992/1992
f 1993/1993 1994/1994 1995/1995
f 1993/1993 1995/1995 1996/1996
f 1997/1997 1998/1998 1999/1999
f 1997/1997 1999/1999 2000/2000
f 2001/2001 2002/2002 2003/2003
f 2001/2001 2003/2003 2004/2004
f 2005/2005 2006/2006 2007/2007
f 2005/2005 2007/2007 2008/2008
f 2009/2009 2010/2010 2011/2011
f 2009/2009 2011/2011 2012/2012
f 2013/2013 2014/2014 2015/2015
f 2013/2013 2015/2015 2016/2016
f 2017/2017 2018/2018 2019/2019
f 2017/2017 2019/2019 2020/2020
f 2021/2021 2022/2022 2023/2023
f 2021/2021 2023/2023 2024/2024
f 2025/2025 2026/2026 2027/2027
f 2025/2025 2027/2027 2028/2028
f 2029/2029 2030/2030 2031/2031
f 2029/2029 2031/2031 2032/2032
f 2033/2033 2034/2034 2035/2035
f 2033/2033 2035/2035 2036/2036
f 2037/2037 2038/2038 2039/2039
f 2037/2037 2039/2039 2040/2040
f 2041/2041 2042/2042 2043/2043
f 2041/2041 2043/2043 2044/2044
f 2045/2045 2046/2046 2047/2047
f 2045/2045 2047/2047 2048/2048
f 2049/2049 2050/2050 2051/2051
f 2049/2049 2051/2051 2052/2052
f 2053/2053 2054/2054 2055/2055
f 2053/2053 2055/2055 2056/2056
f 2057/2057 2058/2058 2059/2059
f 2057/2057 2059/2059 2060/2060
f 2061/2061 2062/2062 2063/2063
f 2061/2061 2063/2063 2064/2064
f 2065/2065 2066/2066 2067/2067
f 2065/2065 2067/2067 2068/2068
f 2069/2069 2070/2070 2071/2071
f 2069/2069 2071/2071 2072/2072
f 2073/2073 2074/2074 2075/2075
f 2073/2073 2075/2075 2076/2076
f 2077/2077 2078/2078 2079/2079
f 2077/2077 2079/2079 2080/2080
f 2081/2081 2082/2082 2083/2083
f 2081/2081 2083/2083 2084/2084
f 2085/2085 2086/2086 2087/2087
f 2085/2085 2087/2087 2088/2088
f 2089/2089 2090/2090 2091/2091
f 2089/2089 2091/2091 2092/2092
f 2093/2093 2094/2094 2095/2095
f 2093/2093 2095/2095 2096/2096
f 2097/2097 2098/2098 2099/2099
f 2097/2097 2099/2099 2100/2100
f 2101/2101 2102/2102 2103/2103
f 2101/2101 2103/2103 2104/2104
f 2105/2105 2106/2106 2107/2107
f 2105/2105 2107/2107 2108/2108
f 2109/2109 2110/2110 2111/2111
f 2109/2109 2111/2111 2112/2112
f 2113/2113 2114/2114 2115/2115
f 2113/2113 2115/2115 2116/2116
f 2117/2117 2118/2118 2119/2119
f 2117/2117 2119/2119 2120/2120
f 2121/2121 2122/2122 2123/2123
f 2121/2121 2123/2123 2124/2124
f 2125/2125 2126/2126 2127/2127
f 2125/2125 2127/2127 2128/2128
f 2129/2129 2130/2130 2131/2131
f 2129/2129 2131/2131 2132/2132
f 2133/2133 2134/2134 2135/2135
f 2133/2133 2135/2135 2136/2136
f 2137/2137 2138/2138 2139/2139
f 2137/2137 2139/2139 2140/2140
f 2141/2141 2142/2142 2143/2143
f 2141/2141 2143/2143 2144/2144
f 2145/2145 2146/2146 2147/2147
f 2145/2145 2147/2147 2148/2148
f 2149/2149 2150/2150 2151/2151
f 2149/2149 2151/2151 2152/2152
f 2153/2153 2154/2154 2155/2155
f 2153/2153 2155/2155 2156/2156
f 2157/2157 2158/2158 2159/2159
f 2157/2157 2159/2159 2160/2160
f 2161/2161 2162/2162 2163/2163
f 2161/2161 2163/2163 2164/2164
f 2165/2165 2166/2166 2167/2167
f 2165/2165 2167/2167 2168/2168
f 2169/2169 2170/2170 2171/2171
f 2169/2169 2171/2171 2172/2172
f 2173/2173 2174/2174 2175/2175
f 2173/2173 2175/2175 2176/2176
f 2177/2177 2178/2178 2179/2179
f 2177/2177 2179/2179 2180/2180
f 2181/2181 2182/2182 2183/2183
f 2181/2181 2183/2183 2184/2184
f 2185/2185 2186/2186 2187/2187
f 2185/2185 2187/2187 2188/2188
f 2189/2189 2190/2190 2191/2191
f 2189/2189 2191/2191 2192/2192
f 2193/2193 2194/2194 2195/2195
f 2193/2193 2195/2195 2196/2196
f 2197/2197 2198/2198 2199/2199
f 2197/2197 2199/2199 2200/2200
f 2201/2201 2202/2202 2203/2203
f 2201/2201 2203/2203 2204/2204
f 2205/2205 2206/2206 2207/2207
f 2205/2205 2207/2207 2208/2208
f 2209/2209 2210/2210 2211/2211
f 2209/2209 2211/2211 2212/2212
f 2213/2213 2214/2214 2215/2215
f 2213/2213 2215/2215 2216/2216
f 2217/2217 2218/2218 2219/2219
f 2217/2217 2219/2219 2220/2220
f 2221/2221 2222/2222 2223/2223
f 2221/2221 2223/2223 2224/2224
f 2225/2225 2226/2226 2227/2227
f 2225/2225 2227/2227 2228/2228
f 2229/2229 2230/2230 2231/2231
f 2229/2229 2231/2231 2232/2232
f 2233/2233 2234/2234 2235/2235
f 2233/2233 2235/2235 2236/2236
f 2237/2237 2238/2238 2239/2239
f 2237/2237 2239/2239 2240/2240
f 2241/2241 2242/2242 2243/2243
f 2241/2241 2243/2243 2244/2244
f 2245/2245 2246/2246 2247/2247
f 2245/2245 2247/2247 2248/2248
f 2249/2249 2250/2250 2251/2251
f 2249/2249 2251/2251 2252/2252
f 2253/2253 2254/2254 2255/2255
f 2253/2253 2255/2255 2256/2256
f 2257/2257 2258/2258 2259/2259
f 2257/2257 2259/2259 2260/2260
f 2261/2261 2262/2262 2263/2263
f 2261/2261 2263/2263 2264/2264
f 2265/2265 2266/2266 2267/2267
f 2265/2265 2267/2267 2268/2268
f 2269/2269 2270/2270 2271/2271
f 2269/2269 2271/2271 2272/2272
f 2273/2273 2274/2274 2275/2275
f 2273/2273 2275/2275 2276/2276
f 2277/2277 2278/2278 2279/2279
f 2277/2277 2279/2279 2280/2280
f 2281/2281 2282/2282 2283/2283
f 2281/2281 2283/2283 2284/2284
f 2285/2285 2286/2286 2287/2287
f 2285/2285 2287/2287 2288/2288
f 2289/2289 2290/2290 2291/2291
f 2289/2289 2291/2291 2292/2292
f 2293/2293 2294/2294 2295/2295
f 2293/2293 2295/2295 2296/2296
f 2297/2297 2298/2298 2299/2299
f 2297/2297 2299/2299 2300/2300
f 2301/2301 2302/2302 2303/2303
f 2301/2301 2303/2303 2304/2304
f 2305/2305 2306/2306 2307/2307
f 2305/2305 2307/2307 2308/2308
f 2309/2309 2310/2310 2311/2311
f 2309/2309 2311/2311 2312/2312
f 2313/2313 2314/2314 2315/2315
f 2313/2313 2315/2315 2316/2316
f 2317/2317 2318/2318 2319/2319
f 2317/2317 2319/2319 2320/2320
f 2321/2321 2322/2322 2323/2323
f 2321/2321 2323/2323 2324/2324
f 2325/2325 2326/2326 2327/2327
f 2325/2325 2327/2327 2328/2328
f 2329/2329 2330/2330 2331/2331
f 2329/2329 2331/2331 2332/2332
f 2333/2333 2334/2334 2335/2335
f 2333/2333 2335/2335 2336/2336
f 2337/2337 2338/2338 2339/2339
f 2337/2337 2339/2339 2340/2340
f 2341/2341 2342/2342 2343/2343
f 2341/2341 2343/2343 2344/2344
f 2345/2345 2346/2346 2347/2347
f 2345/2345 2347/2347 2348/2348
f 2349/2349 2350/2350 2351/2351
f 2349/2349 2351/2351 2352/2352
f 2353/2353 2354/2354 2355/2355
f 2353/2353 2355/2355 2356/2356
f 2357/2357 2358/2358 2359/2359
f 2357/2357 2359/2359 2360/2360
f 2361/2361 2362/2362 2363/2363
f 2361/2361 2363/2363 2364/2364
f 2365/2365 2366/2366 2367/2367
f 2365/2365 2367/2367 2368/2368
f 2369/2369 2370/2370 2371/2371
f 2369/2369 2371/2371 2372/2372
f 2373/2373 2374/2374 2375/2375
f 2373/2373 2375/2375 2376/2376
f 2377/2377 2378/2378 2379/2379
f 2377/2377 2379/2379 2380/2380
f 2381/2381 2382/2382 2383/2383
f 2381/2381 2383/2383 2384/2384
f 2385/2385 2386/2386 2387/2387
f 2385/2385 2387/2387 2388/2388
f 2389/2389 2390/2390 2391/2391
f 2389/2389 2391/2391 2392/2392
f 2393/2393 2394/2394 2395/2395
f 2393/2393 2395/2395 2396/2396
f 2397/2397 2398/2398 2399/2399
f 2397/2397 2399/2399 2400/2400
f 2401/2401 2402/2402 2403/2403
f 2401/2401 2403/2403 2404/2404
f 2405/2405 2406/2406 2407/2407
f 2405/2405 2407/2407 2408/2408
f 2409/2409 2410/2410 2411/2411
f 2409/2409 2411/2411 2412/2412
f 2413/2413 2414/2414 2415/2415
f 2413/2413 2415/2415 2416/2416
f 2417/2417 2418/2418 2419/2419
f 2417/2417 2419/2419 2420/2420
f 2421/2421 2422/2422 2423/2423
f 2421/2421 2423/2423 2424/2424
f 2425/2425 2426/2426 2427/2427
f 2425/2425 2427/2427 2428/2428
f 2429/2429 2430/2430 2431/2431
f 2429/2429 2431/2431 2432/2432
f 2433/2433 2434/2434 2435/2435
f 2433/2433 2435/2435 2436/2436
f 2437/2437 2438/2438 2439/2439
f 2437/2437 2439/2439 2440/2440
f 2441/2441 2442/2442 2443/2443
f 2441/2441 2443/2443 2444/2444
f 2445/2445 2446/2446 2447/2447
f 2445/2445 2447/2447 2448/2448
f 2449/2449 2450/2450 2451/2451
f 2449/2449 2451/2451 2452/2452
f 2453/2453 2454/2454 2455/2455
f 2453/2453 2455/2455 2456/2456
f 2457/2457 2458/2458 2459/2459
f 2457/2457 2459/2459 2460/2460
f 2461/2461 2462/2462 2463/2463
f 2461/2461 2463/2463 2464/2464
f 2465/2465 2466/2466 2467/2467
f 2465/2465 2467/2467 2468/2468
f 2469/2469 2470/2470 2471/2471
f 2469/2469 2471/2471 2472/2472
f 2473/2473 2474/2474 2475/2475
f 2473/2473 2475/2475 2476/2476
f 2477/2477 2478/2478 2479/2479
f 2477/2477 2479/2479 2480/2480
f 2481/2481 2482/2482 2483/2483
f 2481/2481 2483/2483 2484/2484
f 2485/2485 2486/2486 2487/2487
f 2485/2485 2487/2487 2488/2488
f 2489/2489 2490/2490 2491/2491
f 2489/2489 2491/2491 2492/2492
f 2493/2493 2494/2494 2495/2495
f 2493/2493 2495/2495 2496/2496
f 2497/2497 2498/2498 2499/2499
f 2497/2497 2499/2499 2500/2500
f 2501/2501 2502/2502 2503/2503
f 2501/2501 2503/2503 2504/2504
f 2505/2505 2506/2506 2507/2507
f 2505/2505 2507/2507 2508/2508
f 2509/2509 2510/2510 2511/2511
f 2509/2509 2511/2511 2512/2512
f 2513/2513 2514/2514 2515/2515
f 2513/2513 2515/2515 2516/2516
f 2517/2517 2518/2518 2519/2519
f 2517/2517 2519/2519 2520/2520
f 2521/2521 2522/2522 2523/2523
f 2521/2521 2523/2523 2524/2524
f 2525/2525 2526/2526 2527/2527
f 2525/2525 2527/2527 2528/2528
f 2529/2529 2530/2530 2531/2531
f 2529/2529 2531/2531 2532/2532
f 2533/2533 2534/2534 2535/2535
f 2533/2533 2535/2535 2536/2536
f 2537/2537 2538/2538 2539/2539
f 2537/2537 2539/2539 2540/2540
f 2541/2541 2542/2542 2543/2543
f 2541/2541 2543/2543 2544/2544
f 2545/2545 2546/2546 2547/2547
f 2545/2545 2547/2547 2548/2548
f 2549/2549 2550/2550 2551/2551
f 2549/2549 2551/2551 2552/2552
f 2553/2553 2554/2554 2555/2555
f 2553/2553 2555/2555 2556/2556
f 2557/2557 2558/2558 2559/2559
f 2557/2557 2559/2559 2560/2560
f 2561/2561 2562/2562 2563/2563
f 2561/2561 2563/2563 2564/2564
f 2565/2565 2566/2566 2567/2567
f 2565/2565 2567/2567 2568/2568
f 2569/2569 2570/2570 2571/2571
f 2569/2569 2571/2571 2572/2572
f 2573/2573 2574/2574 2575/2575
f 2573/2573 2575/2575 2576/2576
f 2577/2577 2578/2578 2579/2579
f 2577/2577 2579/2579 2580/2580
f 2581/2581 2582/2582 2583/2583
f 2581/2581 2583/2583 2584/2584
f 2585/2585 2586/2586 2587/2587
f 2585/2585 2587/2587 2588/2588
f 2589/2589 2590/2590 2591/2591
f 2589/2589 2591/2591 2592/2592
f 2593/2593 2594/2594 2595/2595
f 2593/2593 2595/2595 2596/2596
f 2597/2597 2598/2598 2599/2599
f 2597/2597 2599/2599 2600/2600
f 2601/2601 2602/2602 2603/2603
f 2601/2601 2603/2603 2604/2604
f 2605/2605 2606/2606 2607/2607
f 2605/2605 2607/2607 2608/2608
f 2609/2609 2610/2610 2611/2611
f 2609/2609 2611/2611 2612/2612
f 2613/2613 2614/2614 2615/2615
f 2613/2613 2615/2615 2616/2616
f 2617/2617 2618/2618 2619/2619
f 2617/2617 2619/2619 2620/2620
f 2621/2621 2622/2622 2623/2623
f 2621/2621 2623/2623 2624/2624
f 2625/2625 2626/2626 2627/2627
f 2625/2625 2627/2627 2628/2628
f 2629/2629 2630/2630 2631/2631
f 2629/2629 2631/2631 2632/2632
f 2633/2633 2634/2634 2635/2635
f 2633/2633 2635/2635 2636/2636
f 2637/2637 2638/2638 2639/2639
f 2637/2637 2639/2639 2640/2640
f 2641/2641 2642/2642 2643/2643
f 2641/2641 2643/2643 2644/2644
f 2645/2645 2646/2646 2647/2647
f 2645/2645 2647/2647 2648/2648
f 2649/2649 2650/2650 2651/2651
f 2649/2649 2651/2651 2652/2652
f 2653/2653 2654/2654 2655/2655
f 2653/2653 2655/2655 2656/2656
f 2657/2657 2658/2658 2659/2659
f 2657/2657 2659/2659 2660/2660
f 2661/2661 2662/2662 2663/2663
f 2661/2661 2663/2663 2664/2664
f 2665/2665 2666/2666 2667/2667
f 2665/2665 2667/2667 2668/2668
f 2669/2669 2670/2670 2671/2671
f 2669/2669 2671/2671 2672/2672
f 2673/2673 2674/2674 2675/2675
f 2673/2673 2675/2675 2676/2676
f 2677/2677 2678/2678 2679/2679
f 2677/2677 2679/2679 2680/2680
f 2681/2681 2682/2682 2683/2683
f 2681/2681 2683/2683 2684/2684
f 2685/2685 2686/2686 2687/2687
f 2685/2685 2687/2687 2688/2688
f 2689/2689 2690/2690 2691/2691
f 2689/2689 2691/2691 2692/2692
f 2693/2693 2694/2694 2695/2695
f 2693/2693 2695/2695 2696/2696
f 2697/2697 2698/2698 2699/2699
f 2697/2697 2699/2699 2700/2700
f 2701/2701 2702/2702 2703/2703
f 2701/2701 2703/2703 2704/2704
f 2705/2705 2706/2706 2707/2707
f 2705/2705 2707/2707 2708/2708
f 2709/2709 2710/2710 2711/2711
f 2709/2709 2711/2711 2712/2712
f 2713/2713 2714/2714 2715/2715
f 2713/2713 2715/2715 2716/2716
f 2717/2717 2718/2718 2719/2719
f 2717/2717 2719/2719 2720/2720
f 2721/2721 2722/2722 2723/2723
f 2721/2721 2723/2723 2724/2724
f 2725/2725 2726/2726 2727/2727
f 2725/2725 2727/2727 2728/2728
f 2729/2729 2730/2730 2731/2731
f 2729/2729 2731/2731 2732/2732
f 2733/2733 2734/2734 2735/2735
f 2733/2733 2735/2735 2736/2736
f 2737/2737 2738/2738 2739/2739
f 2737/2737 2739/2739 2740/2740
f 2741/2741 2742/2742 2743/2743
f 2741/2741 2743/2743 2744/2744
f 2745/2745 2746/2746 2747/2747
f 2745/2745 2747/2747 2748/2748
f 2749/2749 2750/2750 2751/2751
f 2749/2749 2751/2751 2752/2752
f 2753/2753 2754/2754 2755/2755
f 2753/2753 2755/2755 2756/2756
f 2757/2757 2758/2758 2759/2759
f 2757/2757 2759/2759 2760/2760
f 2761/2761 2762/2762 2763/2763
f 2761/2761 2763/2763 2764/2764
f 2765/2765 2766/2766 2767/2767
f 2765/2765 2767/2767 2768/2768
f 2769/2769 2770/2770 2771/2771
f 2769/2769 2771/2771 2772/2772
f 2773/2773 2774/2774 2775/2775
f 2773/2773 2775/2775 2776/2776
f 2777/2777 2778/2778 2779/2779
f 2777/2777 2779/2779 2780/2780
f 2781/2781 2782/2782 2783/2783
f 2781/2781 2783/2783 2784/2784
f 2785/2785 2786/2786 2787/2787
f 2785/2785 2787/2787 2788/2788
f 2789/2789 2790/2790 2791/2791
f 2789/2789 2791/2791 2792/2792
f 2793/2793 2794/2794 2795/2795
f 2793/2793 2795/2795 2796/2796
f 2797/2797 2798/2798 2799/2799
f 2797/2797 2799/2799 2800/2800
f 2801/2801 2802/2802 2803/2803
f 2801/2801 2803/2803 2804/2804
f 2805/2805 2806/2806 2807/2807
f 2805/2805 2807/2807 2808/2808
f 2809/2809 2810/2810 2811/2811
f 2809/2809 2811/2811 2812/2812
f 2813/2813 2814/2814 2815/2815
f 2813/2813 2815/2815 2816/2816
f 2817/2817 2818/2818 2819/2819
f 2817/2817 2819/2819 2820/2820
f 2821/2821 2822/2822 2823/2823
f 2821/2821 2823/2823 2824/2824
f 2825/2825 2826/2826 2827/2827
f 2825/2825 2827/2827 2828/2828
f 2829/2829 2830/2830 2831/2831
f 2829/2829 2831/2831 2832/2832
f 2833/2833 2834/2834 2835/2835
f 2833/2833 2835/2835 2836/2836
f 2837/2837 2838/2838 2839/2839
f 2837/2837 2839/2839 2840/2840
f 2841/2841 2842/2842 2843/2843
f 2841/2841 2843/2843 2844/2844
f 2845/2845 2846/2846 2847/2847
f 2845/2845 2847/2847 2848/2848
f 2849/2849 2850/2850 2851/2851
f 2849/2849 2851/2851 2852/2852
f 2853/2853 2854/2854 2855/2855
f 2853/2853 2855/2855 2856/2856
f 2857/2857 2858/2858 2859/2859
f 2857/2857 2859/2859 2860/2860
f 2861/2861 2862/2862 2863/2863
f 2861/2861 2863/2863 2864/2864
f 2865/2865 2866/2866 2867/2867
f 2865/2865 2867/2867 2868/2868
f 2869/2869 2870/2870 2871/2871
f 2869/2869 2871/2871 2872/2872
f 2873/2873 2874/2874 2875/2875
f 2873/2873 2875/2875 2876/2876
f 2877/2877 2878/2878 2879/2879
f 2877/2877 2879/2879 2880/2880
