# SUNSET LOOP road surface, baked from sunset.json by tools/gen_kart_track.py (240 segs x 3 sub-quads)
v -1.1756 -3.8811 119.4381
v 1.1756 -4.4722 140.5619
v 2.4392 -4.2580 140.4469
v 0.2098 -3.6363 119.2668
v 0.2098 -3.6363 119.2668
v 2.4392 -4.2580 140.4469
v 3.7386 -4.0379 140.3339
v 1.5607 -3.3977 119.1052
v 1.5607 -3.3977 119.1052
v 3.7386 -4.0379 140.3339
v 5.0739 -3.8129 140.2182
v 2.8760 -3.1660 118.9485
v 2.8760 -3.1660 118.9485
v 5.0739 -3.8129 140.2182
v 6.3924 -3.5926 140.1330
v 4.2080 -2.9299 118.7613
v 4.2080 -2.9299 118.7613
v 6.3924 -3.5926 140.1330
v 7.7187 -3.3720 140.0481
v 5.5325 -2.6958 118.5760
v 5.5325 -2.6958 118.5760
v 7.7187 -3.3720 140.0481
v 9.0540 -3.1521 139.9622
v 6.8479 -2.4648 118.3915
v 6.8479 -2.4648 118.3915
v 9.0540 -3.1521 139.9622
v 10.3799 -2.9354 139.8606
v 8.1726 -2.2349 118.2225
v 8.1726 -2.2349 118.2225
v 10.3799 -2.9354 139.8606
v 11.7138 -2.7194 139.7580
v 9.4895 -2.0078 118.0542
v 9.4895 -2.0078 118.0542
v 11.7138 -2.7194 139.7580
v 13.0556 -2.5052 139.6535
v 10.7981 -1.7844 117.8856
v 10.7981 -1.7844 117.8856
v 13.0556 -2.5052 139.6535
v 14.3805 -2.2943 139.4528
v 12.1234 -1.5676 117.8107
v 12.1234 -1.5676 117.8107
v 14.3805 -2.2943 139.4528
v 15.7123 -2.0851 139.2502
v 13.4415 -1.3544 117.7354
v 13.4415 -1.3544 117.7354
v 15.7123 -2.0851 139.2502
v 17.0508 -1.8786 139.0448
v 14.7526 -1.1455 117.6588
v 14.7526 -1.1455 117.6588
v 17.0508 -1.8786 139.0448
v 18.3853 -1.6770 138.8611
v 16.0671 -0.9373 117.5561
v 16.0671 -0.9373 117.5561
v 18.3853 -1.6770 138.8611
v 19.7258 -1.4783 138.6745
v 17.3751 -0.7333 117.4520
v 17.3751 -0.7333 117.4520
v 19.7258 -1.4783 138.6745
v 21.0724 -1.2831 138.4842
v 18.6765 -0.5340 117.3457
v 18.6765 -0.5340 117.3457
v 21.0724 -1.2831 138.4842
v 22.4131 -1.0935 138.2938
v 19.9831 -0.3375 117.2335
v 19.9831 -0.3375 117.2335
v 22.4131 -1.0935 138.2938
v 23.7593 -0.9076 138.0996
v 21.2834 -0.1457 117.1190
v 21.2834 -0.1457 117.1190
v 23.7593 -0.9076 138.0996
v 25.1110 -0.7263 137.9008
v 22.5773 0.0408 117.0014
v 22.5773 0.0408 117.0014
v 25.1110 -0.7263 137.9008
v 26.4567 -0.5512 137.7001
v 23.8763 0.2238 116.8779
v 23.8763 0.2238 116.8779
v 26.4567 -0.5512 137.7001
v 27.8077 -0.3807 137.4948
v 25.1691 0.4015 116.7515
v 25.1691 0.4015 116.7515
v 27.8077 -0.3807 137.4948
v 29.1636 -0.2156 137.2840
v 26.4556 0.5736 116.6211
v 26.4556 0.5736 116.6211
v 29.1636 -0.2156 137.2840
v 30.5136 -0.0573 137.0696
v 27.7470 0.7413 116.4850
v 27.7470 0.7413 116.4850
v 30.5136 -0.0573 137.0696
v 31.8684 0.0955 136.8497
v 29.0323 0.9035 116.3450
v 29.0323 0.9035 116.3450
v 31.8684 0.0955 136.8497
v 33.2277 0.2423 136.6234
v 30.3115 1.0595 116.2005
v 30.3115 1.0595 116.2005
v 33.2277 0.2423 136.6234
v 34.5808 0.3817 136.3923
v 31.5954 1.2108 116.0500
v 31.5954 1.2108 116.0500
v 34.5808 0.3817 136.3923
v 35.9385 0.5150 136.1547
v 32.8731 1.3559 115.8950
v 32.8731 1.3559 115.8950
v 35.9385 0.5150 136.1547
v 37.3007 0.6416 135.9098
v 34.1444 1.4947 115.7348
v 34.1444 1.4947 115.7348
v 37.3007 0.6416 135.9098
v 38.6563 0.7604 135.6586
v 35.4204 1.6282 115.5682
v 35.4204 1.6282 115.5682
v 38.6563 0.7604 135.6586
v 40.0162 0.8725 135.4001
v 36.6900 1.7554 115.3965
v 36.6900 1.7554 115.3965
v 40.0162 0.8725 135.4001
v 41.3802 0.9773 135.1333
v 37.9531 1.8759 115.2189
v 37.9531 1.8759 115.2189
v 41.3802 0.9773 135.1333
v 42.7372 1.0741 134.8592
v 39.2209 1.9909 115.0345
v 39.2209 1.9909 115.0345
v 42.7372 1.0741 134.8592
v 44.0984 1.1637 134.5767
v 40.4819 2.0992 114.8442
v 40.4819 2.0992 114.8442
v 44.0984 1.1637 134.5767
v 45.4634 1.2458 134.2850
v 41.7362 2.2009 114.6474
v 41.7362 2.2009 114.6474
v 45.4634 1.2458 134.2850
v 46.8214 1.3195 133.9878
v 42.9944 2.2969 114.4404
v 42.9944 2.2969 114.4404
v 46.8214 1.3195 133.9878
v 48.1835 1.3856 133.6811
v 44.2457 2.3862 114.2269
v 44.2457 2.3862 114.2269
v 48.1835 1.3856 133.6811
v 49.5491 1.4440 133.3641
v 45.4896 2.4688 114.0062
v 45.4896 2.4688 114.0062
v 49.5491 1.4440 133.3641
v 50.9196 1.4920 133.0982
v 46.7251 2.5498 113.7170
v 46.7251 2.5498 113.7170
v 50.9196 1.4920 133.0982
v 52.2949 1.5321 132.8216
v 47.9522 2.6243 113.4210
v 47.9522 2.6243 113.4210
v 52.2949 1.5321 132.8216
v 53.6744 1.5640 132.5333
v 49.1705 2.6924 113.1173
v 49.1705 2.6924 113.1173
v 53.6744 1.5640 132.5333
v 55.0507 1.5867 132.2553
v 50.3875 2.7563 112.7841
v 50.3875 2.7563 112.7841
v 55.0507 1.5867 132.2553
v 56.4320 1.6012 131.9653
v 51.5952 2.8139 112.4435
v 51.5952 2.8139 112.4435
v 56.4320 1.6012 131.9653
v 57.8178 1.6075 131.6622
v 52.7928 2.8655 112.0949
v 52.7928 2.8655 112.0949
v 57.8178 1.6075 131.6622
v 59.1958 1.6057 131.3446
v 53.9928 2.9111 111.7395
v 53.9928 2.9111 111.7395
v 59.1958 1.6057 131.3446
v 60.5749 1.5958 131.0148
v 55.1863 2.9509 111.3751
v 55.1863 2.9509 111.3751
v 60.5749 1.5958 131.0148
v 61.9581 1.5778 130.6711
v 56.3695 2.9851 111.0026
v 56.3695 2.9851 111.0026
v 61.9581 1.5778 130.6711
v 63.3636 1.5517 130.3014
v 57.5221 3.0133 110.6278
v 57.5221 3.0133 110.6278
v 63.3636 1.5517 130.3014
v 64.7001 1.5192 129.9394
v 58.7375 3.0373 110.2234
v 58.7375 3.0373 110.2234
v 64.7001 1.5192 129.9394
v 65.9707 1.4810 129.5950
v 60.0176 3.0554 109.7974
v 60.0176 3.0554 109.7974
v 65.9707 1.4810 129.5950
v 67.2770 1.4347 129.2377
v 61.2622 3.0659 109.3848
v 61.2622 3.0659 109.3848
v 67.2770 1.4347 129.2377
v 68.5680 1.3816 128.8830
v 62.5209 3.0695 108.9658
v 62.5209 3.0695 108.9658
v 68.5680 1.3816 128.8830
v 69.8407 1.3225 128.5342
v 63.7980 3.0659 108.5418
v 63.7980 3.0659 108.5418
v 69.8407 1.3225 128.5342
v 71.1162 1.2564 128.1844
v 65.0736 3.0547 108.1222
v 65.0736 3.0547 108.1222
v 71.1162 1.2564 128.1844
v 72.4040 1.1828 127.8314
v 66.3370 3.0366 107.7067
v 66.3370 3.0366 107.7067
v 72.4040 1.1828 127.8314
v 73.7025 1.1020 127.4740
v 67.5892 3.0120 107.2935
v 67.5892 3.0120 107.2935
v 73.7025 1.1020 127.4740
v 74.9899 1.0156 127.1137
v 68.8517 2.9800 106.8809
v 68.8517 2.9800 106.8809
v 74.9899 1.0156 127.1137
v 76.2868 0.9220 126.7492
v 70.1039 2.9416 106.4703
v 70.1039 2.9416 106.4703
v 76.2868 0.9220 126.7492
v 77.5931 0.8216 126.3792
v 71.3454 2.8975 106.0603
v 71.3454 2.8975 106.0603
v 77.5931 0.8216 126.3792
v 78.8712 0.7212 125.9483
v 72.6136 2.8396 105.7063
v 72.6136 2.8396 105.7063
v 78.8712 0.7212 125.9483
v 80.1576 0.6143 125.5122
v 73.8719 2.7758 105.3526
v 73.8719 2.7758 105.3526
v 80.1576 0.6143 125.5122
v 81.4519 0.5014 125.0694
v 75.1201 2.7067 104.9982
v 75.1201 2.7067 104.9982
v 81.4519 0.5014 125.0694
v 82.7293 0.3864 124.6027
v 76.3827 2.6286 104.6602
v 76.3827 2.6286 104.6602
v 82.7293 0.3864 124.6027
v 84.0141 0.2655 124.1294
v 77.6356 2.5452 104.3213
v 77.6356 2.5452 104.3213
v 84.0141 0.2655 124.1294
v 85.3059 0.1395 123.6482
v 78.8782 2.4572 103.9804
v 78.8782 2.4572 103.9804
v 85.3059 0.1395 123.6482
v 86.5873 0.0101 123.1641
v 80.1281 2.3635 103.6325
v 80.1281 2.3635 103.6325
v 86.5873 0.0101 123.1641
v 87.8755 -0.1244 122.6720
v 81.3678 2.2653 103.2826
v 81.3678 2.2653 103.2826
v 87.8755 -0.1244 122.6720
v 89.1699 -0.2633 122.1707
v 82.5972 2.1636 102.9295
v 82.5972 2.1636 102.9295
v 89.1699 -0.2633 122.1707
v 90.4523 -0.4043 121.6628
v 83.8343 2.0563 102.5705
v 83.8343 2.0563 102.5705
v 90.4523 -0.4043 121.6628
v 91.7412 -0.5497 121.1455
v 85.0607 1.9456 102.2085
v 85.0607 1.9456 102.2085
v 91.7412 -0.5497 121.1455
v 93.0357 -0.6986 120.6172
v 86.2760 1.8321 101.8424
v 86.2760 1.8321 101.8424
v 93.0357 -0.6986 120.6172
v 94.3164 -0.8482 120.0797
v 87.4998 1.7137 101.4705
v 87.4998 1.7137 101.4705
v 94.3164 -0.8482 120.0797
v 95.6033 -1.0014 119.5310
v 88.7119 1.5927 101.0948
v 88.7119 1.5927 101.0948
v 95.6033 -1.0014 119.5310
v 96.8955 -1.1570 118.9695
v 89.9119 1.4701 100.7139
v 89.9119 1.4701 100.7139
v 96.8955 -1.1570 118.9695
v 98.1714 -1.3118 118.3956
v 91.1216 1.3429 100.3277
v 91.1216 1.3429 100.3277
v 98.1714 -1.3118 118.3956
v 99.4531 -1.4690 117.8085
v 92.3184 1.2140 99.9368
v 92.3184 1.2140 99.9368
v 99.4531 -1.4690 117.8085
v 100.7395 -1.6277 117.2067
v 93.5021 1.0846 99.5398
v 93.5021 1.0846 99.5398
v 100.7395 -1.6277 117.2067
v 102.0063 -1.7837 116.5894
v 94.6970 0.9510 99.1376
v 94.6970 0.9510 99.1376
v 102.0063 -1.7837 116.5894
v 103.2792 -1.9411 115.9566
v 95.8772 0.8169 98.7301
v 95.8772 0.8169 98.7301
v 103.2792 -1.9411 115.9566
v 104.5565 -2.0987 115.3065
v 97.0424 0.6834 98.3156
v 97.0424 0.6834 98.3156
v 104.5565 -2.0987 115.3065
v 105.8103 -2.2518 114.6374
v 98.2204 0.5460 97.8960
v 98.2204 0.5460 97.8960
v 105.8103 -2.2518 114.6374
v 107.0692 -2.4049 113.9504
v 99.3826 0.4092 97.4700
v 99.3826 0.4092 97.4700
v 107.0692 -2.4049 113.9504
v 108.3312 -2.5569 113.2436
v 100.5283 0.2741 97.0359
v 100.5283 0.2741 97.0359
v 108.3312 -2.5569 113.2436
v 109.5654 -2.7022 112.5152
v 101.6886 0.1355 96.5958
v 101.6886 0.1355 96.5958
v 109.5654 -2.7022 112.5152
v 110.8042 -2.8464 111.7659
v 102.8309 -0.0014 96.1488
v 102.8309 -0.0014 96.1488
v 110.8042 -2.8464 111.7659
v 112.0449 -2.9879 110.9936
v 103.9544 -0.1354 95.6928
v 103.9544 -0.1354 95.6928
v 112.0449 -2.9879 110.9936
v 113.2522 -3.1207 110.1969
v 105.0948 -0.2725 95.2296
v 105.0948 -0.2725 95.2296
v 113.2522 -3.1207 110.1969
v 114.4626 -3.2508 109.3760
v 106.2151 -0.4067 94.7585
v 106.2151 -0.4067 94.7585
v 114.4626 -3.2508 109.3760
v 115.6728 -3.3766 108.5286
v 107.3142 -0.5368 94.2775
v 107.3142 -0.5368 94.2775
v 115.6728 -3.3766 108.5286
v 116.8719 -3.5007 107.7023
v 108.4036 -0.6596 93.7393
v 108.4036 -0.6596 93.7393
v 116.8719 -3.5007 107.7023
v 118.0736 -3.6209 106.8472
v 109.4688 -0.7782 93.1935
v 109.4688 -0.7782 93.1935
v 118.0736 -3.6209 106.8472
v 119.2741 -3.7353 105.9605
v 110.5082 -0.8913 92.6380
v 110.5082 -0.8913 92.6380
v 119.2741 -3.7353 105.9605
v 120.4730 -3.8505 105.1097
v 111.5226 -0.9916 92.0054
v 111.5226 -0.9916 92.0054
v 120.4730 -3.8505 105.1097
v 121.6736 -3.9602 104.2245
v 112.5080 -1.0864 91.3661
v 112.5080 -1.0864 91.3661
v 121.6736 -3.9602 104.2245
v 122.8716 -4.0627 103.3014
v 113.4615 -1.1744 90.7186
v 113.4615 -1.1744 90.7186
v 122.8716 -4.0627 103.3014
v 124.0489 -4.1596 102.3875
v 114.4019 -1.2536 90.0158
v 114.4019 -1.2536 90.0158
v 124.0489 -4.1596 102.3875
v 125.2260 -4.2493 101.4326
v 115.3080 -1.3260 89.3079
v 115.3080 -1.3260 89.3079
v 125.2260 -4.2493 101.4326
v 126.3989 -4.3301 100.4313
v 116.1744 -1.3906 88.5958
v 116.1744 -1.3906 88.5958
v 126.3989 -4.3301 100.4313
v 127.5606 -4.4043 99.4195
v 117.0044 -1.4435 87.8392
v 117.0044 -1.4435 87.8392
v 127.5606 -4.4043 99.4195
v 128.6798 -4.4670 98.3943
v 117.8331 -1.4913 87.0452
v 117.8331 -1.4913 87.0452
v 128.6798 -4.4670 98.3943
v 129.7613 -4.5192 97.3590
v 118.6580 -1.5340 86.2196
v 118.6580 -1.5340 86.2196
v 129.7613 -4.5192 97.3590
v 130.8572 -4.5671 96.2979
v 119.4249 -1.5644 85.3768
v 119.4249 -1.5644 85.3768
v 130.8572 -4.5671 96.2979
v 131.9027 -4.6043 95.2413
v 120.2007 -1.5902 84.4876
v 120.2007 -1.5902 84.4876
v 131.9027 -4.6043 95.2413
v 132.9032 -4.6329 94.1976
v 120.9886 -1.6122 83.5559
v 120.9886 -1.6122 83.5559
v 132.9032 -4.6329 94.1976
v 133.9236 -4.6592 93.1389
v 121.7259 -1.6238 82.6126
v 121.7259 -1.6238 82.6126
v 133.9236 -4.6592 93.1389
v 134.9210 -4.6774 92.0698
v 122.4533 -1.6308 81.6503
v 122.4533 -1.6308 81.6503
v 134.9210 -4.6774 92.0698
v 135.8954 -4.6883 90.9938
v 123.1724 -1.6336 80.6695
v 123.1724 -1.6336 80.6695
v 135.8954 -4.6883 90.9938
v 136.8827 -4.6969 89.9138
v 123.8477 -1.6262 79.6677
v 123.8477 -1.6262 79.6677
v 136.8827 -4.6969 89.9138
v 137.8495 -4.6981 88.8241
v 124.5123 -1.6146 78.6502
v 124.5123 -1.6146 78.6502
v 137.8495 -4.6981 88.8241
v 138.7966 -4.6926 87.7269
v 125.1666 -1.5992 77.6181
v 125.1666 -1.5992 77.6181
v 138.7966 -4.6926 87.7269
v 139.7130 -4.6762 86.5963
v 125.8220 -1.5846 76.5974
v 125.8220 -1.5846 76.5974
v 139.7130 -4.6762 86.5963
v 140.6112 -4.6533 85.4563
v 126.4657 -1.5662 75.5640
v 126.4657 -1.5662 75.5640
v 140.6112 -4.6533 85.4563
v 141.4915 -4.6243 84.3084
v 127.0980 -1.5444 74.5187
v 127.0980 -1.5444 74.5187
v 141.4915 -4.6243 84.3084
v 142.3206 -4.5821 83.1194
v 127.7524 -1.5275 73.4946
v 127.7524 -1.5275 73.4946
v 142.3206 -4.5821 83.1194
v 143.1326 -4.5342 81.9216
v 128.3947 -1.5014 72.4594
v 128.3947 -1.5014 72.4594
v 143.1326 -4.5342 81.9216
v 143.9274 -4.4806 80.7158
v 129.0249 -1.4647 71.4140
v 129.0249 -1.4647 71.4140
v 143.9274 -4.4806 80.7158
v 144.6942 -4.4205 79.4896
v 129.6542 -1.4223 70.3709
v 129.6542 -1.4223 70.3709
v 144.6942 -4.4205 79.4896
v 145.4446 -4.3549 78.2545
v 130.2707 -1.3697 69.3186
v 130.2707 -1.3697 69.3186
v 145.4446 -4.3549 78.2545
v 146.1785 -4.2840 77.0111
v 130.8742 -1.3069 68.2576
v 130.8742 -1.3069 68.2576
v 146.1785 -4.2840 77.0111
v 146.8834 -4.2065 75.7508
v 131.4774 -1.2382 67.1969
v 131.4774 -1.2382 67.1969
v 146.8834 -4.2065 75.7508
v 147.5726 -4.1261 74.4808
v 132.0669 -1.1620 66.1289
v 132.0669 -1.1620 66.1289
v 147.5726 -4.1261 74.4808
v 148.2457 -4.0422 73.2017
v 132.6422 -1.0779 65.0543
v 132.6422 -1.0779 65.0543
v 148.2457 -4.0422 73.2017
v 148.8886 -3.9521 71.9091
v 133.2174 -0.9882 63.9774
v 133.2174 -0.9882 63.9774
v 148.8886 -3.9521 71.9091
v 149.5163 -3.8523 70.6057
v 133.7777 -0.8907 62.8955
v 133.7777 -0.8907 62.8955
v 149.5163 -3.8523 70.6057
v 150.1278 -3.7424 69.2919
v 134.3224 -0.7865 61.8089
v 134.3224 -0.7865 61.8089
v 150.1278 -3.7424 69.2919
v 150.7068 -3.6209 67.9672
v 134.8679 -0.6779 60.7183
v 134.8679 -0.6779 60.7183
v 150.7068 -3.6209 67.9672
v 151.2700 -3.4895 66.6312
v 135.3974 -0.5626 59.6238
v 135.3974 -0.5626 59.6238
v 151.2700 -3.4895 66.6312
v 151.8162 -3.3493 65.2845
v 135.9103 -0.4418 58.5258
v 135.9103 -0.4418 58.5258
v 151.8162 -3.3493 65.2845
v 152.3262 -3.1991 63.9289
v 136.4259 -0.3177 57.4223
v 136.4259 -0.3177 57.4223
v 152.3262 -3.1991 63.9289
v 152.8199 -3.0401 62.5608
v 136.9242 -0.1881 56.3171
v 136.9242 -0.1881 56.3171
v 152.8199 -3.0401 62.5608
v 153.2956 -2.8736 61.1805
v 137.4041 -0.0542 55.2105
v 137.4041 -0.0542 55.2105
v 153.2956 -2.8736 61.1805
v 153.7299 -2.6986 59.7939
v 137.8893 0.0819 54.0964
v 137.8893 0.0819 54.0964
v 153.7299 -2.6986 59.7939
v 154.1466 -2.5160 58.3936
v 138.3557 0.2223 52.9826
v 138.3557 0.2223 52.9826
v 154.1466 -2.5160 58.3936
v 154.5436 -2.3271 56.9798
v 138.8021 0.3658 51.8691
v 138.8021 0.3658 51.8691
v 154.5436 -2.3271 56.9798
v 154.8935 -2.1313 55.5630
v 139.2559 0.5107 50.7457
v 139.2559 0.5107 50.7457
v 154.8935 -2.1313 55.5630
v 155.2240 -1.9292 54.1311
v 139.6893 0.6585 49.6245
v 139.6893 0.6585 49.6245
v 155.2240 -1.9292 54.1311
v 155.5322 -1.7219 52.6849
v 140.1006 0.8084 48.5056
v 140.1006 0.8084 48.5056
v 155.5322 -1.7219 52.6849
v 155.7715 -1.5072 51.2358
v 140.5369 0.9560 47.3775
v 140.5369 0.9560 47.3775
v 155.7715 -1.5072 51.2358
v 155.9886 -1.2873 49.7710
v 140.9510 1.1056 46.2531
v 140.9510 1.1056 46.2531
v 155.9886 -1.2873 49.7710
v 156.1798 -1.0635 48.2918
v 141.3408 1.2561 45.1324
v 141.3408 1.2561 45.1324
v 156.1798 -1.0635 48.2918
v 156.1439 -0.8143 46.7877
v 141.9082 1.3785 44.0258
v 141.9082 1.3785 44.0258
v 156.1439 -0.8143 46.7877
v 156.0810 -0.5610 45.2735
v 142.4524 1.5027 42.9186
v 142.4524 1.5027 42.9186
v 156.0810 -0.5610 45.2735
v 155.9865 -0.3051 43.7526
v 142.9707 1.6281 41.8096
v 142.9707 1.6281 41.8096
v 155.9865 -0.3051 43.7526
v 156.1619 -0.0905 42.2962
v 143.1619 1.8083 40.6272
v 143.1619 1.8083 40.6272
v 156.1619 -0.0905 42.2962
v 156.3078 0.1276 40.8169
v 143.3253 1.9874 39.4590
v 143.3253 1.9874 39.4590
v 156.3078 0.1276 40.8169
v 156.4180 0.3481 39.3170
v 143.4574 2.1647 38.3063
v 143.4574 2.1647 38.3063
v 156.4180 0.3481 39.3170
v 156.5167 0.5612 37.8409
v 143.5365 2.3510 37.1239
v 143.5365 2.3510 37.1239
v 156.5167 0.5612 37.8409
v 156.5798 0.7790 36.3270
v 143.5846 2.5330 35.9742
v 143.5846 2.5330 35.9742
v 156.5798 0.7790 36.3270
v 156.5963 1.0000 34.7835
v 143.5965 2.7113 34.8549
v 143.5965 2.7113 34.8549
v 156.5963 1.0000 34.7835
v 156.5759 1.2068 33.3223
v 143.5801 2.9029 33.6492
v 143.5801 2.9029 33.6492
v 156.5759 1.2068 33.3223
v 156.5028 1.4347 31.7045
v 143.5338 3.0706 32.6010
v 143.5338 3.0706 32.6010
v 156.5028 1.4347 31.7045
v 156.3212 1.6869 29.9347
v 143.4453 3.2151 31.7266
v 143.4453 3.2151 31.7266
v 156.3212 1.6869 29.9347
v 156.0317 1.9332 28.2384
v 143.2867 3.3743 30.8006
v 143.2867 3.3743 30.8006
v 156.0317 1.9332 28.2384
v 155.6521 2.1758 26.5889
v 143.0677 3.5427 29.8497
v 143.0677 3.5427 29.8497
v 155.6521 2.1758 26.5889
v 155.1894 2.4158 24.9791
v 142.7953 3.7155 28.9016
v 142.7953 3.7155 28.9016
v 155.1894 2.4158 24.9791
v 154.6201 2.6623 23.3556
v 142.4840 3.8823 28.0156
v 142.4840 3.8823 28.0156
v 154.6201 2.6623 23.3556
v 153.9971 2.8957 21.8436
v 142.0899 4.0671 27.0608
v 142.0899 4.0671 27.0608
v 153.9971 2.8957 21.8436
v 153.3499 3.1150 20.4336
v 141.6251 4.2660 26.0488
v 141.6251 4.2660 26.0488
v 153.3499 3.1150 20.4336
v 152.6188 3.3412 18.9912
v 141.1527 4.4521 25.1172
v 141.1527 4.4521 25.1172
v 152.6188 3.3412 18.9912
v 151.8634 3.5557 17.6354
v 140.6099 4.6497 24.1438
v 140.6099 4.6497 24.1438
v 151.8634 3.5557 17.6354
v 151.1048 3.7573 16.3598
v 140.0062 4.8565 23.1290
v 140.0062 4.8565 23.1290
v 151.1048 3.7573 16.3598
v 150.4522 3.9423 14.9516
v 139.2359 5.0647 22.2862
v 139.2359 5.0647 22.2862
v 150.4522 3.9423 14.9516
v 149.7856 4.1159 13.5996
v 138.4156 5.2782 21.4259
v 138.4156 5.2782 21.4259
v 149.7856 4.1159 13.5996
v 149.1215 4.2763 12.3020
v 137.5505 5.4962 20.5412
v 137.5505 5.4962 20.5412
v 149.1215 4.2763 12.3020
v 148.5845 4.4111 10.8457
v 136.5181 5.7159 19.8452
v 136.5181 5.7159 19.8452
v 148.5845 4.4111 10.8457
v 148.0406 4.5324 9.4282
v 135.4502 5.9373 19.1404
v 135.4502 5.9373 19.1404
v 148.0406 4.5324 9.4282
v 147.5038 4.6382 8.0506
v 134.3479 6.1601 18.4170
v 134.3479 6.1601 18.4170
v 147.5038 4.6382 8.0506
v 146.8583 4.7484 6.6967
v 133.3285 6.3659 17.6911
v 133.3285 6.3659 17.6911
v 146.8583 4.7484 6.6967
v 146.2175 4.8452 5.3784
v 132.2771 6.5717 16.9510
v 132.2771 6.5717 16.9510
v 146.2175 4.8452 5.3784
v 145.5913 4.9270 4.0953
v 131.1948 6.7765 16.1893
v 131.1948 6.7765 16.1893
v 145.5913 4.9270 4.0953
v 144.8870 5.0092 2.8247
v 130.1752 6.9658 15.4284
v 130.1752 6.9658 15.4284
v 144.8870 5.0092 2.8247
v 144.1957 5.0783 1.5865
v 129.1263 7.1532 14.6488
v 129.1263 7.1532 14.6488
v 144.1957 5.0783 1.5865
v 143.5247 5.1328 0.3795
v 128.0498 7.3371 13.8444
v 128.0498 7.3371 13.8444
v 143.5247 5.1328 0.3795
v 142.7924 5.1856 -0.8220
v 127.0276 7.5057 13.0407
v 127.0276 7.5057 13.0407
v 142.7924 5.1856 -0.8220
v 142.0795 5.2256 -1.9937
v 125.9785 7.6704 12.2136
v 125.9785 7.6704 12.2136
v 142.0795 5.2256 -1.9937
v 141.3920 5.2524 -3.1371
v 124.9046 7.8298 11.3578
v 124.9046 7.8298 11.3578
v 141.3920 5.2524 -3.1371
v 140.3129 5.3542 -3.9815
v 124.2227 7.9440 10.2026
v 124.2227 7.9440 10.2026
v 140.3129 5.3542 -3.9815
v 139.2587 5.4472 -4.7981
v 123.5164 8.0493 9.0191
v 123.5164 8.0493 9.0191
v 139.2587 5.4472 -4.7981
v 138.2313 5.5313 -5.5921
v 122.7915 8.1443 7.8059
v 122.7915 8.1443 7.8059
v 138.2313 5.5313 -5.5921
v 137.1690 5.6119 -6.4030
v 122.1095 8.2215 6.6026
v 122.1095 8.2215 6.6026
v 137.1690 5.6119 -6.4030
v 136.1338 5.6835 -7.1906
v 121.4085 8.2870 5.3688
v 121.4085 8.2870 5.3688
v 136.1338 5.6835 -7.1906
v 135.1273 5.7464 -7.9605
v 120.6958 8.3401 4.1034
v 120.6958 8.3401 4.1034
v 135.1273 5.7464 -7.9605
v 134.0693 5.8095 -8.7387
v 120.0508 8.3727 2.8323
v 120.0508 8.3727 2.8323
v 134.0693 5.8095 -8.7387
v 133.0413 5.8641 -9.4967
v 119.3926 8.3917 1.5269
v 119.3926 8.3917 1.5269
v 133.0413 5.8641 -9.4967
v 132.0447 5.9103 -10.2411
v 118.7304 8.3962 0.1866
v 118.7304 8.3962 0.1866
v 132.0447 5.9103 -10.2411
v 130.9824 5.9590 -10.9930
v 118.1602 8.3775 -1.1675
v 118.1602 8.3775 -1.1675
v 130.9824 5.9590 -10.9930
v 129.9534 5.9997 -11.7276
v 117.5842 8.3433 -2.5602
v 117.5842 8.3433 -2.5602
v 129.9534 5.9997 -11.7276
v 128.9591 6.0321 -12.4533
v 117.0148 8.2922 -3.9911
v 117.0148 8.2922 -3.9911
v 128.9591 6.0321 -12.4533
v 128.0382 6.0337 -13.2968
v 116.4118 8.2384 -5.3336
v 116.4118 8.2384 -5.3336
v 128.0382 6.0337 -13.2968
v 127.1576 6.0276 -14.1215
v 115.8099 8.1683 -6.7240
v 115.8099 8.1683 -6.7240
v 127.1576 6.0276 -14.1215
v 126.3212 6.0132 -14.9349
v 115.2246 8.0803 -8.1625
v 115.2246 8.0803 -8.1625
v 126.3212 6.0132 -14.9349
v 125.7145 5.9348 -15.9535
v 114.4678 8.0146 -9.4334
v 114.4678 8.0146 -9.4334
v 125.7145 5.9348 -15.9535
v 125.1632 5.8497 -16.9376
v 113.7163 7.9311 -10.7757
v 113.7163 7.9311 -10.7757
v 125.1632 5.8497 -16.9376
v 124.6760 5.7582 -17.8871
v 112.9885 7.8270 -12.1949
v 112.9885 7.8270 -12.1949
v 124.6760 5.7582 -17.8871
v 124.1987 5.6501 -18.9066
v 112.3361 7.7099 -13.5888
v 112.3361 7.7099 -13.5888
v 124.1987 5.6501 -18.9066
v 123.7849 5.5376 -19.8810
v 111.7078 7.5702 -15.0701
v 111.7078 7.5702 -15.0701
v 123.7849 5.5376 -19.8810
v 123.4447 5.4217 -20.8037
v 111.1282 7.4043 -16.6439
v 111.1282 7.4043 -16.6439
v 123.4447 5.4217 -20.8037
v 123.1308 5.2862 -21.8032
v 110.6441 7.2252 -18.1862
v 110.6441 7.2252 -18.1862
v 123.1308 5.2862 -21.8032
v 122.8815 5.1481 -22.7541
v 110.2175 7.0189 -19.8177
v 110.2175 7.0189 -19.8177
v 122.8815 5.1481 -22.7541
v 122.7059 5.0104 -23.6385
v 109.8762 6.7818 -21.5412
v 109.8762 6.7818 -21.5412
v 122.7059 5.0104 -23.6385
v 122.5789 4.8530 -24.5854
v 109.6495 6.5303 -23.2328
v 109.6495 6.5303 -23.2328
v 122.5789 4.8530 -24.5854
v 122.5116 4.6911 -25.5029
v 109.5221 6.2521 -24.9791
v 109.5221 6.2521 -24.9791
v 122.5116 4.6911 -25.5029
v 122.5070 4.5311 -26.3576
v 109.5139 5.9445 -26.7824
v 109.5139 5.9445 -26.7824
v 122.5070 4.5311 -26.3576
v 122.5676 4.3647 -27.1932
v 109.6436 5.6130 -28.5968
v 109.6436 5.6130 -28.5968
v 122.5676 4.3647 -27.1932
v 122.6991 4.1691 -28.1236
v 109.8844 5.2805 -30.3106
v 109.8844 5.2805 -30.3106
v 122.6991 4.1691 -28.1236
v 122.8947 3.9508 -29.1191
v 110.2020 4.9510 -31.9290
v 110.2020 4.9510 -31.9290
v 122.8947 3.9508 -29.1191
v 123.1250 3.7438 -30.0221
v 110.6278 4.5937 -33.6028
v 110.6278 4.5937 -33.6028
v 123.1250 3.7438 -30.0221
v 123.4353 3.5072 -31.0119
v 111.1147 4.2460 -35.1596
v 111.1147 4.2460 -35.1596
v 123.4353 3.5072 -31.0119
v 123.8139 3.2443 -32.0787
v 111.6273 3.9124 -36.6049
v 111.6273 3.9124 -36.6049
v 123.8139 3.2443 -32.0787
v 124.2033 2.9947 -33.0613
v 112.2182 3.5570 -38.0971
v 112.2182 3.5570 -38.0971
v 124.2033 2.9947 -33.0613
v 124.6571 2.7248 -34.0916
v 112.8388 3.2103 -39.5071
v 112.8388 3.2103 -39.5071
v 124.6571 2.7248 -34.0916
v 125.1662 2.4363 -35.1700
v 113.4673 2.8756 -40.8388
v 113.4673 2.8756 -40.8388
v 125.1662 2.4363 -35.1700
v 125.8506 2.1524 -36.1004
v 113.9797 2.5327 -42.2875
v 113.9797 2.5327 -42.2875
v 125.8506 2.1524 -36.1004
v 126.5789 1.8571 -37.0489
v 114.5114 2.1959 -43.6879
v 114.5114 2.1959 -43.6879
v 126.5789 1.8571 -37.0489
v 127.3459 1.5507 -38.0213
v 115.0479 1.8684 -45.0395
v 115.0479 1.8684 -45.0395
v 127.3459 1.5507 -38.0213
v 128.2837 1.2512 -38.8399
v 115.4550 1.5362 -46.5204
v 115.4550 1.5362 -46.5204
v 128.2837 1.2512 -38.8399
v 129.2519 0.9450 -39.6657
v 115.8751 1.2105 -47.9693
v 115.8751 1.2105 -47.9693
v 129.2519 0.9450 -39.6657
v 130.2486 0.6318 -40.5065
v 116.2968 0.8945 -49.3842
v 116.2968 0.8945 -49.3842
v 130.2486 0.6318 -40.5065
v 131.1429 0.3297 -41.3647
v 116.8499 0.5692 -50.7627
v 116.8499 0.5692 -50.7627
v 131.1429 0.3297 -41.3647
v 132.0634 0.0219 -42.2329
v 117.4068 0.2517 -52.1121
v 117.4068 0.2517 -52.1121
v 132.0634 0.0219 -42.2329
v 133.0084 -0.2908 -43.1164
v 117.9603 -0.0555 -53.4320
v 117.9603 -0.0555 -53.4320
v 133.0084 -0.2908 -43.1164
v 133.8867 -0.5944 -44.0082
v 118.6003 -0.3677 -54.7294
v 118.6003 -0.3677 -54.7294
v 133.8867 -0.5944 -44.0082
v 134.7873 -0.9019 -44.9111
v 119.2391 -0.6711 -56.0015
v 119.2391 -0.6711 -56.0015
v 134.7873 -0.9019 -44.9111
v 135.7083 -1.2122 -45.8288
v 119.8712 -0.9639 -57.2489
v 119.8712 -0.9639 -57.2489
v 135.7083 -1.2122 -45.8288
v 136.5891 -1.5136 -46.7444
v 120.5571 -1.2583 -58.4883
v 120.5571 -1.2583 -58.4883
v 136.5891 -1.5136 -46.7444
v 137.4891 -1.8172 -47.6725
v 121.2377 -1.5429 -59.7054
v 121.2377 -1.5429 -59.7054
v 137.4891 -1.8172 -47.6725
v 138.4066 -2.1216 -48.6160
v 121.9089 -1.8162 -60.9009
v 121.9089 -1.8162 -60.9009
v 138.4066 -2.1216 -48.6160
v 139.2994 -2.4165 -49.5502
v 122.6127 -2.0883 -62.0999
v 122.6127 -2.0883 -62.0999
v 139.2994 -2.4165 -49.5502
v 140.2089 -2.7116 -50.4982
v 123.3080 -2.3496 -63.2789
v 123.3080 -2.3496 -63.2789
v 140.2089 -2.7116 -50.4982
v 141.1333 -3.0056 -51.4627
v 123.9915 -2.5985 -64.4390
v 123.9915 -2.5985 -64.4390
v 141.1333 -3.0056 -51.4627
v 141.9332 -3.2902 -52.4955
v 124.8026 -2.8518 -65.5286
v 124.8026 -2.8518 -65.5286
v 141.9332 -3.2902 -52.4955
v 142.7484 -3.5735 -53.5452
v 125.6014 -3.0977 -66.5988
v 125.6014 -3.0977 -66.5988
v 142.7484 -3.5735 -53.5452
v 143.5765 -3.8535 -54.6137
v 126.3856 -3.3370 -67.6516
v 126.3856 -3.3370 -67.6516
v 143.5765 -3.8535 -54.6137
v 144.2437 -4.1222 -55.7775
v 127.3289 -3.5881 -68.6105
v 127.3289 -3.5881 -68.6105
v 144.2437 -4.1222 -55.7775
v 144.9244 -4.3874 -56.9611
v 128.2569 -3.8330 -69.5510
v 128.2569 -3.8330 -69.5510
v 144.9244 -4.3874 -56.9611
v 145.6150 -4.6479 -58.1655
v 129.1677 -4.0719 -70.4761
v 129.1677 -4.0719 -70.4761
v 145.6150 -4.6479 -58.1655
v 146.2529 -4.8934 -59.3791
v 130.1246 -4.3143 -71.3971
v 130.1246 -4.3143 -71.3971
v 146.2529 -4.8934 -59.3791
v 146.9023 -5.1323 -60.6161
v 131.0625 -4.5490 -72.3001
v 131.0625 -4.5490 -72.3001
v 146.9023 -5.1323 -60.6161
v 147.5586 -5.3626 -61.8772
v 131.9801 -4.7759 -73.1890
v 131.9801 -4.7759 -73.1890
v 147.5586 -5.3626 -61.8772
v 148.1192 -5.5760 -63.1710
v 132.9803 -5.0100 -74.0547
v 132.9803 -5.0100 -74.0547
v 148.1192 -5.5760 -63.1710
v 148.6894 -5.7798 -64.4933
v 133.9574 -5.2349 -74.9017
v 133.9574 -5.2349 -74.9017
v 148.6894 -5.7798 -64.4933
v 149.2620 -5.9814 -65.8439
v 134.9097 -5.4517 -75.7358
v 134.9097 -5.4517 -75.7358
v 149.2620 -5.9814 -65.8439
v 149.6622 -6.1743 -67.2651
v 136.0136 -5.6797 -76.5141
v 136.0136 -5.6797 -76.5141
v 149.6622 -6.1743 -67.2651
v 150.0677 -6.3695 -68.7199
v 137.0899 -5.8981 -77.2742
v 137.0899 -5.8981 -77.2742
v 150.0677 -6.3695 -68.7199
v 150.4667 -6.5652 -70.2054
v 138.1379 -6.1078 -78.0254
v 138.1379 -6.1078 -78.0254
v 150.4667 -6.5652 -70.2054
v 150.9937 -6.7532 -71.5489
v 139.0256 -6.3101 -78.9401
v 139.0256 -6.3101 -78.9401
v 150.9937 -6.7532 -71.5489
v 151.5251 -6.9440 -72.9421
v 139.8741 -6.5014 -79.8271
v 139.8741 -6.5014 -79.8271
v 151.5251 -6.9440 -72.9421
v 152.0443 -7.1360 -74.3836
v 140.6798 -6.6824 -80.6961
v 140.6798 -6.6824 -80.6961
v 152.0443 -7.1360 -74.3836
v 152.7373 -7.3194 -75.6560
v 141.2617 -6.8537 -81.7644
v 141.2617 -6.8537 -81.7644
v 152.7373 -7.3194 -75.6560
v 153.4371 -7.5084 -77.0166
v 141.7818 -7.0096 -82.7746
v 141.7818 -7.0096 -82.7746
v 153.4371 -7.5084 -77.0166
v 154.1183 -7.7015 -78.4710
v 142.2298 -7.1500 -83.7306
v 142.2298 -7.1500 -83.7306
v 154.1183 -7.7015 -78.4710
v 154.7121 -7.8779 -79.8603
v 142.6845 -7.2987 -84.7935
v 142.6845 -7.2987 -84.7935
v 154.7121 -7.8779 -79.8603
v 155.3039 -8.0647 -81.4017
v 143.0504 -7.4251 -85.7437
v 143.0504 -7.4251 -85.7437
v 155.3039 -8.0647 -81.4017
v 155.8418 -8.2587 -83.1035
v 143.3139 -7.5280 -86.5752
v 143.3139 -7.5280 -86.5752
v 155.8418 -8.2587 -83.1035
v 156.2441 -8.4288 -84.6890
v 143.5690 -7.6435 -87.5773
v 143.5690 -7.6435 -87.5773
v 156.2441 -8.4288 -84.6890
v 156.5878 -8.6113 -86.5022
v 143.7261 -7.7306 -88.3934
v 143.7261 -7.7306 -88.3934
v 156.5878 -8.6113 -86.5022
v 156.7747 -8.8006 -88.5652
v 143.7808 -7.7849 -88.9647
v 143.7808 -7.7849 -88.9647
v 156.7747 -8.8006 -88.5652
v 156.7302 -8.9648 -90.5626
v 143.7647 -7.8379 -89.6158
v 143.7647 -7.8379 -89.6158
v 156.7302 -8.9648 -90.5626
v 156.4983 -9.1059 -92.4892
v 143.6767 -7.8887 -90.3429
v 143.6767 -7.8887 -90.3429
v 156.4983 -9.1059 -92.4892
v 156.0984 -9.2258 -94.3606
v 143.5226 -7.9308 -91.0671
v 143.5226 -7.9308 -91.0671
v 156.0984 -9.2258 -94.3606
v 155.4863 -9.3282 -96.2708
v 143.3243 -7.9582 -91.6788
v 143.3243 -7.9582 -91.6788
v 155.4863 -9.3282 -96.2708
v 154.7767 -9.4003 -97.9483
v 142.9896 -7.9839 -92.4653
v 142.9896 -7.9839 -92.4653
v 154.7767 -9.4003 -97.9483
v 154.0458 -9.4495 -99.4221
v 142.5341 -8.0043 -93.3821
v 142.5341 -8.0043 -93.3821
v 154.0458 -9.4495 -99.4221
v 153.1767 -9.4854 -100.9516
v 142.0897 -8.0133 -94.1636
v 142.0897 -8.0133 -94.1636
v 153.1767 -9.4854 -100.9516
v 152.2655 -9.5027 -102.3533
v 141.5453 -8.0133 -94.9995
v 141.5453 -8.0133 -94.9995
v 152.2655 -9.5027 -102.3533
v 151.3470 -9.5051 -103.6377
v 140.9133 -8.0038 -95.8829
v 140.9133 -8.0038 -95.8829
v 151.3470 -9.5051 -103.6377
v 150.3325 -9.4927 -104.9346
v 140.2880 -7.9862 -96.6819
v 140.2880 -7.9862 -96.6819
v 150.3325 -9.4927 -104.9346
v 149.3014 -9.4666 -106.1392
v 139.5843 -7.9582 -97.5033
v 139.5843 -7.9582 -97.5033
v 149.3014 -9.4666 -106.1392
v 148.2741 -9.4291 -107.2608
v 138.8117 -7.9200 -98.3466
v 138.8117 -7.9200 -98.3466
v 148.2741 -9.4291 -107.2608
v 147.1784 -9.3779 -108.3818
v 138.0462 -7.8753 -99.1297
v 138.0462 -7.8753 -99.1297
v 147.1784 -9.3779 -108.3818
v 146.0753 -9.3157 -109.4375
v 137.2230 -7.8204 -99.9172
v 137.2230 -7.8204 -99.9172
v 146.0753 -9.3157 -109.4375
v 144.9770 -9.2444 -110.4345
v 136.3484 -7.7558 -100.7110
v 136.3484 -7.7558 -100.7110
v 144.9770 -9.2444 -110.4345
v 143.9155 -9.1732 -111.5257
v 135.3928 -7.6680 -101.3591
v 135.3928 -7.6680 -101.3591
v 143.9155 -9.1732 -111.5257
v 142.8443 -9.0924 -112.5734
v 134.4003 -7.5711 -101.9984
v 134.4003 -7.5711 -101.9984
v 142.8443 -9.0924 -112.5734
v 141.7724 -9.0036 -113.5811
v 133.3737 -7.4656 -102.6325
v 133.3737 -7.4656 -102.6325
v 141.7724 -9.0036 -113.5811
v 140.7248 -8.9132 -114.6710
v 132.2891 -7.3411 -103.1395
v 132.2891 -7.3411 -103.1395
v 140.7248 -8.9132 -114.6710
v 139.6667 -8.8139 -115.7291
v 131.1803 -7.2088 -103.6329
v 131.1803 -7.2088 -103.6329
v 139.6667 -8.8139 -115.7291
v 138.6046 -8.7071 -116.7575
v 130.0483 -7.0692 -104.1160
v 130.0483 -7.0692 -104.1160
v 138.6046 -8.7071 -116.7575
v 137.4626 -8.5824 -117.7116
v 128.9699 -6.9359 -104.6339
v 128.9699 -6.9359 -104.6339
v 137.4626 -8.5824 -117.7116
v 136.3140 -8.4498 -118.6381
v 127.8709 -6.7956 -105.1393
v 127.8709 -6.7956 -105.1393
v 136.3140 -8.4498 -118.6381
v 135.1629 -8.3106 -119.5388
v 126.7525 -6.6489 -105.6343
v 126.7525 -6.6489 -105.6343
v 135.1629 -8.3106 -119.5388
v 133.9569 -8.1573 -120.3816
v 125.6675 -6.5056 -106.1514
v 125.6675 -6.5056 -106.1514
v 133.9569 -8.1573 -120.3816
v 132.7460 -7.9971 -121.2003
v 124.5654 -6.3562 -106.6563
v 124.5654 -6.3562 -106.6563
v 132.7460 -7.9971 -121.2003
v 131.5331 -7.8312 -121.9963
v 123.4472 -6.2014 -107.1504
v 123.4472 -6.2014 -107.1504
v 131.5331 -7.8312 -121.9963
v 130.2819 -7.6541 -122.7466
v 122.3493 -6.0479 -107.6571
v 122.3493 -6.0479 -107.6571
v 130.2819 -7.6541 -122.7466
v 129.0263 -7.4710 -123.4758
v 121.2376 -5.8893 -108.1514
v 121.2376 -5.8893 -108.1514
v 129.0263 -7.4710 -123.4758
v 127.7680 -7.2829 -124.1848
v 120.1130 -5.7262 -108.6342
v 120.1130 -5.7262 -108.6342
v 127.7680 -7.2829 -124.1848
v 126.4815 -7.0860 -124.8536
v 119.0012 -5.5637 -109.1259
v 119.0012 -5.5637 -109.1259
v 126.4815 -7.0860 -124.8536
v 125.1901 -6.8839 -125.5036
v 117.8788 -5.3970 -109.6048
v 117.8788 -5.3970 -109.6048
v 125.1901 -6.8839 -125.5036
v 123.8950 -6.6776 -126.1352
v 116.7463 -5.2269 -110.0713
v 116.7463 -5.2269 -110.0713
v 123.8950 -6.6776 -126.1352
v 122.5790 -6.4645 -126.7292
v 115.6213 -5.0571 -110.5450
v 115.6213 -5.0571 -110.5450
v 122.5790 -6.4645 -126.7292
v 121.2569 -6.2470 -127.3062
v 114.4889 -4.8840 -111.0052
v 114.4889 -4.8840 -111.0052
v 121.2569 -6.2470 -127.3062
v 119.9293 -6.0262 -127.8660
v 113.3495 -4.7087 -111.4518
v 113.3495 -4.7087 -111.4518
v 119.9293 -6.0262 -127.8660
v 118.5855 -5.8003 -128.3875
v 112.2142 -4.5337 -111.9064
v 112.2142 -4.5337 -111.9064
v 118.5855 -5.8003 -128.3875
v 117.2350 -5.5711 -128.8924
v 111.0733 -4.3564 -112.3469
v 111.0733 -4.3564 -112.3469
v 117.2350 -5.5711 -128.8924
v 115.8786 -5.3394 -129.3805
v 109.9272 -4.1779 -112.7731
v 109.9272 -4.1779 -112.7731
v 115.8786 -5.3394 -129.3805
v 114.5092 -5.1047 -129.8258
v 108.7831 -3.9999 -113.2115
v 108.7831 -3.9999 -113.2115
v 114.5092 -5.1047 -129.8258
v 113.1310 -4.8673 -130.2551
v 107.6365 -3.8209 -113.6345
v 107.6365 -3.8209 -113.6345
v 113.1310 -4.8673 -130.2551
v 111.7447 -4.6284 -130.6676
v 106.4878 -3.6417 -114.0419
v 106.4878 -3.6417 -114.0419
v 111.7447 -4.6284 -130.6676
v 110.3463 -4.3880 -131.0213
v 105.3409 -3.4641 -114.4757
v 105.3409 -3.4641 -114.4757
v 110.3463 -4.3880 -131.0213
v 108.9373 -4.1461 -131.3588
v 104.1942 -3.2865 -114.8930
v 104.1942 -3.2865 -114.8930
v 108.9373 -4.1461 -131.3588
v 107.5186 -3.9037 -131.6784
v 103.0477 -3.1097 -115.2929
v 103.0477 -3.1097 -115.2929
v 107.5186 -3.9037 -131.6784
v 106.0962 -3.6627 -131.9442
v 101.8952 -2.9336 -115.7117
v 101.8952 -2.9336 -115.7117
v 106.0962 -3.6627 -131.9442
v 104.6605 -3.4209 -132.1929
v 100.7463 -2.7586 -116.1123
v 100.7463 -2.7586 -116.1123
v 104.6605 -3.4209 -132.1929
v 103.2127 -3.1798 -132.4218
v 99.6007 -2.5856 -116.4932
v 99.6007 -2.5856 -116.4932
v 103.2127 -3.1798 -132.4218
v 101.7821 -2.9436 -132.6561
v 98.4289 -2.4094 -116.8301
v 98.4289 -2.4094 -116.8301
v 101.7821 -2.9436 -132.6561
v 100.3316 -2.7070 -132.8718
v 97.2679 -2.2362 -117.1458
v 97.2679 -2.2362 -117.1458
v 100.3316 -2.7070 -132.8718
v 98.8630 -2.4714 -133.0649
v 96.1171 -2.0667 -117.4382
v 96.1171 -2.0667 -117.4382
v 98.8630 -2.4714 -133.0649
v 97.4197 -2.2434 -133.2601
v 94.9327 -1.8938 -117.6843
v 94.9327 -1.8938 -117.6843
v 97.4197 -2.2434 -133.2601
v 95.9404 -2.0138 -133.4349
v 93.7762 -1.7271 -117.9047
v 93.7762 -1.7271 -117.9047
v 95.9404 -2.0138 -133.4349
v 94.4263 -1.7846 -133.5808
v 92.6480 -1.5673 -118.0951
v 92.6480 -1.5673 -118.0951
v 94.4263 -1.7846 -133.5808
v 92.9400 -1.5646 -133.7194
v 91.4845 -1.4046 -118.2336
v 91.4845 -1.4046 -118.2336
v 92.9400 -1.5646 -133.7194
v 91.4233 -1.3461 -133.8272
v 90.3449 -1.2479 -118.3440
v 90.3449 -1.2479 -118.3440
v 91.4233 -1.3461 -133.8272
v 89.8747 -1.1303 -133.8969
v 89.2343 -1.0983 -118.4229
v 89.2343 -1.0983 -118.4229
v 89.8747 -1.1303 -133.8969
v 88.3258 -0.9215 -133.9511
v 88.1207 -0.9507 -118.4405
v 88.1207 -0.9507 -118.4405
v 88.3258 -0.9215 -133.9511
v 86.8051 -0.7239 -133.9646
v 86.9759 -0.8021 -118.4289
v 86.9759 -0.8021 -118.4289
v 86.8051 -0.7239 -133.9646
v 85.3119 -0.5379 -133.9449
v 85.8054 -0.6540 -118.3913
v 85.8054 -0.6540 -118.3913
v 85.3119 -0.5379 -133.9449
v 83.7942 -0.3561 -133.9237
v 84.6620 -0.5126 -118.2960
v 84.6620 -0.5126 -118.2960
v 83.7942 -0.3561 -133.9237
v 82.3008 -0.1855 -133.8703
v 83.4959 -0.3721 -118.1735
v 83.4959 -0.3721 -118.1735
v 82.3008 -0.1855 -133.8703
v 80.8335 -0.0261 -133.7910
v 82.3085 -0.2335 -118.0271
v 82.3085 -0.2335 -118.0271
v 80.8335 -0.0261 -133.7910
v 79.3412 0.1284 -133.7297
v 81.1511 -0.1018 -117.8135
v 81.1511 -0.1018 -117.8135
v 79.3412 0.1284 -133.7297
v 77.8689 0.2722 -133.6428
v 79.9782 0.0274 -117.5757
v 79.9782 0.0274 -117.5757
v 77.8689 0.2722 -133.6428
v 76.4182 0.4051 -133.5353
v 78.7899 0.1535 -117.3167
v 78.7899 0.1535 -117.3167
v 76.4182 0.4051 -133.5353
v 74.9445 0.5320 -133.4423
v 77.6308 0.2728 -117.0019
v 77.6308 0.2728 -117.0019
v 74.9445 0.5320 -133.4423
v 73.4866 0.6484 -133.3283
v 76.4621 0.3886 -116.6662
v 76.4621 0.3886 -116.6662
v 73.4866 0.6484 -133.3283
v 72.0457 0.7544 -133.1974
v 75.2831 0.5004 -116.3119
v 75.2831 0.5004 -116.3119
v 72.0457 0.7544 -133.1974
v 70.5957 0.8513 -133.0218
v 74.1203 0.6055 -115.9668
v 74.1203 0.6055 -115.9668
v 70.5957 0.8513 -133.0218
v 69.1604 0.9379 -132.8290
v 72.9495 0.7064 -115.6033
v 72.9495 0.7064 -115.6033
v 69.1604 0.9379 -132.8290
v 67.7407 1.0144 -132.6223
v 71.7704 0.8029 -115.2230
v 71.7704 0.8029 -115.2230
v 67.7407 1.0144 -132.6223
v 66.3157 1.0815 -132.3749
v 70.6036 0.8927 -114.8530
v 70.6036 0.8927 -114.8530
v 66.3157 1.0815 -132.3749
v 64.9040 1.1388 -132.1133
v 69.4305 0.9779 -114.4665
v 69.4305 0.9779 -114.4665
v 64.9040 1.1388 -132.1133
v 63.5062 1.1865 -131.8400
v 68.2508 1.0582 -114.0651
v 68.2508 1.0582 -114.0651
v 63.5062 1.1865 -131.8400
v 62.1054 1.2249 -131.5329
v 67.0811 1.1320 -113.6710
v 67.0811 1.1320 -113.6710
v 62.1054 1.2249 -131.5329
v 60.7165 1.2539 -131.2138
v 65.9068 1.2007 -113.2622
v 65.9068 1.2007 -113.2622
v 60.7165 1.2539 -131.2138
v 59.3397 1.2739 -130.8846
v 64.7273 1.2643 -112.8401
v 64.7273 1.2643 -112.8401
v 59.3397 1.2739 -130.8846
v 57.9610 1.2849 -130.5278
v 63.5567 1.3215 -112.4223
v 63.5567 1.3215 -112.4223
v 57.9610 1.2849 -130.5278
v 56.5934 1.2871 -130.1608
v 62.3820 1.3734 -111.9913
v 62.3820 1.3734 -111.9913
v 56.5934 1.2871 -130.1608
v 55.2369 1.2809 -129.7852
v 61.2029 1.4199 -111.5481
v 61.2029 1.4199 -111.5481
v 55.2369 1.2809 -129.7852
v 53.8797 1.2660 -129.3864
v 60.0314 1.4602 -111.1076
v 60.0314 1.4602 -111.1076
v 53.8797 1.2660 -129.3864
v 52.5318 1.2429 -128.9787
v 58.8573 1.4950 -110.6554
v 58.8573 1.4950 -110.6554
v 52.5318 1.2429 -128.9787
v 51.1932 1.2120 -128.5632
v 57.6804 1.5243 -110.1925
v 57.6804 1.5243 -110.1925
v 51.1932 1.2120 -128.5632
v 49.8546 1.1730 -128.1283
v 56.5101 1.5476 -109.7305
v 56.5101 1.5476 -109.7305
v 49.8546 1.1730 -128.1283
v 48.5247 1.1264 -127.6856
v 55.3376 1.5654 -109.2579
v 55.3376 1.5654 -109.2579
v 48.5247 1.1264 -127.6856
v 47.2036 1.0725 -127.2361
v 54.1626 1.5777 -108.7754
v 54.1626 1.5777 -108.7754
v 47.2036 1.0725 -127.2361
v 45.8826 1.0112 -126.7701
v 52.9937 1.5841 -108.2929
v 52.9937 1.5841 -108.2929
v 45.8826 1.0112 -126.7701
v 44.5693 0.9428 -126.2971
v 51.8233 1.5851 -107.8009
v 51.8233 1.5851 -107.8009
v 44.5693 0.9428 -126.2971
v 43.2638 0.8680 -125.8180
v 50.6512 1.5807 -107.2998
v 50.6512 1.5807 -107.2998
v 43.2638 0.8680 -125.8180
v 41.9590 0.7862 -125.3241
v 49.4843 1.5707 -106.7986
v 49.4843 1.5707 -106.7986
v 41.9590 0.7862 -125.3241
v 40.6611 0.6980 -124.8240
v 48.3166 1.5552 -106.2887
v 48.3166 1.5552 -106.2887
v 40.6611 0.6980 -124.8240
v 39.3701 0.6040 -124.3183
v 47.1477 1.5346 -105.7706
v 47.1477 1.5346 -105.7706
v 39.3701 0.6040 -124.3183
v 38.0797 0.5037 -123.8002
v 45.9839 1.5088 -105.2512
v 45.9839 1.5088 -105.2512
v 38.0797 0.5037 -123.8002
v 36.7959 0.3977 -123.2764
v 44.8193 1.4776 -104.7237
v 44.8193 1.4776 -104.7237
v 36.7959 0.3977 -123.2764
v 35.5184 0.2866 -122.7477
v 43.6539 1.4416 -104.1887
v 43.6539 1.4416 -104.1887
v 35.5184 0.2866 -122.7477
v 34.2419 0.1700 -122.2077
v 42.4930 1.4006 -103.6525
v 42.4930 1.4006 -103.6525
v 34.2419 0.1700 -122.2077
v 32.9712 0.0483 -121.6625
v 41.3318 1.3546 -103.1090
v 41.3318 1.3546 -103.1090
v 32.9712 0.0483 -121.6625
v 31.7061 -0.0779 -121.1126
v 40.1701 1.3040 -102.5586
v 40.1701 1.3040 -102.5586
v 31.7061 -0.0779 -121.1126
v 30.4422 -0.2088 -120.5529
v 39.0126 1.2488 -102.0065
v 39.0126 1.2488 -102.0065
v 30.4422 -0.2088 -120.5529
v 29.1835 -0.3441 -119.9884
v 37.8552 1.1889 -101.4477
v 37.8552 1.1889 -101.4477
v 29.1835 -0.3441 -119.9884
v 27.9300 -0.4831 -119.4194
v 36.6977 1.1248 -100.8825
v 36.6977 1.1248 -100.8825
v 27.9300 -0.4831 -119.4194
v 26.6785 -0.6261 -118.8397
v 35.5431 1.0563 -100.3175
v 35.5431 1.0563 -100.3175
v 26.6785 -0.6261 -118.8397
v 25.4321 -0.7727 -118.2556
v 34.3887 0.9835 -99.7461
v 34.3887 0.9835 -99.7461
v 25.4321 -0.7727 -118.2556
v 24.1905 -0.9222 -117.6674
v 33.2342 0.9068 -99.1688
v 33.2342 0.9068 -99.1688
v 24.1905 -0.9222 -117.6674
v 22.9522 -1.0747 -117.0671
v 32.0813 0.8258 -98.5937
v 32.0813 0.8258 -98.5937
v 22.9522 -1.0747 -117.0671
v 21.7185 -1.2301 -116.4627
v 30.9287 0.7409 -98.0129
v 30.9287 0.7409 -98.0129
v 21.7185 -1.2301 -116.4627
v 20.4892 -1.3877 -115.8544
v 29.7763 0.6525 -97.4265
v 29.7763 0.6525 -97.4265
v 20.4892 -1.3877 -115.8544
v 19.2635 -1.5474 -115.2348
v 28.6250 0.5602 -96.8422
v 28.6250 0.5602 -96.8422
v 19.2635 -1.5474 -115.2348
v 18.0419 -1.7092 -114.6112
v 27.4743 0.4645 -96.2526
v 27.4743 0.4645 -96.2526
v 18.0419 -1.7092 -114.6112
v 16.8247 -1.8725 -113.9842
v 26.3238 0.3657 -95.6576
v 26.3238 0.3657 -95.6576
v 16.8247 -1.8725 -113.9842
v 15.6122 -2.0368 -113.3467
v 25.1729 0.2633 -95.0647
v 25.1729 0.2633 -95.0647
v 15.6122 -2.0368 -113.3467
v 14.4013 -2.2029 -112.7043
v 24.0250 0.1580 -94.4680
v 24.0250 0.1580 -94.4680
v 14.4013 -2.2029 -112.7043
v 13.1923 -2.3700 -112.0570
v 22.8799 0.0505 -93.8672
v 22.8799 0.0505 -93.8672
v 13.1923 -2.3700 -112.0570
v 11.9910 -2.5369 -111.3999
v 21.7317 -0.0605 -93.2677
v 21.7317 -0.0605 -93.2677
v 11.9910 -2.5369 -111.3999
v 10.7887 -2.7051 -110.7364
v 20.5892 -0.1736 -92.6656
v 20.5892 -0.1736 -92.6656
v 10.7887 -2.7051 -110.7364
v 9.5858 -2.8738 -110.0661
v 19.4526 -0.2880 -92.0607
v 19.4526 -0.2880 -92.0607
v 9.5858 -2.8738 -110.0661
v 8.3927 -3.0413 -109.3858
v 18.3116 -0.4055 -91.4559
v 18.3116 -0.4055 -91.4559
v 8.3927 -3.0413 -109.3858
v 7.1989 -3.2092 -108.6985
v 17.1768 -0.5244 -90.8483
v 17.1768 -0.5244 -90.8483
v 7.1989 -3.2092 -108.6985
v 6.0047 -3.3767 -108.0038
v 16.0483 -0.6439 -90.2374
v 16.0483 -0.6439 -90.2374
v 6.0047 -3.3767 -108.0038
v 4.8217 -3.5419 -107.2981
v 14.9146 -0.7662 -89.6268
v 14.9146 -0.7662 -89.6268
v 4.8217 -3.5419 -107.2981
v 3.6379 -3.7067 -106.5845
v 13.7879 -0.8891 -89.0134
v 13.7879 -0.8891 -89.0134
v 3.6379 -3.7067 -106.5845
v 2.4536 -3.8704 -105.8624
v 12.6686 -1.0120 -88.3965
v 12.6686 -1.0120 -88.3965
v 2.4536 -3.8704 -105.8624
v 1.2815 -4.0308 -105.1300
v 11.5440 -1.1369 -87.7783
v 11.5440 -1.1369 -87.7783
v 1.2815 -4.0308 -105.1300
v 0.1082 -4.1901 -104.3886
v 10.4275 -1.2617 -87.1571
v 10.4275 -1.2617 -87.1571
v 0.1082 -4.1901 -104.3886
v -1.0654 -4.3474 -103.6376
v 9.3193 -1.3857 -86.5323
v 9.3193 -1.3857 -86.5323
v -1.0654 -4.3474 -103.6376
v -2.2256 -4.5003 -102.8761
v 8.2057 -1.5111 -85.9049
v 8.2057 -1.5111 -85.9049
v -2.2256 -4.5003 -102.8761
v -3.3869 -4.6514 -102.1047
v 7.1011 -1.6357 -85.2743
v 7.1011 -1.6357 -85.2743
v -3.3869 -4.6514 -102.1047
v -4.5482 -4.7996 -101.3224
v 6.0060 -1.7586 -84.6398
v 6.0060 -1.7586 -84.6398
v -4.5482 -4.7996 -101.3224
v -5.6932 -4.9422 -100.5276
v 4.9036 -1.8828 -84.0032
v 4.9036 -1.8828 -84.0032
v -5.6932 -4.9422 -100.5276
v -6.8394 -5.0820 -99.7212
v 3.8117 -2.0053 -83.3637
v 3.8117 -2.0053 -83.3637
v -6.8394 -5.0820 -99.7212
v -7.9858 -5.2183 -98.9022
v 2.7309 -2.1254 -82.7201
v 2.7309 -2.1254 -82.7201
v -7.9858 -5.2183 -98.9022
v -9.1113 -5.3473 -98.0677
v 1.6400 -2.2469 -82.0758
v 1.6400 -2.2469 -82.0758
v -9.1113 -5.3473 -98.0677
v -10.2382 -5.4727 -97.2197
v 0.5614 -2.3659 -81.4286
v 0.5614 -2.3659 -81.4286
v -10.2382 -5.4727 -97.2197
v -11.3651 -5.5938 -96.3572
v -0.5043 -2.4817 -80.7773
v -0.5043 -2.4817 -80.7773
v -11.3651 -5.5938 -96.3572
v -12.4648 -5.7057 -95.4750
v -1.5844 -2.5993 -80.1274
v -1.5844 -2.5993 -80.1274
v -12.4648 -5.7057 -95.4750
v -13.5663 -5.8133 -94.5768
v -2.6498 -2.7135 -79.4748
v -2.6498 -2.7135 -79.4748
v -13.5663 -5.8133 -94.5768
v -14.6676 -5.9157 -93.6613
v -3.6996 -2.8236 -78.8183
v -3.6996 -2.8236 -78.8183
v -14.6676 -5.9157 -93.6613
v -15.7324 -6.0066 -92.7199
v -4.7706 -2.9366 -78.1666
v -4.7706 -2.9366 -78.1666
v -15.7324 -6.0066 -92.7199
v -16.7986 -6.0923 -91.7597
v -5.8244 -3.0454 -77.5125
v -5.8244 -3.0454 -77.5125
v -16.7986 -6.0923 -91.7597
v -17.8635 -6.1720 -90.7794
v -6.8602 -3.1494 -76.8541
v -6.8602 -3.1494 -76.8541
v -17.8635 -6.1720 -90.7794
v -18.8784 -6.2371 -89.7648
v -7.9272 -3.2579 -76.2059
v -7.9272 -3.2579 -76.2059
v -18.8784 -6.2371 -89.7648
v -19.8945 -6.2963 -88.7277
v -8.9737 -3.3614 -75.5558
v -8.9737 -3.3614 -75.5558
v -19.8945 -6.2963 -88.7277
v -20.9079 -6.3484 -87.6664
v -9.9986 -3.4592 -74.9015
v -9.9986 -3.4592 -74.9015
v -20.9079 -6.3484 -87.6664
v -21.8501 -6.3820 -86.5586
v -11.0713 -3.5647 -74.2657
v -11.0713 -3.5647 -74.2657
v -21.8501 -6.3820 -86.5586
v -22.7920 -6.4087 -85.4240
v -12.1198 -3.6642 -73.6285
v -12.1198 -3.6642 -73.6285
v -22.7920 -6.4087 -85.4240
v -23.7279 -6.4274 -84.2609
v -13.1430 -3.7570 -72.9863
v -13.1430 -3.7570 -72.9863
v -23.7279 -6.4274 -84.2609
v -24.5628 -6.4226 -83.0376
v -14.2370 -3.8615 -72.3715
v -14.2370 -3.8615 -72.3715
v -24.5628 -6.4226 -83.0376
v -25.3941 -6.4100 -81.7828
v -15.3032 -3.9591 -71.7548
v -15.3032 -3.9591 -71.7548
v -25.3941 -6.4100 -81.7828
v -26.2126 -6.3883 -80.4957
v -16.3406 -4.0491 -71.1312
v -16.3406 -4.0491 -71.1312
v -26.2126 -6.3883 -80.4957
v -27.1337 -6.3895 -79.3581
v -17.2354 -4.0946 -70.3188
v -17.2354 -4.0946 -70.3188
v -27.1337 -6.3895 -79.3581
v -28.0540 -6.3814 -78.1742
v -18.0894 -4.1326 -69.5135
v -18.0894 -4.1326 -69.5135
v -28.0540 -6.3814 -78.1742
v -28.9624 -6.3624 -76.9403
v -18.8981 -4.1623 -68.7116
v -18.8981 -4.1623 -68.7116
v -28.9624 -6.3624 -76.9403
v -29.8908 -6.3483 -75.7774
v -19.6323 -4.1662 -67.7922
v -19.6323 -4.1662 -67.7922
v -29.8908 -6.3483 -75.7774
v -30.8190 -6.3223 -74.5464
v -20.3096 -4.1625 -66.8944
v -20.3096 -4.1625 -66.8944
v -30.8190 -6.3223 -74.5464
v -31.7306 -6.2823 -73.2409
v -20.9223 -4.1506 -66.0173
v -20.9223 -4.1506 -66.0173
v -31.7306 -6.2823 -73.2409
v -32.5650 -6.2310 -71.9503
v -21.5349 -4.1293 -65.0701
v -21.5349 -4.1293 -65.0701
v -32.5650 -6.2310 -71.9503
v -33.3900 -6.1642 -70.5654
v -22.0757 -4.1011 -64.1632
v -22.0757 -4.1011 -64.1632
v -33.3900 -6.1642 -70.5654
v -34.1771 -6.0792 -69.0835
v -22.5365 -4.0657 -63.2958
v -22.5365 -4.0657 -63.2958
v -34.1771 -6.0792 -69.0835
v -34.8470 -5.9883 -67.6846
v -23.0213 -4.0161 -62.2852
v -23.0213 -4.0161 -62.2852
v -34.8470 -5.9883 -67.6846
v -35.5346 -5.8686 -66.0445
v -23.3706 -3.9682 -61.4581
v -23.3706 -3.9682 -61.4581
v -35.5346 -5.8686 -66.0445
v -36.1465 -5.7084 -64.1319
v -23.5678 -3.9250 -60.8491
v -23.5678 -3.9250 -60.8491
v -36.1465 -5.7084 -64.1319
v -36.5424 -5.5368 -62.3113
v -23.7364 -3.8589 -60.0734
v -23.7364 -3.8589 -60.0734
v -36.5424 -5.5368 -62.3113
v -36.7889 -5.3351 -60.3609
v -23.8265 -3.7903 -59.3731
v -23.8265 -3.7903 -59.3731
v -36.7889 -5.3351 -60.3609
v -36.8256 -5.0965 -58.2553
v -23.8387 -3.7303 -58.8377
v -23.8387 -3.7303 -58.8377
v -36.8256 -5.0965 -58.2553
v -36.5860 -4.8296 -56.1132
v -23.7808 -3.6674 -58.3556
v -23.7808 -3.6674 -58.3556
v -36.5860 -4.8296 -56.1132
v -36.1723 -4.5797 -54.2562
v -23.6092 -3.5577 -57.5981
v -23.6092 -3.5577 -57.5981
v -36.1723 -4.5797 -54.2562
v -35.6972 -4.3525 -52.6492
v -23.3263 -3.4102 -56.6441
v -23.3263 -3.4102 -56.6441
v -35.6972 -4.3525 -52.6492
v -35.0610 -4.0963 -50.9211
v -23.0444 -3.2846 -55.8811
v -23.0444 -3.2846 -55.8811
v -35.0610 -4.0963 -50.9211
v -34.3738 -3.8564 -49.3833
v -22.6408 -3.1269 -54.9813
v -22.6408 -3.1269 -54.9813
v -34.3738 -3.8564 -49.3833
v -33.6973 -3.6364 -48.0207
v -22.1306 -2.9395 -53.9545
v -22.1306 -2.9395 -53.9545
v -33.6973 -3.6364 -48.0207
v -32.9183 -3.3971 -46.5865
v -21.6392 -2.7681 -53.0504
v -21.6392 -2.7681 -53.0504
v -32.9183 -3.3971 -46.5865
v -32.1281 -3.1679 -45.2614
v -21.0631 -2.5777 -52.0854
v -21.0631 -2.5777 -52.0854
v -32.1281 -3.1679 -45.2614
v -31.3566 -2.9506 -44.0369
v -20.4136 -2.3687 -51.0547
v -20.4136 -2.3687 -51.0547
v -31.3566 -2.9506 -44.0369
v -30.7464 -2.7290 -42.6208
v -19.5541 -2.1545 -50.2497
v -19.5541 -2.1545 -50.2497
v -30.7464 -2.7290 -42.6208
v -30.1309 -2.5133 -41.2615
v -18.6453 -1.9292 -49.4227
v -18.6453 -1.9292 -49.4227
v -30.1309 -2.5133 -41.2615
v -29.5295 -2.3057 -39.9588
v -17.6905 -1.6917 -48.5621
v -17.6905 -1.6917 -48.5621
v -29.5295 -2.3057 -39.9588
v -29.1360 -2.0985 -38.4291
v -16.4989 -1.4449 -47.9507
v -16.4989 -1.4449 -47.9507
v -29.1360 -2.0985 -38.4291
v -28.7433 -1.8972 -36.9357
v -15.2746 -1.1889 -47.3259
v -15.2746 -1.1889 -47.3259
v -28.7433 -1.8972 -36.9357
v -28.3675 -1.7040 -35.4827
v -14.0167 -0.9220 -46.6739
v -14.0167 -0.9220 -46.6739
v -28.3675 -1.7040 -35.4827
v -27.8232 -1.4994 -34.0955
v -12.9115 -0.6705 -45.9688
v -12.9115 -0.6705 -45.9688
v -27.8232 -1.4994 -34.0955
v -27.2937 -1.3017 -32.7450
v -11.7746 -0.4095 -45.2400
v -11.7746 -0.4095 -45.2400
v -27.2937 -1.3017 -32.7450
v -26.7894 -1.1125 -31.4321
v -10.6067 -0.1385 -44.4784
v -10.6067 -0.1385 -44.4784
v -26.7894 -1.1125 -31.4321
v -25.9295 -0.9022 -30.3501
v -9.7890 0.1022 -43.4905
v -9.7890 0.1022 -43.4905
v -25.9295 -0.9022 -30.3501
v -25.0956 -0.6981 -29.3062
v -8.9394 0.3520 -42.4691
v -8.9394 0.3520 -42.4691
v -25.0956 -0.6981 -29.3062
v -24.2929 -0.5010 -28.2964
v -8.0629 0.6100 -41.4101
v -8.0629 0.6100 -41.4101
v -24.2929 -0.5010 -28.2964
v -23.0907 -0.2743 -27.5530
v -7.5897 0.8304 -40.0815
v -7.5897 0.8304 -40.0815
v -23.0907 -0.2743 -27.5530
v -21.9202 -0.0516 -26.8444
v -7.0893 1.0579 -38.7146
v -7.0893 1.0579 -38.7146
v -21.9202 -0.0516 -26.8444
v -20.7816 0.1670 -26.1606
v -6.5726 1.2901 -37.3106
v -6.5726 1.2901 -37.3106
v -20.7816 0.1670 -26.1606
v -19.4283 0.4104 -25.5765
v -6.2849 1.4938 -35.7953
v -6.2849 1.4938 -35.7953
v -19.4283 0.4104 -25.5765
v -18.1091 0.6504 -25.0209
v -5.9788 1.7021 -34.2392
v -5.9788 1.7021 -34.2392
v -18.1091 0.6504 -25.0209
v -16.8213 0.8878 -24.4772
v -5.6727 1.9105 -32.6484
v -5.6727 1.9105 -32.6484
v -16.8213 0.8878 -24.4772
v -15.9676 1.0958 -23.5348
v -4.9606 2.1469 -31.4343
v -4.9606 2.1469 -31.4343
v -15.9676 1.0958 -23.5348
v -15.1653 1.2926 -22.6336
v -4.2284 2.3910 -30.1561
v -4.2284 2.3910 -30.1561
v -15.1653 1.2926 -22.6336
v -14.4202 1.4775 -21.7633
v -3.4962 2.6389 -28.8107
v -3.4962 2.6389 -28.8107
v -14.4202 1.4775 -21.7633
v -13.7662 1.6605 -20.7325
v -2.7221 2.8801 -27.5901
v -2.7221 2.8801 -27.5901
v -13.7662 1.6605 -20.7325
v -13.1972 1.8229 -19.7838
v -1.9200 3.1344 -26.2510
v -1.9200 3.1344 -26.2510
v -13.1972 1.8229 -19.7838
v -12.7256 1.9627 -18.9111
v -1.1274 3.3949 -24.7831
v -1.1274 3.3949 -24.7831
v -12.7256 1.9627 -18.9111
v -12.2223 2.1175 -17.8849
v -0.4556 3.6235 -23.4116
v -0.4556 3.6235 -23.4116
v -12.2223 2.1175 -17.8849
v -11.8492 2.2380 -17.0323
v 0.2397 3.8712 -21.8136
v 0.2397 3.8712 -21.8136
v -11.8492 2.2380 -17.0323
v -11.6221 2.3201 -16.3729
v 0.8714 4.1222 -19.9660
v 0.8714 4.1222 -19.9660
v -11.6221 2.3201 -16.3729
v -11.3891 2.4189 -15.4670
v 1.3028 4.3207 -18.2805
v 1.3028 4.3207 -18.2805
v -11.3891 2.4189 -15.4670
v -11.2744 2.4806 -14.8185
v 1.6430 4.5204 -16.2812
v 1.6430 4.5204 -16.2812
v -11.2744 2.4806 -14.8185
v -11.2594 2.5007 -14.5527
v 1.7253 4.6917 -13.9218
v 1.7253 4.6917 -13.9218
v -11.2594 2.5007 -14.5527
v -11.3104 2.5177 -14.1602
v 1.4538 4.7829 -11.6954
v 1.4538 4.7829 -11.6954
v -11.3104 2.5177 -14.1602
v -11.4359 2.5280 -13.6817
v 0.8993 4.8095 -9.5776
v 0.8993 4.8095 -9.5776
v -11.4359 2.5280 -13.6817
v -11.5930 2.5283 -13.2904
v 0.0577 4.7753 -7.5232
v 0.0577 4.7753 -7.5232
v -11.5930 2.5283 -13.2904
v -11.7333 2.5201 -13.0704
v -1.1667 4.6650 -5.4976
v -1.1667 4.6650 -5.4976
v -11.7333 2.5201 -13.0704
v -12.1731 2.4832 -12.5286
v -2.4102 4.5220 -3.9445
v -2.4102 4.5220 -3.9445
v -12.1731 2.4832 -12.5286
v -12.8735 2.4182 -11.7746
v -3.5318 4.3818 -2.7341
v -3.5318 4.3818 -2.7341
v -12.8735 2.4182 -11.7746
v -13.4468 2.3606 -11.2309
v -4.8829 4.2031 -1.4504
v -4.8829 4.2031 -1.4504
v -13.4468 2.3606 -11.2309
v -14.1951 2.2790 -10.6167
v -6.1978 4.0202 -0.3677
v -6.1978 4.0202 -0.3677
v -14.1951 2.2790 -10.6167
v -15.1026 2.1774 -9.9329
v -7.4209 3.8467 0.5548
v -7.4209 3.8467 0.5548
v -15.1026 2.1774 -9.9329
v -15.9379 2.0820 -9.3522
v -8.7702 3.6525 1.4933
v -8.7702 3.6525 1.4933
v -15.9379 2.0820 -9.3522
v -16.8728 1.9723 -8.7596
v -10.0875 3.4602 2.3291
v -10.0875 3.4602 2.3291
v -16.8728 1.9723 -8.7596
v -17.8998 1.8515 -8.1471
v -11.3497 3.2756 3.0821
v -11.3497 3.2756 3.0821
v -17.8998 1.8515 -8.1471
v -18.8863 1.7353 -7.5922
v -12.6842 3.0806 3.8329
v -12.6842 3.0806 3.8329
v -18.8863 1.7353 -7.5922
v -19.9326 1.6115 -7.0409
v -13.9960 2.8890 4.5244
v -13.9960 2.8890 4.5244
v -19.9326 1.6115 -7.0409
v -21.0349 1.4824 -6.4863
v -15.2740 2.7039 5.1676
v -15.2740 2.7039 5.1676
v -21.0349 1.4824 -6.4863
v -22.3294 1.3067 -6.4284
v -16.3799 2.5537 6.2649
v -16.3799 2.5537 6.2649
v -22.3294 1.3067 -6.4284
v -23.6462 1.1315 -6.3850
v -17.4857 2.4022 7.3319
v -17.4857 2.4022 7.3319
v -23.6462 1.1315 -6.3850
v -24.9898 0.9580 -6.3479
v -18.5793 2.2523 8.3719
v -18.5793 2.2523 8.3719
v -24.9898 0.9580 -6.3479
v -26.2201 0.8115 -6.1482
v -19.7995 2.0830 9.2174
v -19.7995 2.0830 9.2174
v -26.2201 0.8115 -6.1482
v -27.4732 0.6663 -5.9569
v -21.0115 1.9161 10.0381
v -21.0115 1.9161 10.0381
v -27.4732 0.6663 -5.9569
v -28.7507 0.5234 -5.7694
v -22.2090 1.7536 10.8375
v -22.2090 1.7536 10.8375
v -28.7507 0.5234 -5.7694
v -29.9680 0.3963 -5.5012
v -23.4761 1.5840 11.5318
v -23.4761 1.5840 11.5318
v -29.9680 0.3963 -5.5012
v -31.2050 0.2716 -5.2390
v -24.7334 1.4187 12.2069
v -24.7334 1.4187 12.2069
v -31.2050 0.2716 -5.2390
v -32.4621 0.1503 -4.9796
v -25.9776 1.2590 12.8656
v -25.9776 1.2590 12.8656
v -32.4621 0.1503 -4.9796
v -33.6840 0.0399 -4.6792
v -27.2638 1.0981 13.4644
v -27.2638 1.0981 13.4644
v -33.6840 0.0399 -4.6792
v -34.9222 -0.0670 -4.3833
v -28.5406 0.9426 14.0484
v -28.5406 0.9426 14.0484
v -34.9222 -0.0670 -4.3833
v -36.1769 -0.1695 -4.0896
v -29.8061 0.7932 14.6198
v -29.8061 0.7932 14.6198
v -36.1769 -0.1695 -4.0896
v -37.4095 -0.2632 -3.7754
v -31.0985 0.6461 15.1563
v -31.0985 0.6461 15.1563
v -37.4095 -0.2632 -3.7754
v -38.6552 -0.3524 -3.4648
v -32.3829 0.5049 15.6814
v -32.3829 0.5049 15.6814
v -38.6552 -0.3524 -3.4648
v -39.9141 -0.4362 -3.1559
v -33.6577 0.3703 16.1969
v -33.6577 0.3703 16.1969
v -39.9141 -0.4362 -3.1559
v -41.1576 -0.5121 -2.8368
v -34.9515 0.2397 16.6910
v -34.9515 0.2397 16.6910
v -41.1576 -0.5121 -2.8368
v -42.4127 -0.5826 -2.5200
v -36.2375 0.1156 17.1760
v -36.2375 0.1156 17.1760
v -42.4127 -0.5826 -2.5200
v -43.6792 -0.6470 -2.2041
v -37.5146 -0.0014 17.6535
v -37.5146 -0.0014 17.6535
v -43.6792 -0.6470 -2.2041
v -44.9340 -0.7037 -1.8835
v -38.8059 -0.1133 18.1180
v -38.8059 -0.1133 18.1180
v -44.9340 -0.7037 -1.8835
v -46.1987 -0.7544 -1.5643
v -40.0899 -0.2183 18.5756
v -40.0899 -0.2183 18.5756
v -46.1987 -0.7544 -1.5643
v -47.4731 -0.7983 -1.2453
v -41.3661 -0.3160 19.0275
v -41.3661 -0.3160 19.0275
v -47.4731 -0.7983 -1.2453
v -48.7383 -0.8347 -0.9252
v -42.6532 -0.4079 19.4723
v -42.6532 -0.4079 19.4723
v -48.7383 -0.8347 -0.9252
v -50.0124 -0.8644 -0.6054
v -43.9331 -0.4925 19.9117
v -43.9331 -0.4925 19.9117
v -50.0124 -0.8644 -0.6054
v -51.2955 -0.8869 -0.2850
v -45.2052 -0.5699 20.3468
v -45.2052 -0.5699 20.3468
v -51.2955 -0.8869 -0.2850
v -52.5706 -0.9019 0.0338
v -46.4862 -0.6408 20.7800
v -46.4862 -0.6408 20.7800
v -52.5706 -0.9019 0.0338
v -53.8544 -0.9096 0.3532
v -47.7596 -0.7044 21.2090
v -47.7596 -0.7044 21.2090
v -53.8544 -0.9096 0.3532
v -55.1466 -0.9099 0.6744
v -49.0250 -0.7607 21.6350
v -49.0250 -0.7607 21.6350
v -55.1466 -0.9099 0.6744
v -56.4162 -0.9012 1.0451
v -50.3134 -0.8093 22.0100
v -50.3134 -0.8093 22.0100
v -56.4162 -0.9012 1.0451
v -57.6944 -0.8852 1.4176
v -51.5937 -0.8504 22.3819
v -51.5937 -0.8504 22.3819
v -57.6944 -0.8852 1.4176
v -58.9807 -0.8617 1.7930
v -52.8654 -0.8840 22.7518
v -52.8654 -0.8840 22.7518
v -58.9807 -0.8617 1.7930
v -60.2422 -0.8298 2.2243
v -54.1618 -0.9089 23.0666
v -54.1618 -0.9089 23.0666
v -60.2422 -0.8298 2.2243
v -61.5126 -0.7907 2.6588
v -55.4490 -0.9260 23.3792
v -55.4490 -0.9260 23.3792
v -61.5126 -0.7907 2.6588
v -62.7914 -0.7442 3.0976
v -56.7268 -0.9357 23.6908
v -56.7268 -0.9357 23.6908
v -62.7914 -0.7442 3.0976
v -64.0578 -0.6909 3.5462
v -58.0161 -0.9376 23.9959
v -58.0161 -0.9376 23.9959
v -64.0578 -0.6909 3.5462
v -65.3335 -0.6303 3.9994
v -59.2950 -0.9320 24.2998
v -59.2950 -0.9320 24.2998
v -65.3335 -0.6303 3.9994
v -66.6178 -0.5623 4.4586
v -60.5636 -0.9193 24.6038
v -60.5636 -0.9193 24.6038
v -66.6178 -0.5623 4.4586
v -67.9003 -0.4881 4.8870
v -61.8322 -0.9005 24.9444
v -61.8322 -0.9005 24.9444
v -67.9003 -0.4881 4.8870
v -69.1938 -0.4061 5.3222
v -63.0879 -0.8749 25.2844
v -63.0879 -0.8749 25.2844
v -69.1938 -0.4061 5.3222
v -70.4974 -0.3167 5.7658
v -64.3306 -0.8430 25.6254
v -64.3306 -0.8430 25.6254
v -70.4974 -0.3167 5.7658
v -71.8297 -0.2203 6.0737
v -65.5418 -0.8110 26.1113
v -65.5418 -0.8110 26.1113
v -71.8297 -0.2203 6.0737
v -73.1771 -0.1152 6.3916
v -66.7350 -0.7736 26.5966
v -66.7350 -0.7736 26.5966
v -73.1771 -0.1152 6.3916
v -74.5388 -0.0017 6.7220
v -67.9094 -0.7317 27.0831
v -67.9094 -0.7317 27.0831
v -74.5388 -0.0017 6.7220
v -75.8805 0.1176 7.0598
v -69.0995 -0.6835 27.5757
v -69.0995 -0.6835 27.5757
v -75.8805 0.1176 7.0598
v -77.2430 0.2460 7.4123
v -70.2645 -0.6312 28.0671
v -70.2645 -0.6312 28.0671
v -77.2430 0.2460 7.4123
v -78.6275 0.3835 7.7840
v -71.4004 -0.5758 28.5590
v -71.4004 -0.5758 28.5590
v -78.6275 0.3835 7.7840
v -79.9521 0.5235 8.3402
v -72.5879 -0.5045 28.8906
v -72.5879 -0.5045 28.8906
v -79.9521 0.5235 8.3402
v -81.2396 0.6652 8.8948
v -73.8057 -0.4258 29.2433
v -73.8057 -0.4258 29.2433
v -81.2396 0.6652 8.8948
v -82.5006 0.8089 9.4465
v -75.0458 -0.3402 29.6103
v -75.0458 -0.3402 29.6103
v -82.5006 0.8089 9.4465
v -83.8426 0.9669 10.0361
v -76.1962 -0.2563 29.9626
v -76.1962 -0.2563 29.9626
v -83.8426 0.9669 10.0361
v -85.0186 1.1098 10.5695
v -77.5085 -0.1550 30.3826
v -77.5085 -0.1550 30.3826
v -85.0186 1.1098 10.5695
v -86.0370 1.2366 11.0276
v -78.9897 -0.0327 30.8459
v -78.9897 -0.0327 30.8459
v -86.0370 1.2366 11.0276
v -87.1296 1.3756 11.4865
v -80.4141 0.0937 31.2605
v -80.4141 0.0937 31.2605
v -87.1296 1.3756 11.4865
v -88.2525 1.5217 11.9397
v -81.8196 0.2265 31.6488
v -81.8196 0.2265 31.6488
v -88.2525 1.5217 11.9397
v -89.3958 1.6735 12.3854
v -83.2135 0.3654 32.0165
v -83.2135 0.3654 32.0165
v -89.3958 1.6735 12.3854
v -90.5258 1.8268 12.8169
v -84.6297 0.5142 32.3694
v -84.6297 0.5142 32.3694
v -90.5258 1.8268 12.8169
v -91.6861 1.9873 13.2435
v -86.0244 0.6679 32.6992
v -86.0244 0.6679 32.6992
v -91.6861 1.9873 13.2435
v -92.8748 2.1548 13.6675
v -87.3969 0.8254 33.0101
v -87.3969 0.8254 33.0101
v -92.8748 2.1548 13.6675
v -94.0581 2.3248 14.0389
v -88.7805 0.9882 33.3526
v -88.7805 0.9882 33.3526
v -94.0581 2.3248 14.0389
v -95.2642 2.5012 14.4058
v -90.1474 1.1550 33.6783
v -90.1474 1.1550 33.6783
v -95.2642 2.5012 14.4058
v -96.4924 2.6835 14.7705
v -91.4963 1.3247 33.9903
v -91.4963 1.3247 33.9903
v -96.4924 2.6835 14.7705
v -97.7433 2.8735 14.9778
v -92.8265 1.4881 34.4442
v -92.8265 1.4881 34.4442
v -97.7433 2.8735 14.9778
v -99.0121 3.0692 15.1816
v -94.1428 1.6542 34.8859
v -94.1428 1.6542 34.8859
v -99.0121 3.0692 15.1816
v -100.2989 3.2702 15.3843
v -95.4439 1.8218 35.3178
v -95.4439 1.8218 35.3178
v -100.2989 3.2702 15.3843
v -101.5712 3.4715 15.5757
v -96.7619 1.9952 35.7504
v -96.7619 1.9952 35.7504
v -101.5712 3.4715 15.5757
v -102.8603 3.6778 15.7655
v -98.0657 2.1702 36.1738
v -98.0657 2.1702 36.1738
v -102.8603 3.6778 15.7655
v -104.1663 3.8886 15.9562
v -99.3542 2.3456 36.5902
v -99.3542 2.3456 36.5902
v -104.1663 3.8886 15.9562
v -105.4567 4.0986 16.1429
v -100.6596 2.5262 37.0044
v -100.6596 2.5262 37.0044
v -105.4567 4.0986 16.1429
v -106.7641 4.3130 16.3303
v -101.9495 2.7072 37.4118
v -101.9495 2.7072 37.4118
v -106.7641 4.3130 16.3303
v -108.0882 4.5310 16.5207
v -103.2230 2.8874 37.8146
v -103.2230 2.8874 37.8146
v -108.0882 4.5310 16.5207
v -109.3588 4.7388 16.8741
v -104.5503 3.0888 38.0527
v -104.5503 3.0888 38.0527
v -109.3588 4.7388 16.8741
v -110.6472 4.9500 17.2307
v -105.8603 3.2895 38.2860
v -105.8603 3.2895 38.2860
v -110.6472 4.9500 17.2307
v -111.9524 5.1637 17.5927
v -107.1528 3.4885 38.5169
v -107.1528 3.4885 38.5169
v -111.9524 5.1637 17.5927
v -113.2254 5.3707 18.0193
v -108.4768 3.6979 38.6864
v -108.4768 3.6979 38.6864
v -113.2254 5.3707 18.0193
v -114.5166 5.5802 18.4516
v -109.7819 3.9054 38.8531
v -109.7819 3.9054 38.8531
v -114.5166 5.5802 18.4516
v -115.8244 5.7910 18.8923
v -111.0684 4.1099 39.0197
v -111.0684 4.1099 39.0197
v -115.8244 5.7910 18.8923
v -117.1053 5.9955 19.3623
v -112.3799 4.3203 39.1650
v -112.3799 4.3203 39.1650
v -117.1053 5.9955 19.3623
v -118.4057 6.2016 19.8414
v -113.6701 4.5274 39.3095
v -113.6701 4.5274 39.3095
v -118.4057 6.2016 19.8414
v -119.7231 6.4080 20.3326
v -114.9396 4.7302 39.4562
v -114.9396 4.7302 39.4562
v -119.7231 6.4080 20.3326
v -121.0027 6.6046 20.8788
v -116.2436 4.9409 39.5618
v -116.2436 4.9409 39.5618
v -121.0027 6.6046 20.8788
v -122.3033 6.8019 21.4383
v -117.5229 5.1468 39.6684
v -117.5229 5.1468 39.6684
v -122.3033 6.8019 21.4383
v -123.6215 6.9982 22.0149
v -118.7787 5.3471 39.7798
v -118.7787 5.3471 39.7798
v -123.6215 6.9982 22.0149
v -124.8820 7.1793 22.6874
v -120.0867 5.5597 39.8164
v -120.0867 5.5597 39.8164
v -124.8820 7.1793 22.6874
v -126.1656 7.3599 23.3788
v -121.3656 5.7659 39.8559
v -121.3656 5.7659 39.8559
v -126.1656 7.3599 23.3788
v -127.4659 7.5379 24.0938
v -122.6179 5.9651 39.9036
v -122.6179 5.9651 39.9036
v -127.4659 7.5379 24.0938
v -128.6725 7.6916 24.9723
v -123.9551 6.1847 39.8185
v -123.9551 6.1847 39.8185
v -128.6725 7.6916 24.9723
v -129.9009 7.8429 25.8765
v -125.2607 6.3966 39.7395
v -125.2607 6.3966 39.7395
v -129.9009 7.8429 25.8765
v -131.1390 7.9886 26.8119
v -126.5400 6.6003 39.6748
v -126.5400 6.6003 39.6748
v -131.1390 7.9886 26.8119
v -132.4449 8.1521 27.4061
v -127.7372 6.7618 39.9949
v -127.7372 6.7618 39.9949
v -132.4449 8.1521 27.4061
v -133.7886 8.3141 28.0428
v -128.8802 6.9122 40.3179
v -128.8802 6.9122 40.3179
v -133.7886 8.3141 28.0428
v -135.1585 8.4713 28.7336
v -129.9681 7.0505 40.6525
v -129.9681 7.0505 40.6525
v -135.1585 8.4713 28.7336
v -136.4999 8.6223 29.3336
v -131.0598 7.1753 41.1406
v -131.0598 7.1753 41.1406
v -136.4999 8.6223 29.3336
v -137.9003 8.7713 30.0060
v -132.0635 7.2850 41.6220
v -132.0635 7.2850 41.6220
v -137.9003 8.7713 30.0060
v -139.3418 8.9136 30.7720
v -132.9722 7.3782 42.1047
v -132.9722 7.3782 42.1047
v -139.3418 8.9136 30.7720
v -140.6711 9.0341 31.5452
v -133.9483 7.4716 42.6719
v -133.9483 7.4716 42.6719
v -140.6711 9.0341 31.5452
v -142.0823 9.1500 32.4457
v -134.7884 7.5460 43.2067
v -134.7884 7.5460 43.2067
v -142.0823 9.1500 32.4457
v -143.5397 9.2529 33.5120
v -135.4754 7.6002 43.7084
v -135.4754 7.6002 43.7084
v -143.5397 9.2529 33.5120
v -144.8253 9.3274 34.5824
v -136.2404 7.6519 44.3445
v -136.2404 7.6519 44.3445
v -144.8253 9.3274 34.5824
v -146.1663 9.3865 35.8532
v -136.8432 7.6856 44.9130
v -136.8432 7.6856 44.9130
v -146.1663 9.3865 35.8532
v -147.5051 9.4186 37.3860
v -137.2477 7.7013 45.3726
v -137.2477 7.7013 45.3726
v -147.5051 9.4186 37.3860
v -148.6295 9.4150 38.9867
v -137.6477 7.7063 45.9438
v -137.6477 7.7063 45.9438
v -148.6295 9.4150 38.9867
v -149.5948 9.3805 40.6819
v -138.0065 7.6999 46.5737
v -138.0065 7.6999 46.5737
v -149.5948 9.3805 40.6819
v -150.4026 9.3160 42.4847
v -138.2844 7.6837 47.1908
v -138.2844 7.6837 47.1908
v -150.4026 9.3160 42.4847
v -151.0328 9.2172 44.4298
v -138.4679 7.6584 47.7649
v -138.4679 7.6584 47.7649
v -151.0328 9.2172 44.4298
v -151.4340 9.1023 46.2465
v -138.6419 7.6118 48.5620
v -138.6419 7.6118 48.5620
v -151.4340 9.1023 46.2465
v -151.6878 8.9821 47.9184
v -138.7878 7.5460 49.5276
v -138.7878 7.5460 49.5276
v -151.6878 8.9821 47.9184
v -151.8436 8.8372 49.7282
v -138.8591 7.4808 50.3643
v -138.8591 7.4808 50.3643
v -151.8436 8.8372 49.7282
v -151.8770 8.6877 51.4241
v -138.8773 7.3953 51.3383
v -138.8773 7.3953 51.3383
v -151.8770 8.6877 51.4241
v -151.8364 8.5399 52.9953
v -138.8486 7.2915 52.4326
v -138.8486 7.2915 52.4326
v -151.8364 8.5399 52.9953
v -151.7224 8.3748 54.6490
v -138.7794 7.1896 53.4333
v -138.7794 7.1896 53.4333
v -151.7224 8.3748 54.6490
v -151.5419 8.2082 56.2249
v -138.6559 7.0723 54.5074
v -138.6559 7.0723 54.5074
v -151.5419 8.2082 56.2249
v -151.3213 8.0433 57.7184
v -138.4868 6.9410 55.6503
v -138.4868 6.9410 55.6503
v -151.3213 8.0433 57.7184
v -151.0449 7.8664 59.2565
v -138.2922 6.8105 56.7330
v -138.2922 6.8105 56.7330
v -151.0449 7.8664 59.2565
v -150.7277 7.6884 60.7424
v -138.0526 6.6688 57.8542
v -138.0526 6.6688 57.8542
v -150.7277 7.6884 60.7424
v -150.3845 7.5111 62.1747
v -137.7748 6.5166 59.0131
v -137.7748 6.5166 59.0131
v -150.3845 7.5111 62.1747
v -150.1767 7.3344 63.6800
v -137.2999 6.3466 60.0823
v -137.2999 6.3466 60.0823
v -150.1767 7.3344 63.6800
v -149.9382 7.1558 65.1568
v -136.7913 6.1688 61.1641
v -136.7913 6.1688 61.1641
v -149.9382 7.1558 65.1568
v -149.6785 6.9768 66.6024
v -136.2534 5.9835 62.2608
v -136.2534 5.9835 62.2608
v -149.6785 6.9768 66.6024
v -149.4535 6.7938 68.0928
v -135.6315 5.7916 63.2960
v -135.6315 5.7916 63.2960
v -149.4535 6.7938 68.0928
v -149.2040 6.6090 69.5637
v -134.9834 5.5935 64.3345
v -134.9834 5.5935 64.3345
v -149.2040 6.6090 69.5637
v -148.9366 6.4235 71.0128
v -134.3117 5.3894 65.3788
v -134.3117 5.3894 65.3788
v -148.9366 6.4235 71.0128
v -148.5482 6.2284 72.4408
v -133.7205 5.1938 66.4282
v -133.7205 5.1938 66.4282
v -148.5482 6.2284 72.4408
v -148.1405 6.0319 73.8512
v -133.1070 4.9929 67.4793
v -133.1070 4.9929 67.4793
v -148.1405 6.0319 73.8512
v -147.7177 5.8348 75.2429
v -132.4730 4.7870 68.5335
v -132.4730 4.7870 68.5335
v -147.7177 5.8348 75.2429
v -147.2147 5.6310 76.6166
v -131.8842 4.5856 69.5900
v -131.8842 4.5856 69.5900
v -147.2147 5.6310 76.6166
v -146.6956 5.4261 77.9746
v -131.2760 4.3797 70.6465
v -131.2760 4.3797 70.6465
v -146.6956 5.4261 77.9746
v -146.1629 5.2204 79.3167
v -130.6497 4.1697 71.7036
v -130.6497 4.1697 71.7036
v -146.1629 5.2204 79.3167
v -145.5726 5.0097 80.6420
v -130.0500 3.9619 72.7620
v -130.0500 3.9619 72.7620
v -145.5726 5.0097 80.6420
v -144.9677 4.7978 81.9541
v -129.4334 3.7506 73.8182
v -129.4334 3.7506 73.8182
v -144.9677 4.7978 81.9541
v -144.3500 4.5850 83.2527
v -128.8009 3.5358 74.8724
v -128.8009 3.5358 74.8724
v -144.3500 4.5850 83.2527
v -143.6869 4.3682 84.5339
v -128.1854 3.3223 75.9287
v -128.1854 3.3223 75.9287
v -143.6869 4.3682 84.5339
v -143.0097 4.1499 85.8040
v -127.5551 3.1058 76.9806
v -127.5551 3.1058 76.9806
v -143.0097 4.1499 85.8040
v -142.3197 3.9305 87.0626
v -126.9108 2.8868 78.0280
v -126.9108 2.8868 78.0280
v -142.3197 3.9305 87.0626
v -141.5918 3.7079 88.3023
v -126.2775 2.6682 79.0788
v -126.2775 2.6682 79.0788
v -141.5918 3.7079 88.3023
v -140.8498 3.4836 89.5327
v -125.6314 2.4475 80.1229
v -125.6314 2.4475 80.1229
v -140.8498 3.4836 89.5327
v -140.0941 3.2578 90.7534
v -124.9727 2.2250 81.1602
v -124.9727 2.2250 81.1602
v -140.0941 3.2578 90.7534
v -139.3027 3.0293 91.9508
v -124.3240 2.0025 82.2044
v -124.3240 2.0025 82.2044
v -139.3027 3.0293 91.9508
v -138.4964 2.7987 93.1405
v -123.6640 1.7788 83.2397
v -123.6640 1.7788 83.2397
v -138.4964 2.7987 93.1405
v -137.6752 2.5662 94.3218
v -122.9928 1.5539 84.2655
v -122.9928 1.5539 84.2655
v -137.6752 2.5662 94.3218
v -136.8162 2.3313 95.4723
v -122.3336 1.3291 85.3045
v -122.3336 1.3291 85.3045
v -136.8162 2.3313 95.4723
v -135.9408 2.0938 96.6165
v -121.6647 1.1038 86.3319
v -121.6647 1.1038 86.3319
v -135.9408 2.0938 96.6165
v -135.0487 1.8540 97.7531
v -120.9858 0.8781 87.3472
v -120.9858 0.8781 87.3472
v -135.0487 1.8540 97.7531
v -134.1011 1.6111 98.8382
v -120.3358 0.6535 88.3943
v -120.3358 0.6535 88.3943
v -134.1011 1.6111 98.8382
v -133.1351 1.3650 99.9177
v -119.6774 0.4292 89.4273
v -119.6774 0.4292 89.4273
v -133.1351 1.3650 99.9177
v -132.1503 1.1160 100.9894
v -119.0096 0.2052 90.4454
v -119.0096 0.2052 90.4454
v -132.1503 1.1160 100.9894
v -131.1704 0.8680 102.0482
v -118.3090 -0.0230 91.4542
v -118.3090 -0.0230 91.4542
v -131.1704 0.8680 102.0482
v -130.1675 0.6160 103.1039
v -117.6030 -0.2496 92.4432
v -117.6030 -0.2496 92.4432
v -130.1675 0.6160 103.1039
v -129.1404 0.3603 104.1531
v -116.8902 -0.4747 93.4115
v -116.8902 -0.4747 93.4115
v -129.1404 0.3603 104.1531
v -128.1357 0.1078 105.1969
v -116.1243 -0.7059 94.3588
v -116.1243 -0.7059 94.3588
v -128.1357 0.1078 105.1969
v -127.0997 -0.1501 106.2416
v -115.3587 -0.9335 95.2778
v -115.3587 -0.9335 95.2778
v -127.0997 -0.1501 106.2416
v -126.0305 -0.4131 107.2814
v -114.5907 -1.1579 96.1671
v -114.5907 -1.1579 96.1671
v -126.0305 -0.4131 107.2814
v -124.9884 -0.6704 108.3008
v -113.7618 -1.3906 97.0449
v -113.7618 -1.3906 97.0449
v -124.9884 -0.6704 108.3008
v -123.8916 -0.9378 109.3354
v -112.9519 -1.6143 97.8728
v -112.9519 -1.6143 97.8728
v -123.8916 -0.9378 109.3354
v -122.7318 -1.2160 110.3762
v -112.1597 -1.8284 98.6440
v -112.1597 -1.8284 98.6440
v -122.7318 -1.2160 110.3762
v -121.5732 -1.4920 111.3947
v -111.3154 -2.0471 99.3814
v -111.3154 -2.0471 99.3814
v -121.5732 -1.4920 111.3947
v -120.4023 -1.7665 112.3724
v -110.4381 -2.2697 100.1093
v -110.4381 -2.2697 100.1093
v -120.4023 -1.7665 112.3724
v -119.2199 -2.0395 113.3135
v -109.5339 -2.4947 100.8245
v -109.5339 -2.4947 100.8245
v -119.2199 -2.0395 113.3135
v -118.0169 -2.3163 114.2623
v -108.6114 -2.7158 101.4809
v -108.6114 -2.7158 101.4809
v -118.0169 -2.3163 114.2623
v -116.8166 -2.5884 115.1650
v -107.6478 -2.9427 102.1342
v -107.6478 -2.9427 102.1342
v -116.8166 -2.5884 115.1650
v -115.6245 -2.8551 116.0270
v -106.6472 -3.1742 102.7860
v -106.6472 -3.1742 102.7860
v -115.6245 -2.8551 116.0270
v -114.4154 -3.1257 116.9110
v -105.6361 -3.4000 103.3740
v -105.6361 -3.4000 103.3740
v -114.4154 -3.1257 116.9110
v -113.2083 -3.3922 117.7597
v -104.5942 -3.6289 103.9551
v -104.5942 -3.6289 103.9551
v -113.2083 -3.3922 117.7597
v -112.0082 -3.6539 118.5768
v -103.5235 -3.8604 104.5318
v -103.5235 -3.8604 104.5318
v -112.0082 -3.6539 118.5768
v -110.8096 -3.9172 119.4397
v -102.4302 -4.0860 105.0270
v -102.4302 -4.0860 105.0270
v -110.8096 -3.9172 119.4397
v -109.6114 -4.1769 120.2757
v -101.3146 -4.3125 105.5132
v -101.3146 -4.3125 105.5132
v -109.6114 -4.1769 120.2757
v -108.4174 -4.4321 121.0870
v -100.1777 -4.5394 105.9926
v -100.1777 -4.5394 105.9926
v -108.4174 -4.4321 121.0870
v -107.1938 -4.6891 121.8832
v -99.0538 -4.7605 106.4561
v -99.0538 -4.7605 106.4561
v -107.1938 -4.6891 121.8832
v -105.9714 -4.9423 122.6569
v -97.9115 -4.9814 106.9110
v -97.9115 -4.9814 106.9110
v -105.9714 -4.9423 122.6569
v -104.7530 -5.1908 123.4100
v -96.7515 -5.2014 107.3591
v -96.7515 -5.2014 107.3591
v -104.7530 -5.1908 123.4100
v -103.5017 -5.4400 124.1308
v -95.6112 -5.4160 107.8124
v -95.6112 -5.4160 107.8124
v -103.5017 -5.4400 124.1308
v -102.2524 -5.6851 124.8324
v -94.4553 -5.6293 108.2575
v -94.4553 -5.6293 108.2575
v -102.2524 -5.6851 124.8324
v -101.0069 -5.9251 125.5166
v -93.2845 -5.8406 108.6962
v -93.2845 -5.8406 108.6962
v -101.0069 -5.9251 125.5166
v -99.7362 -6.1643 126.1741
v -92.1280 -6.0466 109.1375
v -92.1280 -6.0466 109.1375
v -99.7362 -6.1643 126.1741
v -98.4673 -6.3990 126.8154
v -90.9587 -6.2502 109.5712
v -90.9587 -6.2502 109.5712
v -98.4673 -6.3990 126.8154
v -97.2017 -6.6284 127.4417
v -89.7770 -6.4508 109.9983
v -89.7770 -6.4508 109.9983
v -97.2017 -6.6284 127.4417
v -95.9166 -6.8556 128.0468
v -88.6058 -6.6458 110.4255
v -88.6058 -6.6458 110.4255
v -95.9166 -6.8556 128.0468
v -94.6335 -7.0777 128.6375
v -87.4234 -6.8376 110.8454
v -87.4234 -6.8376 110.8454
v -94.6335 -7.0777 128.6375
v -93.3537 -7.2941 129.2152
v -86.2301 -7.0255 111.2592
v -86.2301 -7.0255 111.2592
v -93.3537 -7.2941 129.2152
v -92.0583 -7.5070 129.7750
v -85.0449 -7.2075 111.6720
v -85.0449 -7.2075 111.6720
v -92.0583 -7.5070 129.7750
v -90.7646 -7.7145 130.3223
v -83.8504 -7.3855 112.0778
v -83.8504 -7.3855 112.0778
v -90.7646 -7.7145 130.3223
v -89.4735 -7.9156 130.8583
v -82.6468 -7.5587 112.4777
v -82.6468 -7.5587 112.4777
v -89.4735 -7.9156 130.8583
v -88.1699 -8.1124 131.3791
v -81.4494 -7.7257 112.8755
v -81.4494 -7.7257 112.8755
v -88.1699 -8.1124 131.3791
v -86.8679 -8.3031 131.8889
v -80.2438 -7.8879 113.2669
v -80.2438 -7.8879 113.2669
v -86.8679 -8.3031 131.8889
v -85.5682 -8.4871 132.3886
v -79.0304 -8.0445 113.6525
v -79.0304 -8.0445 113.6525
v -85.5682 -8.4871 132.3886
v -84.2583 -8.6657 132.8753
v -77.8218 -8.1947 114.0354
v -77.8218 -8.1947 114.0354
v -84.2583 -8.6657 132.8753
v -82.9498 -8.8377 133.3523
v -76.6062 -8.3392 114.4121
v -76.6062 -8.3392 114.4121
v -82.9498 -8.8377 133.3523
v -81.6432 -9.0026 133.8202
v -75.3840 -8.4777 114.7833
v -75.3840 -8.4777 114.7833
v -81.6432 -9.0026 133.8202
v -80.3281 -9.1612 134.2765
v -74.1655 -8.6093 115.1517
v -74.1655 -8.6093 115.1517
v -80.3281 -9.1612 134.2765
v -79.0141 -9.3128 134.7240
v -72.9411 -8.7347 115.5143
v -72.9411 -8.7347 115.5143
v -79.0141 -9.3128 134.7240
v -77.7015 -9.4568 135.1634
v -71.7110 -8.8534 115.8715
v -71.7110 -8.8534 115.8715
v -77.7015 -9.4568 135.1634
v -76.3819 -9.5940 135.5925
v -70.4839 -8.9649 116.2256
v -70.4839 -8.9649 116.2256
v -76.3819 -9.5940 135.5925
v -75.0633 -9.7235 136.0135
v -69.2516 -9.0697 116.5742
v -69.2516 -9.0697 116.5742
v -75.0633 -9.7235 136.0135
v -73.7460 -9.8451 136.4271
v -68.0142 -9.1674 116.9177
v -68.0142 -9.1674 116.9177
v -73.7460 -9.8451 136.4271
v -72.4228 -9.9592 136.8312
v -66.7792 -9.2577 117.2582
v -66.7792 -9.2577 117.2582
v -72.4228 -9.9592 136.8312
v -71.1002 -10.0654 137.2281
v -65.5398 -9.3408 117.5933
v -65.5398 -9.3408 117.5933
v -71.1002 -10.0654 137.2281
v -69.7785 -10.1633 137.6181
v -64.2961 -9.4164 117.9236
v -64.2961 -9.4164 117.9236
v -69.7785 -10.1633 137.6181
v -68.4475 -10.2531 137.9836
v -63.0586 -9.4855 118.2665
v -63.0586 -9.4855 118.2665
v -68.4475 -10.2531 137.9836
v -67.1171 -10.3345 138.3424
v -61.8172 -9.5470 118.6044
v -61.8172 -9.5470 118.6044
v -67.1171 -10.3345 138.3424
v -65.7876 -10.4075 138.6947
v -60.5719 -9.6009 118.9376
v -60.5719 -9.6009 118.9376
v -65.7876 -10.4075 138.6947
v -64.4360 -10.4710 138.9699
v -59.3458 -9.6516 119.3368
v -59.3458 -9.6516 119.3368
v -64.4360 -10.4710 138.9699
v -63.0853 -10.5259 139.2386
v -58.1158 -9.6948 119.7313
v -58.1158 -9.6948 119.7313
v -63.0853 -10.5259 139.2386
v -61.7357 -10.5719 139.5012
v -56.8821 -9.7302 120.1213
v -56.8821 -9.7302 120.1213
v -61.7357 -10.5719 139.5012
v -60.3789 -10.6089 139.7380
v -55.6529 -9.7591 120.5263
v -55.6529 -9.7591 120.5263
v -60.3789 -10.6089 139.7380
v -59.0228 -10.6370 139.9688
v -54.4204 -9.7803 120.9267
v -54.4204 -9.7803 120.9267
v -59.0228 -10.6370 139.9688
v -57.6683 -10.6562 140.1936
v -53.1837 -9.7937 121.3228
v -53.1837 -9.7937 121.3228
v -57.6683 -10.6562 140.1936
v -56.3182 -10.6663 140.4023
v -51.9407 -9.7999 121.7265
v -51.9407 -9.7999 121.7265
v -56.3182 -10.6663 140.4023
v -54.9500 -10.6675 140.6096
v -50.7132 -9.7984 122.1213
v -50.7132 -9.7984 122.1213
v -54.9500 -10.6675 140.6096
v -53.5675 -10.6597 140.8117
v -49.4968 -9.7892 122.5057
v -49.4968 -9.7892 122.5057
v -53.5675 -10.6597 140.8117
v -52.2253 -10.6431 140.9976
v -48.2375 -9.7717 122.8971
v -48.2375 -9.7717 122.8971
v -52.2253 -10.6431 140.9976
v -50.8058 -10.6163 141.1919
v -47.0522 -9.7482 123.2646
v -47.0522 -9.7482 123.2646
v -50.8058 -10.6163 141.1919
v -49.3091 -10.5775 141.3798
v -45.9367 -9.7193 123.5994
v -45.9367 -9.7193 123.5994
v -49.3091 -10.5775 141.3798
v -47.8536 -10.5293 141.5419
v -44.7710 -9.6807 123.9149
v -44.7710 -9.6807 123.9149
v -47.8536 -10.5293 141.5419
v -46.3813 -10.4703 141.6845
v -43.6147 -9.6351 124.2106
v -43.6147 -9.6351 124.2106
v -46.3813 -10.4703 141.6845
v -44.8900 -10.4001 141.8043
v -42.4711 -9.5830 124.4838
v -42.4711 -9.5830 124.4838
v -44.8900 -10.4001 141.8043
v -43.4124 -10.3204 141.9143
v -41.3070 -9.5213 124.7200
v -41.3070 -9.5213 124.7200
v -43.4124 -10.3204 141.9143
v -41.9272 -10.2302 141.9995
v -40.1443 -9.4525 124.9355
v -40.1443 -9.4525 124.9355
v -41.9272 -10.2302 141.9995
v -40.4344 -10.1295 142.0581
v -38.9849 -9.3770 125.1291
v -38.9849 -9.3770 125.1291
v -40.4344 -10.1295 142.0581
v -38.9487 -10.0201 142.1325
v -37.8142 -9.2910 125.2576
v -37.8142 -9.2910 125.2576
v -38.9487 -10.0201 142.1325
v -37.4626 -9.9008 142.1798
v -36.6398 -9.1976 125.3649
v -36.6398 -9.1976 125.3649
v -37.4626 -9.9008 142.1798
v -35.9764 -9.7723 142.1999
v -35.4639 -9.0975 125.4507
v -35.4639 -9.0975 125.4507
v -35.9764 -9.7723 142.1999
v -34.4880 -9.6360 142.2960
v -34.2889 -8.9847 125.4108
v -34.2889 -8.9847 125.4108
v -34.4880 -9.6360 142.2960
v -33.0062 -9.4911 142.3649
v -33.1057 -8.8644 125.3495
v -33.1057 -8.8644 125.3495
v -33.0062 -9.4911 142.3649
v -31.5314 -9.3386 142.4086
v -31.9165 -8.7372 125.2680
v -31.9165 -8.7372 125.2680
v -31.5314 -9.3386 142.4086
v -30.0400 -9.1766 142.4769
v -30.7452 -8.6025 125.1155
v -30.7452 -8.6025 125.1155
v -30.0400 -9.1766 142.4769
v -28.5657 -9.0083 142.5205
v -29.5578 -8.4597 124.9420
v -29.5578 -8.4597 124.9420
v -28.5657 -9.0083 142.5205
v -27.1090 -8.8347 142.5439
v -28.3555 -8.3092 124.7503
v -28.3555 -8.3092 124.7503
v -27.1090 -8.8347 142.5439
v -25.6250 -8.6509 142.5804
v -27.1834 -8.1544 124.5058
v -27.1834 -8.1544 124.5058
v -25.6250 -8.6509 142.5804
v -24.1685 -8.4634 142.5979
v -25.9867 -7.9905 124.2416
v -25.9867 -7.9905 124.2416
v -24.1685 -8.4634 142.5979
v -22.7402 -8.2735 142.6024
v -24.7647 -7.8179 123.9615
v -24.7647 -7.8179 123.9615
v -22.7402 -8.2735 142.6024
v -21.2779 -8.0733 142.6107
v -23.5803 -7.6436 123.6483
v -23.5803 -7.6436 123.6483
v -21.2779 -8.0733 142.6107
v -19.8497 -7.8718 142.6073
v -22.3648 -7.4594 123.3179
v -22.3648 -7.4594 123.3179
v -19.8497 -7.8718 142.6073
v -18.4570 -7.6707 142.5990
v -21.1163 -7.2658 122.9745
v -21.1163 -7.2658 122.9745
v -18.4570 -7.6707 142.5990
v -17.0287 -7.4596 142.5840
v -19.9059 -7.0726 122.6202
v -19.9059 -7.0726 122.6202
v -17.0287 -7.4596 142.5840
v -15.6372 -7.2494 142.5646
v -18.6612 -6.8693 122.2523
v -18.6612 -6.8693 122.2523
v -15.6372 -7.2494 142.5646
v -14.2838 -7.0415 142.5474
v -17.3793 -6.6562 121.8755
v -17.3793 -6.6562 121.8755
v -14.2838 -7.0415 142.5474
v -12.9020 -6.8252 142.4882
v -16.1270 -6.4461 121.5344
v -16.1270 -6.4461 121.5344
v -12.9020 -6.8252 142.4882
v -11.5550 -6.6110 142.4307
v -14.8407 -6.2264 121.1848
v -14.8407 -6.2264 121.1848
v -11.5550 -6.6110 142.4307
v -10.2443 -6.4002 142.3803
v -13.5178 -5.9976 120.8310
v -13.5178 -5.9976 120.8310
v -10.2443 -6.4002 142.3803
v -8.9303 -6.1839 142.1556
v -12.1976 -5.7781 120.6551
v -12.1976 -5.7781 120.6551
v -8.9303 -6.1839 142.1556
v -7.6447 -5.9699 141.9368
v -10.8485 -5.5507 120.4764
v -10.8485 -5.5507 120.4764
v -7.6447 -5.9699 141.9368
v -6.3875 -5.7592 141.7274
v -9.4695 -5.3163 120.2990
v -9.4695 -5.3163 120.2990
v -6.3875 -5.7592 141.7274
v -5.1106 -5.5434 141.4929
v -8.1084 -5.0848 120.1583
v -8.1084 -5.0848 120.1583
v -5.1106 -5.5434 141.4929
v -3.8531 -5.3295 141.2663
v -6.7264 -4.8479 120.0204
v -6.7264 -4.8479 120.0204
v -3.8531 -5.3295 141.2663
v -2.6166 -5.1186 141.0506
v -5.3213 -4.6060 119.8883
v -5.3213 -4.6060 119.8883
v -2.6166 -5.1186 141.0506
v -1.3721 -4.9067 140.8828
v -3.9218 -4.3618 119.7282
v -3.9218 -4.3618 119.7282
v -1.3721 -4.9067 140.8828
v -0.1070 -4.6908 140.7205
v -2.5406 -4.1200 119.5791
v -2.5406 -4.1200 119.5791
v -0.1070 -4.6908 140.7205
v 1.1756 -4.4722 140.5619
v -1.1756 -3.8811 119.4381
vt 0.0000 1.0000
vt 1.0000 1.0000
vt 1.0000 0.6667
vt 0.0000 0.6667
vt 0.0000 0.6667
vt 1.0000 0.6667
vt 1.0000 0.3333
vt 0.0000 0.3333
vt 0.0000 0.3333
vt 1.0000 0.3333
vt 1.0000 0.0000
vt 0.0000 0.0000
vt 0.0000 0.0000
vt 1.0000 0.0000
vt 1.0000 -0.3333
vt 0.0000 -0.3333
vt 0.0000 -0.3333
vt 1.0000 -0.3333
vt 1.0000 -0.6667
vt 0.0000 -0.6667
vt 0.0000 -0.6667
vt 1.0000 -0.6667
vt 1.0000 -1.0000
vt 0.0000 -1.0000
vt 0.0000 -1.0000
vt 1.0000 -1.0000
vt 1.0000 -1.3333
vt 0.0000 -1.3333
vt 0.0000 -1.3333
vt 1.0000 -1.3333
vt 1.0000 -1.6667
vt 0.0000 -1.6667
vt 0.0000 -1.6667
vt 1.0000 -1.6667
vt 1.0000 -2.0000
vt 0.0000 -2.0000
vt 0.0000 -2.0000
vt 1.0000 -2.0000
vt 1.0000 -2.3333
vt 0.0000 -2.3333
vt 0.0000 -2.3333
vt 1.0000 -2.3333
vt 1.0000 -2.6667
vt 0.0000 -2.6667
vt 0.0000 -2.6667
vt 1.0000 -2.6667
vt 1.0000 -3.0000
vt 0.0000 -3.0000
vt 0.0000 -3.0000
vt 1.0000 -3.0000
vt 1.0000 -3.3333
vt 0.0000 -3.3333
vt 0.0000 -3.3333
vt 1.0000 -3.3333
vt 1.0000 -3.6667
vt 0.0000 -3.6667
vt 0.0000 -3.6667
vt 1.0000 -3.6667
vt 1.0000 -4.0000
vt 0.0000 -4.0000
vt 0.0000 -4.0000
vt 1.0000 -4.0000
vt 1.0000 -4.3333
vt 0.0000 -4.3333
vt 0.0000 -4.3333
vt 1.0000 -4.3333
vt 1.0000 -4.6667
vt 0.0000 -4.6667
vt 0.0000 -4.6667
vt 1.0000 -4.6667
vt 1.0000 -5.0000
vt 0.0000 -5.0000
vt 0.0000 -5.0000
vt 1.0000 -5.0000
vt 1.0000 -5.3333
vt 0.0000 -5.3333
vt 0.0000 -5.3333
vt 1.0000 -5.3333
vt 1.0000 -5.6667
vt 0.0000 -5.6667
vt 0.0000 -5.6667
vt 1.0000 -5.6667
vt 1.0000 -6.0000
vt 0.0000 -6.0000
vt 0.0000 -6.0000
vt 1.0000 -6.0000
vt 1.0000 -6.3333
vt 0.0000 -6.3333
vt 0.0000 -6.3333
vt 1.0000 -6.3333
vt 1.0000 -6.6667
vt 0.0000 -6.6667
vt 0.0000 -6.6667
vt 1.0000 -6.6667
vt 1.0000 -7.0000
vt 0.0000 -7.0000
vt 0.0000 -7.0000
vt 1.0000 -7.0000
vt 1.0000 -7.3333
vt 0.0000 -7.3333
vt 0.0000 -7.3333
vt 1.0000 -7.3333
vt 1.0000 -7.6667
vt 0.0000 -7.6667
vt 0.0000 -7.6667
vt 1.0000 -7.6667
vt 1.0000 -8.0000
vt 0.0000 -8.0000
vt 0.0000 -8.0000
vt 1.0000 -8.0000
vt 1.0000 -8.3333
vt 0.0000 -8.3333
vt 0.0000 -8.3333
vt 1.0000 -8.3333
vt 1.0000 -8.6667
vt 0.0000 -8.6667
vt 0.0000 -8.6667
vt 1.0000 -8.6667
vt 1.0000 -9.0000
vt 0.0000 -9.0000
vt 0.0000 -9.0000
vt 1.0000 -9.0000
vt 1.0000 -9.3333
vt 0.0000 -9.3333
vt 0.0000 -9.3333
vt 1.0000 -9.3333
vt 1.0000 -9.6667
vt 0.0000 -9.6667
vt 0.0000 -9.6667
vt 1.0000 -9.6667
vt 1.0000 -10.0000
vt 0.0000 -10.0000
vt 0.0000 -10.0000
vt 1.0000 -10.0000
vt 1.0000 -10.3333
vt 0.0000 -10.3333
vt 0.0000 -10.3333
vt 1.0000 -10.3333
vt 1.0000 -10.6667
vt 0.0000 -10.6667
vt 0.0000 -10.6667
vt 1.0000 -10.6667
vt 1.0000 -11.0000
vt 0.0000 -11.0000
vt 0.0000 -11.0000
vt 1.0000 -11.0000
vt 1.0000 -11.3333
vt 0.0000 -11.3333
vt 0.0000 -11.3333
vt 1.0000 -11.3333
vt 1.0000 -11.6667
vt 0.0000 -11.6667
vt 0.0000 -11.6667
vt 1.0000 -11.6667
vt 1.0000 -12.0000
vt 0.0000 -12.0000
vt 0.0000 -12.0000
vt 1.0000 -12.0000
vt 1.0000 -12.3333
vt 0.0000 -12.3333
vt 0.0000 -12.3333
vt 1.0000 -12.3333
vt 1.0000 -12.6667
vt 0.0000 -12.6667
vt 0.0000 -12.6667
vt 1.0000 -12.6667
vt 1.0000 -13.0000
vt 0.0000 -13.0000
vt 0.0000 -13.0000
vt 1.0000 -13.0000
vt 1.0000 -13.3333
vt 0.0000 -13.3333
vt 0.0000 -13.3333
vt 1.0000 -13.3333
vt 1.0000 -13.6667
vt 0.0000 -13.6667
vt 0.0000 -13.6667
vt 1.0000 -13.6667
vt 1.0000 -14.0000
vt 0.0000 -14.0000
vt 0.0000 -14.0000
vt 1.0000 -14.0000
vt 1.0000 -14.3333
vt 0.0000 -14.3333
vt 0.0000 -14.3333
vt 1.0000 -14.3333
vt 1.0000 -14.6667
vt 0.0000 -14.6667
vt 0.0000 -14.6667
vt 1.0000 -14.6667
vt 1.0000 -15.0000
vt 0.0000 -15.0000
vt 0.0000 -15.0000
vt 1.0000 -15.0000
vt 1.0000 -15.3333
vt 0.0000 -15.3333
vt 0.0000 -15.3333
vt 1.0000 -15.3333
vt 1.0000 -15.6667
vt 0.0000 -15.6667
vt 0.0000 -15.6667
vt 1.0000 -15.6667
vt 1.0000 -16.0000
vt 0.0000 -16.0000
vt 0.0000 -16.0000
vt 1.0000 -16.0000
vt 1.0000 -16.3333
vt 0.0000 -16.3333
vt 0.0000 -16.3333
vt 1.0000 -16.3333
vt 1.0000 -16.6667
vt 0.0000 -16.6667
vt 0.0000 -16.6667
vt 1.0000 -16.6667
vt 1.0000 -17.0000
vt 0.0000 -17.0000
vt 0.0000 -17.0000
vt 1.0000 -17.0000
vt 1.0000 -17.3333
vt 0.0000 -17.3333
vt 0.0000 -17.3333
vt 1.0000 -17.3333
vt 1.0000 -17.6667
vt 0.0000 -17.6667
vt 0.0000 -17.6667
vt 1.0000 -17.6667
vt 1.0000 -18.0000
vt 0.0000 -18.0000
vt 0.0000 -18.0000
vt 1.0000 -18.0000
vt 1.0000 -18.3333
vt 0.0000 -18.3333
vt 0.0000 -18.3333
vt 1.0000 -18.3333
vt 1.0000 -18.6667
vt 0.0000 -18.6667
vt 0.0000 -18.6667
vt 1.0000 -18.6667
vt 1.0000 -19.0000
vt 0.0000 -19.0000
vt 0.0000 -19.0000
vt 1.0000 -19.0000
vt 1.0000 -19.3333
vt 0.0000 -19.3333
vt 0.0000 -19.3333
vt 1.0000 -19.3333
vt 1.0000 -19.6667
vt 0.0000 -19.6667
vt 0.0000 -19.6667
vt 1.0000 -19.6667
vt 1.0000 -20.0000
vt 0.0000 -20.0000
vt 0.0000 -20.0000
vt 1.0000 -20.0000
vt 1.0000 -20.3333
vt 0.0000 -20.3333
vt 0.0000 -20.3333
vt 1.0000 -20.3333
vt 1.0000 -20.6667
vt 0.0000 -20.6667
vt 0.0000 -20.6667
vt 1.0000 -20.6667
vt 1.0000 -21.0000
vt 0.0000 -21.0000
vt 0.0000 -21.0000
vt 1.0000 -21.0000
vt 1.0000 -21.3333
vt 0.0000 -21.3333
vt 0.0000 -21.3333
vt 1.0000 -21.3333
vt 1.0000 -21.6667
vt 0.0000 -21.6667
vt 0.0000 -21.6667
vt 1.0000 -21.6667
vt 1.0000 -22.0000
vt 0.0000 -22.0000
vt 0.0000 -22.0000
vt 1.0000 -22.0000
vt 1.0000 -22.3333
vt 0.0000 -22.3333
vt 0.0000 -22.3333
vt 1.0000 -22.3333
vt 1.0000 -22.6667
vt 0.0000 -22.6667
vt 0.0000 -22.6667
vt 1.0000 -22.6667
vt 1.0000 -23.0000
vt 0.0000 -23.0000
vt 0.0000 -23.0000
vt 1.0000 -23.0000
vt 1.0000 -23.3333
vt 0.0000 -23.3333
vt 0.0000 -23.3333
vt 1.0000 -23.3333
vt 1.0000 -23.6667
vt 0.0000 -23.6667
vt 0.0000 -23.6667
vt 1.0000 -23.6667
vt 1.0000 -24.0000
vt 0.0000 -24.0000
vt 0.0000 -24.0000
vt 1.0000 -24.0000
vt 1.0000 -24.3333
vt 0.0000 -24.3333
vt 0.0000 -24.3333
vt 1.0000 -24.3333
vt 1.0000 -24.6667
vt 0.0000 -24.6667
vt 0.0000 -24.6667
vt 1.0000 -24.6667
vt 1.0000 -25.0000
vt 0.0000 -25.0000
vt 0.0000 -25.0000
vt 1.0000 -25.0000
vt 1.0000 -25.3333
vt 0.0000 -25.3333
vt 0.0000 -25.3333
vt 1.0000 -25.3333
vt 1.0000 -25.6667
vt 0.0000 -25.6667
vt 0.0000 -25.6667
vt 1.0000 -25.6667
vt 1.0000 -26.0000
vt 0.0000 -26.0000
vt 0.0000 -26.0000
vt 1.0000 -26.0000
vt 1.0000 -26.3333
vt 0.0000 -26.3333
vt 0.0000 -26.3333
vt 1.0000 -26.3333
vt 1.0000 -26.6667
vt 0.0000 -26.6667
vt 0.0000 -26.6667
vt 1.0000 -26.6667
vt 1.0000 -27.0000
vt 0.0000 -27.0000
vt 0.0000 -27.0000
vt 1.0000 -27.0000
vt 1.0000 -27.3333
vt 0.0000 -27.3333
vt 0.0000 -27.3333
vt 1.0000 -27.3333
vt 1.0000 -27.6667
vt 0.0000 -27.6667
vt 0.0000 -27.6667
vt 1.0000 -27.6667
vt 1.0000 -28.0000
vt 0.0000 -28.0000
vt 0.0000 -28.0000
vt 1.0000 -28.0000
vt 1.0000 -28.3333
vt 0.0000 -28.3333
vt 0.0000 -28.3333
vt 1.0000 -28.3333
vt 1.0000 -28.6667
vt 0.0000 -28.6667
vt 0.0000 -28.6667
vt 1.0000 -28.6667
vt 1.0000 -29.0000
vt 0.0000 -29.0000
vt 0.0000 -29.0000
vt 1.0000 -29.0000
vt 1.0000 -29.3333
vt 0.0000 -29.3333
vt 0.0000 -29.3333
vt 1.0000 -29.3333
vt 1.0000 -29.6667
vt 0.0000 -29.6667
vt 0.0000 -29.6667
vt 1.0000 -29.6667
vt 1.0000 -30.0000
vt 0.0000 -30.0000
vt 0.0000 -30.0000
vt 1.0000 -30.0000
vt 1.0000 -30.3333
vt 0.0000 -30.3333
vt 0.0000 -30.3333
vt 1.0000 -30.3333
vt 1.0000 -30.6667
vt 0.0000 -30.6667
vt 0.0000 -30.6667
vt 1.0000 -30.6667
vt 1.0000 -31.0000
vt 0.0000 -31.0000
vt 0.0000 -31.0000
vt 1.0000 -31.0000
vt 1.0000 -31.3333
vt 0.0000 -31.3333
vt 0.0000 -31.3333
vt 1.0000 -31.3333
vt 1.0000 -31.6667
vt 0.0000 -31.6667
vt 0.0000 -31.6667
vt 1.0000 -31.6667
vt 1.0000 -32.0000
vt 0.0000 -32.0000
vt 0.0000 -32.0000
vt 1.0000 -32.0000
vt 1.0000 -32.3333
vt 0.0000 -32.3333
vt 0.0000 -32.3333
vt 1.0000 -32.3333
vt 1.0000 -32.6667
vt 0.0000 -32.6667
vt 0.0000 -32.6667
vt 1.0000 -32.6667
vt 1.0000 -33.0000
vt 0.0000 -33.0000
vt 0.0000 -33.0000
vt 1.0000 -33.0000
vt 1.0000 -33.3333
vt 0.0000 -33.3333
vt 0.0000 -33.3333
vt 1.0000 -33.3333
vt 1.0000 -33.6667
vt 0.0000 -33.6667
vt 0.0000 -33.6667
vt 1.0000 -33.6667
vt 1.0000 -34.0000
vt 0.0000 -34.0000
vt 0.0000 -34.0000
vt 1.0000 -34.0000
vt 1.0000 -34.3333
vt 0.0000 -34.3333
vt 0.0000 -34.3333
vt 1.0000 -34.3333
vt 1.0000 -34.6667
vt 0.0000 -34.6667
vt 0.0000 -34.6667
vt 1.0000 -34.6667
vt 1.0000 -35.0000
vt 0.0000 -35.0000
vt 0.0000 -35.0000
vt 1.0000 -35.0000
vt 1.0000 -35.3333
vt 0.0000 -35.3333
vt 0.0000 -35.3333
vt 1.0000 -35.3333
vt 1.0000 -35.6667
vt 0.0000 -35.6667
vt 0.0000 -35.6667
vt 1.0000 -35.6667
vt 1.0000 -36.0000
vt 0.0000 -36.0000
vt 0.0000 -36.0000
vt 1.0000 -36.0000
vt 1.0000 -36.3333
vt 0.0000 -36.3333
vt 0.0000 -36.3333
vt 1.0000 -36.3333
vt 1.0000 -36.6667
vt 0.0000 -36.6667
vt 0.0000 -36.6667
vt 1.0000 -36.6667
vt 1.0000 -37.0000
vt 0.0000 -37.0000
vt 0.0000 -37.0000
vt 1.0000 -37.0000
vt 1.0000 -37.3333
vt 0.0000 -37.3333
vt 0.0000 -37.3333
vt 1.0000 -37.3333
vt 1.0000 -37.6667
vt 0.0000 -37.6667
vt 0.0000 -37.6667
vt 1.0000 -37.6667
vt 1.0000 -38.0000
vt 0.0000 -38.0000
vt 0.0000 -38.0000
vt 1.0000 -38.0000
vt 1.0000 -38.3333
vt 0.0000 -38.3333
vt 0.0000 -38.3333
vt 1.0000 -38.3333
vt 1.0000 -38.6667
vt 0.0000 -38.6667
vt 0.0000 -38.6667
vt 1.0000 -38.6667
vt 1.0000 -39.0000
vt 0.0000 -39.0000
vt 0.0000 -39.0000
vt 1.0000 -39.0000
vt 1.0000 -39.3333
vt 0.0000 -39.3333
vt 0.0000 -39.3333
vt 1.0000 -39.3333
vt 1.0000 -39.6667
vt 0.0000 -39.6667
vt 0.0000 -39.6667
vt 1.0000 -39.6667
vt 1.0000 -40.0000
vt 0.0000 -40.0000
vt 0.0000 -40.0000
vt 1.0000 -40.0000
vt 1.0000 -40.3333
vt 0.0000 -40.3333
vt 0.0000 -40.3333
vt 1.0000 -40.3333
vt 1.0000 -40.6667
vt 0.0000 -40.6667
vt 0.0000 -40.6667
vt 1.0000 -40.6667
vt 1.0000 -41.0000
vt 0.0000 -41.0000
vt 0.0000 -41.0000
vt 1.0000 -41.0000
vt 1.0000 -41.3333
vt 0.0000 -41.3333
vt 0.0000 -41.3333
vt 1.0000 -41.3333
vt 1.0000 -41.6667
vt 0.0000 -41.6667
vt 0.0000 -41.6667
vt 1.0000 -41.6667
vt 1.0000 -42.0000
vt 0.0000 -42.0000
vt 0.0000 -42.0000
vt 1.0000 -42.0000
vt 1.0000 -42.3333
vt 0.0000 -42.3333
vt 0.0000 -42.3333
vt 1.0000 -42.3333
vt 1.0000 -42.6667
vt 0.0000 -42.6667
vt 0.0000 -42.6667
vt 1.0000 -42.6667
vt 1.0000 -43.0000
vt 0.0000 -43.0000
vt 0.0000 -43.0000
vt 1.0000 -43.0000
vt 1.0000 -43.3333
vt 0.0000 -43.3333
vt 0.0000 -43.3333
vt 1.0000 -43.3333
vt 1.0000 -43.6667
vt 0.0000 -43.6667
vt 0.0000 -43.6667
vt 1.0000 -43.6667
vt 1.0000 -44.0000
vt 0.0000 -44.0000
vt 0.0000 -44.0000
vt 1.0000 -44.0000
vt 1.0000 -44.3333
vt 0.0000 -44.3333
vt 0.0000 -44.3333
vt 1.0000 -44.3333
vt 1.0000 -44.6667
vt 0.0000 -44.6667
vt 0.0000 -44.6667
vt 1.0000 -44.6667
vt 1.0000 -45.0000
vt 0.0000 -45.0000
vt 0.0000 -45.0000
vt 1.0000 -45.0000
vt 1.0000 -45.3333
vt 0.0000 -45.3333
vt 0.0000 -45.3333
vt 1.0000 -45.3333
vt 1.0000 -45.6667
vt 0.0000 -45.6667
vt 0.0000 -45.6667
vt 1.0000 -45.6667
vt 1.0000 -46.0000
vt 0.0000 -46.0000
vt 0.0000 -46.0000
vt 1.0000 -46.0000
vt 1.0000 -46.3333
vt 0.0000 -46.3333
vt 0.0000 -46.3333
vt 1.0000 -46.3333
vt 1.0000 -46.6667
vt 0.0000 -46.6667
vt 0.0000 -46.6667
vt 1.0000 -46.6667
vt 1.0000 -47.0000
vt 0.0000 -47.0000
vt 0.0000 -47.0000
vt 1.0000 -47.0000
vt 1.0000 -47.3333
vt 0.0000 -47.3333
vt 0.0000 -47.3333
vt 1.0000 -47.3333
vt 1.0000 -47.6667
vt 0.0000 -47.6667
vt 0.0000 -47.6667
vt 1.0000 -47.6667
vt 1.0000 -48.0000
vt 0.0000 -48.0000
vt 0.0000 -48.0000
vt 1.0000 -48.0000
vt 1.0000 -48.3333
vt 0.0000 -48.3333
vt 0.0000 -48.3333
vt 1.0000 -48.3333
vt 1.0000 -48.6667
vt 0.0000 -48.6667
vt 0.0000 -48.6667
vt 1.0000 -48.6667
vt 1.0000 -49.0000
vt 0.0000 -49.0000
vt 0.0000 -49.0000
vt 1.0000 -49.0000
vt 1.0000 -49.3333
vt 0.0000 -49.3333
vt 0.0000 -49.3333
vt 1.0000 -49.3333
vt 1.0000 -49.6667
vt 0.0000 -49.6667
vt 0.0000 -49.6667
vt 1.0000 -49.6667
vt 1.0000 -50.0000
vt 0.0000 -50.0000
vt 0.0000 -50.0000
vt 1.0000 -50.0000
vt 1.0000 -50.3333
vt 0.0000 -50.3333
vt 0.0000 -50.3333
vt 1.0000 -50.3333
vt 1.0000 -50.6667
vt 0.0000 -50.6667
vt 0.0000 -50.6667
vt 1.0000 -50.6667
vt 1.0000 -51.0000
vt 0.0000 -51.0000
vt 0.0000 -51.0000
vt 1.0000 -51.0000
vt 1.0000 -51.3333
vt 0.0000 -51.3333
vt 0.0000 -51.3333
vt 1.0000 -51.3333
vt 1.0000 -51.6667
vt 0.0000 -51.6667
vt 0.0000 -51.6667
vt 1.0000 -51.6667
vt 1.0000 -52.0000
vt 0.0000 -52.0000
vt 0.0000 -52.0000
vt 1.0000 -52.0000
vt 1.0000 -52.3333
vt 0.0000 -52.3333
vt 0.0000 -52.3333
vt 1.0000 -52.3333
vt 1.0000 -52.6667
vt 0.0000 -52.6667
vt 0.0000 -52.6667
vt 1.0000 -52.6667
vt 1.0000 -53.0000
vt 0.0000 -53.0000
vt 0.0000 -53.0000
vt 1.0000 -53.0000
vt 1.0000 -53.3333
vt 0.0000 -53.3333
vt 0.0000 -53.3333
vt 1.0000 -53.3333
vt 1.0000 -53.6667
vt 0.0000 -53.6667
vt 0.0000 -53.6667
vt 1.0000 -53.6667
vt 1.0000 -54.0000
vt 0.0000 -54.0000
vt 0.0000 -54.0000
vt 1.0000 -54.0000
vt 1.0000 -54.3333
vt 0.0000 -54.3333
vt 0.0000 -54.3333
vt 1.0000 -54.3333
vt 1.0000 -54.6667
vt 0.0000 -54.6667
vt 0.0000 -54.6667
vt 1.0000 -54.6667
vt 1.0000 -55.0000
vt 0.0000 -55.0000
vt 0.0000 -55.0000
vt 1.0000 -55.0000
vt 1.0000 -55.3333
vt 0.0000 -55.3333
vt 0.0000 -55.3333
vt 1.0000 -55.3333
vt 1.0000 -55.6667
vt 0.0000 -55.6667
vt 0.0000 -55.6667
vt 1.0000 -55.6667
vt 1.0000 -56.0000
vt 0.0000 -56.0000
vt 0.0000 -56.0000
vt 1.0000 -56.0000
vt 1.0000 -56.3333
vt 0.0000 -56.3333
vt 0.0000 -56.3333
vt 1.0000 -56.3333
vt 1.0000 -56.6667
vt 0.0000 -56.6667
vt 0.0000 -56.6667
vt 1.0000 -56.6667
vt 1.0000 -57.0000
vt 0.0000 -57.0000
vt 0.0000 -57.0000
vt 1.0000 -57.0000
vt 1.0000 -57.3333
vt 0.0000 -57.3333
vt 0.0000 -57.3333
vt 1.0000 -57.3333
vt 1.0000 -57.6667
vt 0.0000 -57.6667
vt 0.0000 -57.6667
vt 1.0000 -57.6667
vt 1.0000 -58.0000
vt 0.0000 -58.0000
vt 0.0000 -58.0000
vt 1.0000 -58.0000
vt 1.0000 -58.3333
vt 0.0000 -58.3333
vt 0.0000 -58.3333
vt 1.0000 -58.3333
vt 1.0000 -58.6667
vt 0.0000 -58.6667
vt 0.0000 -58.6667
vt 1.0000 -58.6667
vt 1.0000 -59.0000
vt 0.0000 -59.0000
vt 0.0000 -59.0000
vt 1.0000 -59.0000
vt 1.0000 -59.3333
vt 0.0000 -59.3333
vt 0.0000 -59.3333
vt 1.0000 -59.3333
vt 1.0000 -59.6667
vt 0.0000 -59.6667
vt 0.0000 -59.6667
vt 1.0000 -59.6667
vt 1.0000 -60.0000
vt 0.0000 -60.0000
vt 0.0000 -60.0000
vt 1.0000 -60.0000
vt 1.0000 -60.3333
vt 0.0000 -60.3333
vt 0.0000 -60.3333
vt 1.0000 -60.3333
vt 1.0000 -60.6667
vt 0.0000 -60.6667
vt 0.0000 -60.6667
vt 1.0000 -60.6667
vt 1.0000 -61.0000
vt 0.0000 -61.0000
vt 0.0000 -61.0000
vt 1.0000 -61.0000
vt 1.0000 -61.3333
vt 0.0000 -61.3333
vt 0.0000 -61.3333
vt 1.0000 -61.3333
vt 1.0000 -61.6667
vt 0.0000 -61.6667
vt 0.0000 -61.6667
vt 1.0000 -61.6667
vt 1.0000 -62.0000
vt 0.0000 -62.0000
vt 0.0000 -62.0000
vt 1.0000 -62.0000
vt 1.0000 -62.3333
vt 0.0000 -62.3333
vt 0.0000 -62.3333
vt 1.0000 -62.3333
vt 1.0000 -62.6667
vt 0.0000 -62.6667
vt 0.0000 -62.6667
vt 1.0000 -62.6667
vt 1.0000 -63.0000
vt 0.0000 -63.0000
vt 0.0000 -63.0000
vt 1.0000 -63.0000
vt 1.0000 -63.3333
vt 0.0000 -63.3333
vt 0.0000 -63.3333
vt 1.0000 -63.3333
vt 1.0000 -63.6667
vt 0.0000 -63.6667
vt 0.0000 -63.6667
vt 1.0000 -63.6667
vt 1.0000 -64.0000
vt 0.0000 -64.0000
vt 0.0000 -64.0000
vt 1.0000 -64.0000
vt 1.0000 -64.3333
vt 0.0000 -64.3333
vt 0.0000 -64.3333
vt 1.0000 -64.3333
vt 1.0000 -64.6667
vt 0.0000 -64.6667
vt 0.0000 -64.6667
vt 1.0000 -64.6667
vt 1.0000 -65.0000
vt 0.0000 -65.0000
vt 0.0000 -65.0000
vt 1.0000 -65.0000
vt 1.0000 -65.3333
vt 0.0000 -65.3333
vt 0.0000 -65.3333
vt 1.0000 -65.3333
vt 1.0000 -65.6667
vt 0.0000 -65.6667
vt 0.0000 -65.6667
vt 1.0000 -65.6667
vt 1.0000 -66.0000
vt 0.0000 -66.0000
vt 0.0000 -66.0000
vt 1.0000 -66.0000
vt 1.0000 -66.3333
vt 0.0000 -66.3333
vt 0.0000 -66.3333
vt 1.0000 -66.3333
vt 1.0000 -66.6667
vt 0.0000 -66.6667
vt 0.0000 -66.6667
vt 1.0000 -66.6667
vt 1.0000 -67.0000
vt 0.0000 -67.0000
vt 0.0000 -67.0000
vt 1.0000 -67.0000
vt 1.0000 -67.3333
vt 0.0000 -67.3333
vt 0.0000 -67.3333
vt 1.0000 -67.3333
vt 1.0000 -67.6667
vt 0.0000 -67.6667
vt 0.0000 -67.6667
vt 1.0000 -67.6667
vt 1.0000 -68.0000
vt 0.0000 -68.0000
vt 0.0000 -68.0000
vt 1.0000 -68.0000
vt 1.0000 -68.3333
vt 0.0000 -68.3333
vt 0.0000 -68.3333
vt 1.0000 -68.3333
vt 1.0000 -68.6667
vt 0.0000 -68.6667
vt 0.0000 -68.6667
vt 1.0000 -68.6667
vt 1.0000 -69.0000
vt 0.0000 -69.0000
vt 0.0000 -69.0000
vt 1.0000 -69.0000
vt 1.0000 -69.3333
vt 0.0000 -69.3333
vt 0.0000 -69.3333
vt 1.0000 -69.3333
vt 1.0000 -69.6667
vt 0.0000 -69.6667
vt 0.0000 -69.6667
vt 1.0000 -69.6667
vt 1.0000 -70.0000
vt 0.0000 -70.0000
vt 0.0000 -70.0000
vt 1.0000 -70.0000
vt 1.0000 -70.3333
vt 0.0000 -70.3333
vt 0.0000 -70.3333
vt 1.0000 -70.3333
vt 1.0000 -70.6667
vt 0.0000 -70.6667
vt 0.0000 -70.6667
vt 1.0000 -70.6667
vt 1.0000 -71.0000
vt 0.0000 -71.0000
vt 0.0000 -71.0000
vt 1.0000 -71.0000
vt 1.0000 -71.3333
vt 0.0000 -71.3333
vt 0.0000 -71.3333
vt 1.0000 -71.3333
vt 1.0000 -71.6667
vt 0.0000 -71.6667
vt 0.0000 -71.6667
vt 1.0000 -71.6667
vt 1.0000 -72.0000
vt 0.0000 -72.0000
vt 0.0000 -72.0000
vt 1.0000 -72.0000
vt 1.0000 -72.3333
vt 0.0000 -72.3333
vt 0.0000 -72.3333
vt 1.0000 -72.3333
vt 1.0000 -72.6667
vt 0.0000 -72.6667
vt 0.0000 -72.6667
vt 1.0000 -72.6667
vt 1.0000 -73.0000
vt 0.0000 -73.0000
vt 0.0000 -73.0000
vt 1.0000 -73.0000
vt 1.0000 -73.3333
vt 0.0000 -73.3333
vt 0.0000 -73.3333
vt 1.0000 -73.3333
vt 1.0000 -73.6667
vt 0.0000 -73.6667
vt 0.0000 -73.6667
vt 1.0000 -73.6667
vt 1.0000 -74.0000
vt 0.0000 -74.0000
vt 0.0000 -74.0000
vt 1.0000 -74.0000
vt 1.0000 -74.3333
vt 0.0000 -74.3333
vt 0.0000 -74.3333
vt 1.0000 -74.3333
vt 1.0000 -74.6667
vt 0.0000 -74.6667
vt 0.0000 -74.6667
vt 1.0000 -74.6667
vt 1.0000 -75.0000
vt 0.0000 -75.0000
vt 0.0000 -75.0000
vt 1.0000 -75.0000
vt 1.0000 -75.3333
vt 0.0000 -75.3333
vt 0.0000 -75.3333
vt 1.0000 -75.3333
vt 1.0000 -75.6667
vt 0.0000 -75.6667
vt 0.0000 -75.6667
vt 1.0000 -75.6667
vt 1.0000 -76.0000
vt 0.0000 -76.0000
vt 0.0000 -76.0000
vt 1.0000 -76.0000
vt 1.0000 -76.3333
vt 0.0000 -76.3333
vt 0.0000 -76.3333
vt 1.0000 -76.3333
vt 1.0000 -76.6667
vt 0.0000 -76.6667
vt 0.0000 -76.6667
vt 1.0000 -76.6667
vt 1.0000 -77.0000
vt 0.0000 -77.0000
vt 0.0000 -77.0000
vt 1.0000 -77.0000
vt 1.0000 -77.3333
vt 0.0000 -77.3333
vt 0.0000 -77.3333
vt 1.0000 -77.3333
vt 1.0000 -77.6667
vt 0.0000 -77.6667
vt 0.0000 -77.6667
vt 1.0000 -77.6667
vt 1.0000 -78.0000
vt 0.0000 -78.0000
vt 0.0000 -78.0000
vt 1.0000 -78.0000
vt 1.0000 -78.3333
vt 0.0000 -78.3333
vt 0.0000 -78.3333
vt 1.0000 -78.3333
vt 1.0000 -78.6667
vt 0.0000 -78.6667
vt 0.0000 -78.6667
vt 1.0000 -78.6667
vt 1.0000 -79.0000
vt 0.0000 -79.0000
vt 0.0000 -79.0000
vt 1.0000 -79.0000
vt 1.0000 -79.3333
vt 0.0000 -79.3333
vt 0.0000 -79.3333
vt 1.0000 -79.3333
vt 1.0000 -79.6667
vt 0.0000 -79.6667
vt 0.0000 -79.6667
vt 1.0000 -79.6667
vt 1.0000 -80.0000
vt 0.0000 -80.0000
vt 0.0000 -80.0000
vt 1.0000 -80.0000
vt 1.0000 -80.3333
vt 0.0000 -80.3333
vt 0.0000 -80.3333
vt 1.0000 -80.3333
vt 1.0000 -80.6667
vt 0.0000 -80.6667
vt 0.0000 -80.6667
vt 1.0000 -80.6667
vt 1.0000 -81.0000
vt 0.0000 -81.0000
vt 0.0000 -81.0000
vt 1.0000 -81.0000
vt 1.0000 -81.3333
vt 0.0000 -81.3333
vt 0.0000 -81.3333
vt 1.0000 -81.3333
vt 1.0000 -81.6667
vt 0.0000 -81.6667
vt 0.0000 -81.6667
vt 1.0000 -81.6667
vt 1.0000 -82.0000
vt 0.0000 -82.0000
vt 0.0000 -82.0000
vt 1.0000 -82.0000
vt 1.0000 -82.3333
vt 0.0000 -82.3333
vt 0.0000 -82.3333
vt 1.0000 -82.3333
vt 1.0000 -82.6667
vt 0.0000 -82.6667
vt 0.0000 -82.6667
vt 1.0000 -82.6667
vt 1.0000 -83.0000
vt 0.0000 -83.0000
vt 0.0000 -83.0000
vt 1.0000 -83.0000
vt 1.0000 -83.3333
vt 0.0000 -83.3333
vt 0.0000 -83.3333
vt 1.0000 -83.3333
vt 1.0000 -83.6667
vt 0.0000 -83.6667
vt 0.0000 -83.6667
vt 1.0000 -83.6667
vt 1.0000 -84.0000
vt 0.0000 -84.0000
vt 0.0000 -84.0000
vt 1.0000 -84.0000
vt 1.0000 -84.3333
vt 0.0000 -84.3333
vt 0.0000 -84.3333
vt 1.0000 -84.3333
vt 1.0000 -84.6667
vt 0.0000 -84.6667
vt 0.0000 -84.6667
vt 1.0000 -84.6667
vt 1.0000 -85.0000
vt 0.0000 -85.0000
vt 0.0000 -85.0000
vt 1.0000 -85.0000
vt 1.0000 -85.3333
vt 0.0000 -85.3333
vt 0.0000 -85.3333
vt 1.0000 -85.3333
vt 1.0000 -85.6667
vt 0.0000 -85.6667
vt 0.0000 -85.6667
vt 1.0000 -85.6667
vt 1.0000 -86.0000
vt 0.0000 -86.0000
vt 0.0000 -86.0000
vt 1.0000 -86.0000
vt 1.0000 -86.3333
vt 0.0000 -86.3333
vt 0.0000 -86.3333
vt 1.0000 -86.3333
vt 1.0000 -86.6667
vt 0.0000 -86.6667
vt 0.0000 -86.6667
vt 1.0000 -86.6667
vt 1.0000 -87.0000
vt 0.0000 -87.0000
vt 0.0000 -87.0000
vt 1.0000 -87.0000
vt 1.0000 -87.3333
vt 0.0000 -87.3333
vt 0.0000 -87.3333
vt 1.0000 -87.3333
vt 1.0000 -87.6667
vt 0.0000 -87.6667
vt 0.0000 -87.6667
vt 1.0000 -87.6667
vt 1.0000 -88.0000
vt 0.0000 -88.0000
vt 0.0000 -88.0000
vt 1.0000 -88.0000
vt 1.0000 -88.3333
vt 0.0000 -88.3333
vt 0.0000 -88.3333
vt 1.0000 -88.3333
vt 1.0000 -88.6667
vt 0.0000 -88.6667
vt 0.0000 -88.6667
vt 1.0000 -88.6667
vt 1.0000 -89.0000
vt 0.0000 -89.0000
vt 0.0000 -89.0000
vt 1.0000 -89.0000
vt 1.0000 -89.3333
vt 0.0000 -89.3333
vt 0.0000 -89.3333
vt 1.0000 -89.3333
vt 1.0000 -89.6667
vt 0.0000 -89.6667
vt 0.0000 -89.6667
vt 1.0000 -89.6667
vt 1.0000 -90.0000
vt 0.0000 -90.0000
vt 0.0000 -90.0000
vt 1.0000 -90.0000
vt 1.0000 -90.3333
vt 0.0000 -90.3333
vt 0.0000 -90.3333
vt 1.0000 -90.3333
vt 1.0000 -90.6667
vt 0.0000 -90.6667
vt 0.0000 -90.6667
vt 1.0000 -90.6667
vt 1.0000 -91.0000
vt 0.0000 -91.0000
vt 0.0000 -91.0000
vt 1.0000 -91.0000
vt 1.0000 -91.3333
vt 0.0000 -91.3333
vt 0.0000 -91.3333
vt 1.0000 -91.3333
vt 1.0000 -91.6667
vt 0.0000 -91.6667
vt 0.0000 -91.6667
vt 1.0000 -91.6667
vt 1.0000 -92.0000
vt 0.0000 -92.0000
vt 0.0000 -92.0000
vt 1.0000 -92.0000
vt 1.0000 -92.3333
vt 0.0000 -92.3333
vt 0.0000 -92.3333
vt 1.0000 -92.3333
vt 1.0000 -92.6667
vt 0.0000 -92.6667
vt 0.0000 -92.6667
vt 1.0000 -92.6667
vt 1.0000 -93.0000
vt 0.0000 -93.0000
vt 0.0000 -93.0000
vt 1.0000 -93.0000
vt 1.0000 -93.3333
vt 0.0000 -93.3333
vt 0.0000 -93.3333
vt 1.0000 -93.3333
vt 1.0000 -93.6667
vt 0.0000 -93.6667
vt 0.0000 -93.6667
vt 1.0000 -93.6667
vt 1.0000 -94.0000
vt 0.0000 -94.0000
vt 0.0000 -94.0000
vt 1.0000 -94.0000
vt 1.0000 -94.3333
vt 0.0000 -94.3333
vt 0.0000 -94.3333
vt 1.0000 -94.3333
vt 1.0000 -94.6667
vt 0.0000 -94.6667
vt 0.0000 -94.6667
vt 1.0000 -94.6667
vt 1.0000 -95.0000
vt 0.0000 -95.0000
vt 0.0000 -95.0000
vt 1.0000 -95.0000
vt 1.0000 -95.3333
vt 0.0000 -95.3333
vt 0.0000 -95.3333
vt 1.0000 -95.3333
vt 1.0000 -95.6667
vt 0.0000 -95.6667
vt 0.0000 -95.6667
vt 1.0000 -95.6667
vt 1.0000 -96.0000
vt 0.0000 -96.0000
vt 0.0000 -96.0000
vt 1.0000 -96.0000
vt 1.0000 -96.3333
vt 0.0000 -96.3333
vt 0.0000 -96.3333
vt 1.0000 -96.3333
vt 1.0000 -96.6667
vt 0.0000 -96.6667
vt 0.0000 -96.6667
vt 1.0000 -96.6667
vt 1.0000 -97.0000
vt 0.0000 -97.0000
vt 0.0000 -97.0000
vt 1.0000 -97.0000
vt 1.0000 -97.3333
vt 0.0000 -97.3333
vt 0.0000 -97.3333
vt 1.0000 -97.3333
vt 1.0000 -97.6667
vt 0.0000 -97.6667
vt 0.0000 -97.6667
vt 1.0000 -97.6667
vt 1.0000 -98.0000
vt 0.0000 -98.0000
vt 0.0000 -98.0000
vt 1.0000 -98.0000
vt 1.0000 -98.3333
vt 0.0000 -98.3333
vt 0.0000 -98.3333
vt 1.0000 -98.3333
vt 1.0000 -98.6667
vt 0.0000 -98.6667
vt 0.0000 -98.6667
vt 1.0000 -98.6667
vt 1.0000 -99.0000
vt 0.0000 -99.0000
vt 0.0000 -99.0000
vt 1.0000 -99.0000
vt 1.0000 -99.3333
vt 0.0000 -99.3333
vt 0.0000 -99.3333
vt 1.0000 -99.3333
vt 1.0000 -99.6667
vt 0.0000 -99.6667
vt 0.0000 -99.6667
vt 1.0000 -99.6667
vt 1.0000 -100.0000
vt 0.0000 -100.0000
vt 0.0000 -100.0000
vt 1.0000 -100.0000
vt 1.0000 -100.3333
vt 0.0000 -100.3333
vt 0.0000 -100.3333
vt 1.0000 -100.3333
vt 1.0000 -100.6667
vt 0.0000 -100.6667
vt 0.0000 -100.6667
vt 1.0000 -100.6667
vt 1.0000 -101.0000
vt 0.0000 -101.0000
vt 0.0000 -101.0000
vt 1.0000 -101.0000
vt 1.0000 -101.3333
vt 0.0000 -101.3333
vt 0.0000 -101.3333
vt 1.0000 -101.3333
vt 1.0000 -101.6667
vt 0.0000 -101.6667
vt 0.0000 -101.6667
vt 1.0000 -101.6667
vt 1.0000 -102.0000
vt 0.0000 -102.0000
vt 0.0000 -102.0000
vt 1.0000 -102.0000
vt 1.0000 -102.3333
vt 0.0000 -102.3333
vt 0.0000 -102.3333
vt 1.0000 -102.3333
vt 1.0000 -102.6667
vt 0.0000 -102.6667
vt 0.0000 -102.6667
vt 1.0000 -102.6667
vt 1.0000 -103.0000
vt 0.0000 -103.0000
vt 0.0000 -103.0000
vt 1.0000 -103.0000
vt 1.0000 -103.3333
vt 0.0000 -103.3333
vt 0.0000 -103.3333
vt 1.0000 -103.3333
vt 1.0000 -103.6667
vt 0.0000 -103.6667
vt 0.0000 -103.6667
vt 1.0000 -103.6667
vt 1.0000 -104.0000
vt 0.0000 -104.0000
vt 0.0000 -104.0000
vt 1.0000 -104.0000
vt 1.0000 -104.3333
vt 0.0000 -104.3333
vt 0.0000 -104.3333
vt 1.0000 -104.3333
vt 1.0000 -104.6667
vt 0.0000 -104.6667
vt 0.0000 -104.6667
vt 1.0000 -104.6667
vt 1.0000 -105.0000
vt 0.0000 -105.0000
vt 0.0000 -105.0000
vt 1.0000 -105.0000
vt 1.0000 -105.3333
vt 0.0000 -105.3333
vt 0.0000 -105.3333
vt 1.0000 -105.3333
vt 1.0000 -105.6667
vt 0.0000 -105.6667
vt 0.0000 -105.6667
vt 1.0000 -105.6667
vt 1.0000 -106.0000
vt 0.0000 -106.0000
vt 0.0000 -106.0000
vt 1.0000 -106.0000
vt 1.0000 -106.3333
vt 0.0000 -106.3333
vt 0.0000 -106.3333
vt 1.0000 -106.3333
vt 1.0000 -106.6667
vt 0.0000 -106.6667
vt 0.0000 -106.6667
vt 1.0000 -106.6667
vt 1.0000 -107.0000
vt 0.0000 -107.0000
vt 0.0000 -107.0000
vt 1.0000 -107.0000
vt 1.0000 -107.3333
vt 0.0000 -107.3333
vt 0.0000 -107.3333
vt 1.0000 -107.3333
vt 1.0000 -107.6667
vt 0.0000 -107.6667
vt 0.0000 -107.6667
vt 1.0000 -107.6667
vt 1.0000 -108.0000
vt 0.0000 -108.0000
vt 0.0000 -108.0000
vt 1.0000 -108.0000
vt 1.0000 -108.3333
vt 0.0000 -108.3333
vt 0.0000 -108.3333
vt 1.0000 -108.3333
vt 1.0000 -108.6667
vt 0.0000 -108.6667
vt 0.0000 -108.6667
vt 1.0000 -108.6667
vt 1.0000 -109.0000
vt 0.0000 -109.0000
vt 0.0000 -109.0000
vt 1.0000 -109.0000
vt 1.0000 -109.3333
vt 0.0000 -109.3333
vt 0.0000 -109.3333
vt 1.0000 -109.3333
vt 1.0000 -109.6667
vt 0.0000 -109.6667
vt 0.0000 -109.6667
vt 1.0000 -109.6667
vt 1.0000 -110.0000
vt 0.0000 -110.0000
vt 0.0000 -110.0000
vt 1.0000 -110.0000
vt 1.0000 -110.3333
vt 0.0000 -110.3333
vt 0.0000 -110.3333
vt 1.0000 -110.3333
vt 1.0000 -110.6667
vt 0.0000 -110.6667
vt 0.0000 -110.6667
vt 1.0000 -110.6667
vt 1.0000 -111.0000
vt 0.0000 -111.0000
vt 0.0000 -111.0000
vt 1.0000 -111.0000
vt 1.0000 -111.3333
vt 0.0000 -111.3333
vt 0.0000 -111.3333
vt 1.0000 -111.3333
vt 1.0000 -111.6667
vt 0.0000 -111.6667
vt 0.0000 -111.6667
vt 1.0000 -111.6667
vt 1.0000 -112.0000
vt 0.0000 -112.0000
vt 0.0000 -112.0000
vt 1.0000 -112.0000
vt 1.0000 -112.3333
vt 0.0000 -112.3333
vt 0.0000 -112.3333
vt 1.0000 -112.3333
vt 1.0000 -112.6667
vt 0.0000 -112.6667
vt 0.0000 -112.6667
vt 1.0000 -112.6667
vt 1.0000 -113.0000
vt 0.0000 -113.0000
vt 0.0000 -113.0000
vt 1.0000 -113.0000
vt 1.0000 -113.3333
vt 0.0000 -113.3333
vt 0.0000 -113.3333
vt 1.0000 -113.3333
vt 1.0000 -113.6667
vt 0.0000 -113.6667
vt 0.0000 -113.6667
vt 1.0000 -113.6667
vt 1.0000 -114.0000
vt 0.0000 -114.0000
vt 0.0000 -114.0000
vt 1.0000 -114.0000
vt 1.0000 -114.3333
vt 0.0000 -114.3333
vt 0.0000 -114.3333
vt 1.0000 -114.3333
vt 1.0000 -114.6667
vt 0.0000 -114.6667
vt 0.0000 -114.6667
vt 1.0000 -114.6667
vt 1.0000 -115.0000
vt 0.0000 -115.0000
vt 0.0000 -115.0000
vt 1.0000 -115.0000
vt 1.0000 -115.3333
vt 0.0000 -115.3333
vt 0.0000 -115.3333
vt 1.0000 -115.3333
vt 1.0000 -115.6667
vt 0.0000 -115.6667
vt 0.0000 -115.6667
vt 1.0000 -115.6667
vt 1.0000 -116.0000
vt 0.0000 -116.0000
vt 0.0000 -116.0000
vt 1.0000 -116.0000
vt 1.0000 -116.3333
vt 0.0000 -116.3333
vt 0.0000 -116.3333
vt 1.0000 -116.3333
vt 1.0000 -116.6667
vt 0.0000 -116.6667
vt 0.0000 -116.6667
vt 1.0000 -116.6667
vt 1.0000 -117.0000
vt 0.0000 -117.0000
vt 0.0000 -117.0000
vt 1.0000 -117.0000
vt 1.0000 -117.3333
vt 0.0000 -117.3333
vt 0.0000 -117.3333
vt 1.0000 -117.3333
vt 1.0000 -117.6667
vt 0.0000 -117.6667
vt 0.0000 -117.6667
vt 1.0000 -117.6667
vt 1.0000 -118.0000
vt 0.0000 -118.0000
vt 0.0000 -118.0000
vt 1.0000 -118.0000
vt 1.0000 -118.3333
vt 0.0000 -118.3333
vt 0.0000 -118.3333
vt 1.0000 -118.3333
vt 1.0000 -118.6667
vt 0.0000 -118.6667
vt 0.0000 -118.6667
vt 1.0000 -118.6667
vt 1.0000 -119.0000
vt 0.0000 -119.0000
vt 0.0000 -119.0000
vt 1.0000 -119.0000
vt 1.0000 -119.3333
vt 0.0000 -119.3333
vt 0.0000 -119.3333
vt 1.0000 -119.3333
vt 1.0000 -119.6667
vt 0.0000 -119.6667
vt 0.0000 -119.6667
vt 1.0000 -119.6667
vt 1.0000 -120.0000
vt 0.0000 -120.0000
vt 0.0000 -120.0000
vt 1.0000 -120.0000
vt 1.0000 -120.3333
vt 0.0000 -120.3333
vt 0.0000 -120.3333
vt 1.0000 -120.3333
vt 1.0000 -120.6667
vt 0.0000 -120.6667
vt 0.0000 -120.6667
vt 1.0000 -120.6667
vt 1.0000 -121.0000
vt 0.0000 -121.0000
vt 0.0000 -121.0000
vt 1.0000 -121.0000
vt 1.0000 -121.3333
vt 0.0000 -121.3333
vt 0.0000 -121.3333
vt 1.0000 -121.3333
vt 1.0000 -121.6667
vt 0.0000 -121.6667
vt 0.0000 -121.6667
vt 1.0000 -121.6667
vt 1.0000 -122.0000
vt 0.0000 -122.0000
vt 0.0000 -122.0000
vt 1.0000 -122.0000
vt 1.0000 -122.3333
vt 0.0000 -122.3333
vt 0.0000 -122.3333
vt 1.0000 -122.3333
vt 1.0000 -122.6667
vt 0.0000 -122.6667
vt 0.0000 -122.6667
vt 1.0000 -122.6667
vt 1.0000 -123.0000
vt 0.0000 -123.0000
vt 0.0000 -123.0000
vt 1.0000 -123.0000
vt 1.0000 -123.3333
vt 0.0000 -123.3333
vt 0.0000 -123.3333
vt 1.0000 -123.3333
vt 1.0000 -123.6667
vt 0.0000 -123.6667
vt 0.0000 -123.6667
vt 1.0000 -123.6667
vt 1.0000 -124.0000
vt 0.0000 -124.0000
vt 0.0000 -124.0000
vt 1.0000 -124.0000
vt 1.0000 -124.3333
vt 0.0000 -124.3333
vt 0.0000 -124.3333
vt 1.0000 -124.3333
vt 1.0000 -124.6667
vt 0.0000 -124.6667
vt 0.0000 -124.6667
vt 1.0000 -124.6667
vt 1.0000 -125.0000
vt 0.0000 -125.0000
vt 0.0000 -125.0000
vt 1.0000 -125.0000
vt 1.0000 -125.3333
vt 0.0000 -125.3333
vt 0.0000 -125.3333
vt 1.0000 -125.3333
vt 1.0000 -125.6667
vt 0.0000 -125.6667
vt 0.0000 -125.6667
vt 1.0000 -125.6667
vt 1.0000 -126.0000
vt 0.0000 -126.0000
vt 0.0000 -126.0000
vt 1.0000 -126.0000
vt 1.0000 -126.3333
vt 0.0000 -126.3333
vt 0.0000 -126.3333
vt 1.0000 -126.3333
vt 1.0000 -126.6667
vt 0.0000 -126.6667
vt 0.0000 -126.6667
vt 1.0000 -126.6667
vt 1.0000 -127.0000
vt 0.0000 -127.0000
vt 0.0000 -127.0000
vt 1.0000 -127.0000
vt 1.0000 -127.3333
vt 0.0000 -127.3333
vt 0.0000 -127.3333
vt 1.0000 -127.3333
vt 1.0000 -127.6667
vt 0.0000 -127.6667
vt 0.0000 -127.6667
vt 1.0000 -127.6667
vt 1.0000 -128.0000
vt 0.0000 -128.0000
vt 0.0000 -128.0000
vt 1.0000 -128.0000
vt 1.0000 -128.3333
vt 0.0000 -128.3333
vt 0.0000 -128.3333
vt 1.0000 -128.3333
vt 1.0000 -128.6667
vt 0.0000 -128.6667
vt 0.0000 -128.6667
vt 1.0000 -128.6667
vt 1.0000 -129.0000
vt 0.0000 -129.0000
vt 0.0000 -129.0000
vt 1.0000 -129.0000
vt 1.0000 -129.3333
vt 0.0000 -129.3333
vt 0.0000 -129.3333
vt 1.0000 -129.3333
vt 1.0000 -129.6667
vt 0.0000 -129.6667
vt 0.0000 -129.6667
vt 1.0000 -129.6667
vt 1.0000 -130.0000
vt 0.0000 -130.0000
vt 0.0000 -130.0000
vt 1.0000 -130.0000
vt 1.0000 -130.3333
vt 0.0000 -130.3333
vt 0.0000 -130.3333
vt 1.0000 -130.3333
vt 1.0000 -130.6667
vt 0.0000 -130.6667
vt 0.0000 -130.6667
vt 1.0000 -130.6667
vt 1.0000 -131.0000
vt 0.0000 -131.0000
vt 0.0000 -131.0000
vt 1.0000 -131.0000
vt 1.0000 -131.3333
vt 0.0000 -131.3333
vt 0.0000 -131.3333
vt 1.0000 -131.3333
vt 1.0000 -131.6667
vt 0.0000 -131.6667
vt 0.0000 -131.6667
vt 1.0000 -131.6667
vt 1.0000 -132.0000
vt 0.0000 -132.0000
vt 0.0000 -132.0000
vt 1.0000 -132.0000
vt 1.0000 -132.3333
vt 0.0000 -132.3333
vt 0.0000 -132.3333
vt 1.0000 -132.3333
vt 1.0000 -132.6667
vt 0.0000 -132.6667
vt 0.0000 -132.6667
vt 1.0000 -132.6667
vt 1.0000 -133.0000
vt 0.0000 -133.0000
vt 0.0000 -133.0000
vt 1.0000 -133.0000
vt 1.0000 -133.3333
vt 0.0000 -133.3333
vt 0.0000 -133.3333
vt 1.0000 -133.3333
vt 1.0000 -133.6667
vt 0.0000 -133.6667
vt 0.0000 -133.6667
vt 1.0000 -133.6667
vt 1.0000 -134.0000
vt 0.0000 -134.0000
vt 0.0000 -134.0000
vt 1.0000 -134.0000
vt 1.0000 -134.3333
vt 0.0000 -134.3333
vt 0.0000 -134.3333
vt 1.0000 -134.3333
vt 1.0000 -134.6667
vt 0.0000 -134.6667
vt 0.0000 -134.6667
vt 1.0000 -134.6667
vt 1.0000 -135.0000
vt 0.0000 -135.0000
vt 0.0000 -135.0000
vt 1.0000 -135.0000
vt 1.0000 -135.3333
vt 0.0000 -135.3333
vt 0.0000 -135.3333
vt 1.0000 -135.3333
vt 1.0000 -135.6667
vt 0.0000 -135.6667
vt 0.0000 -135.6667
vt 1.0000 -135.6667
vt 1.0000 -136.0000
vt 0.0000 -136.0000
vt 0.0000 -136.0000
vt 1.0000 -136.0000
vt 1.0000 -136.3333
vt 0.0000 -136.3333
vt 0.0000 -136.3333
vt 1.0000 -136.3333
vt 1.0000 -136.6667
vt 0.0000 -136.6667
vt 0.0000 -136.6667
vt 1.0000 -136.6667
vt 1.0000 -137.0000
vt 0.0000 -137.0000
vt 0.0000 -137.0000
vt 1.0000 -137.0000
vt 1.0000 -137.3333
vt 0.0000 -137.3333
vt 0.0000 -137.3333
vt 1.0000 -137.3333
vt 1.0000 -137.6667
vt 0.0000 -137.6667
vt 0.0000 -137.6667
vt 1.0000 -137.6667
vt 1.0000 -138.0000
vt 0.0000 -138.0000
vt 0.0000 -138.0000
vt 1.0000 -138.0000
vt 1.0000 -138.3333
vt 0.0000 -138.3333
vt 0.0000 -138.3333
vt 1.0000 -138.3333
vt 1.0000 -138.6667
vt 0.0000 -138.6667
vt 0.0000 -138.6667
vt 1.0000 -138.6667
vt 1.0000 -139.0000
vt 0.0000 -139.0000
vt 0.0000 -139.0000
vt 1.0000 -139.0000
vt 1.0000 -139.3333
vt 0.0000 -139.3333
vt 0.0000 -139.3333
vt 1.0000 -139.3333
vt 1.0000 -139.6667
vt 0.0000 -139.6667
vt 0.0000 -139.6667
vt 1.0000 -139.6667
vt 1.0000 -140.0000
vt 0.0000 -140.0000
vt 0.0000 -140.0000
vt 1.0000 -140.0000
vt 1.0000 -140.3333
vt 0.0000 -140.3333
vt 0.0000 -140.3333
vt 1.0000 -140.3333
vt 1.0000 -140.6667
vt 0.0000 -140.6667
vt 0.0000 -140.6667
vt 1.0000 -140.6667
vt 1.0000 -141.0000
vt 0.0000 -141.0000
vt 0.0000 -141.0000
vt 1.0000 -141.0000
vt 1.0000 -141.3333
vt 0.0000 -141.3333
vt 0.0000 -141.3333
vt 1.0000 -141.3333
vt 1.0000 -141.6667
vt 0.0000 -141.6667
vt 0.0000 -141.6667
vt 1.0000 -141.6667
vt 1.0000 -142.0000
vt 0.0000 -142.0000
vt 0.0000 -142.0000
vt 1.0000 -142.0000
vt 1.0000 -142.3333
vt 0.0000 -142.3333
vt 0.0000 -142.3333
vt 1.0000 -142.3333
vt 1.0000 -142.6667
vt 0.0000 -142.6667
vt 0.0000 -142.6667
vt 1.0000 -142.6667
vt 1.0000 -143.0000
vt 0.0000 -143.0000
vt 0.0000 -143.0000
vt 1.0000 -143.0000
vt 1.0000 -143.3333
vt 0.0000 -143.3333
vt 0.0000 -143.3333
vt 1.0000 -143.3333
vt 1.0000 -143.6667
vt 0.0000 -143.6667
vt 0.0000 -143.6667
vt 1.0000 -143.6667
vt 1.0000 -144.0000
vt 0.0000 -144.0000
vt 0.0000 -144.0000
vt 1.0000 -144.0000
vt 1.0000 -144.3333
vt 0.0000 -144.3333
vt 0.0000 -144.3333
vt 1.0000 -144.3333
vt 1.0000 -144.6667
vt 0.0000 -144.6667
vt 0.0000 -144.6667
vt 1.0000 -144.6667
vt 1.0000 -145.0000
vt 0.0000 -145.0000
vt 0.0000 -145.0000
vt 1.0000 -145.0000
vt 1.0000 -145.3333
vt 0.0000 -145.3333
vt 0.0000 -145.3333
vt 1.0000 -145.3333
vt 1.0000 -145.6667
vt 0.0000 -145.6667
vt 0.0000 -145.6667
vt 1.0000 -145.6667
vt 1.0000 -146.0000
vt 0.0000 -146.0000
vt 0.0000 -146.0000
vt 1.0000 -146.0000
vt 1.0000 -146.3333
vt 0.0000 -146.3333
vt 0.0000 -146.3333
vt 1.0000 -146.3333
vt 1.0000 -146.6667
vt 0.0000 -146.6667
vt 0.0000 -146.6667
vt 1.0000 -146.6667
vt 1.0000 -147.0000
vt 0.0000 -147.0000
vt 0.0000 -147.0000
vt 1.0000 -147.0000
vt 1.0000 -147.3333
vt 0.0000 -147.3333
vt 0.0000 -147.3333
vt 1.0000 -147.3333
vt 1.0000 -147.6667
vt 0.0000 -147.6667
vt 0.0000 -147.6667
vt 1.0000 -147.6667
vt 1.0000 -148.0000
vt 0.0000 -148.0000
vt 0.0000 -148.0000
vt 1.0000 -148.0000
vt 1.0000 -148.3333
vt 0.0000 -148.3333
vt 0.0000 -148.3333
vt 1.0000 -148.3333
vt 1.0000 -148.6667
vt 0.0000 -148.6667
vt 0.0000 -148.6667
vt 1.0000 -148.6667
vt 1.0000 -149.0000
vt 0.0000 -149.0000
vt 0.0000 -149.0000
vt 1.0000 -149.0000
vt 1.0000 -149.3333
vt 0.0000 -149.3333
vt 0.0000 -149.3333
vt 1.0000 -149.3333
vt 1.0000 -149.6667
vt 0.0000 -149.6667
vt 0.0000 -149.6667
vt 1.0000 -149.6667
vt 1.0000 -150.0000
vt 0.0000 -150.0000
vt 0.0000 -150.0000
vt 1.0000 -150.0000
vt 1.0000 -150.3333
vt 0.0000 -150.3333
vt 0.0000 -150.3333
vt 1.0000 -150.3333
vt 1.0000 -150.6667
vt 0.0000 -150.6667
vt 0.0000 -150.6667
vt 1.0000 -150.6667
vt 1.0000 -151.0000
vt 0.0000 -151.0000
vt 0.0000 -151.0000
vt 1.0000 -151.0000
vt 1.0000 -151.3333
vt 0.0000 -151.3333
vt 0.0000 -151.3333
vt 1.0000 -151.3333
vt 1.0000 -151.6667
vt 0.0000 -151.6667
vt 0.0000 -151.6667
vt 1.0000 -151.6667
vt 1.0000 -152.0000
vt 0.0000 -152.0000
vt 0.0000 -152.0000
vt 1.0000 -152.0000
vt 1.0000 -152.3333
vt 0.0000 -152.3333
vt 0.0000 -152.3333
vt 1.0000 -152.3333
vt 1.0000 -152.6667
vt 0.0000 -152.6667
vt 0.0000 -152.6667
vt 1.0000 -152.6667
vt 1.0000 -153.0000
vt 0.0000 -153.0000
vt 0.0000 -153.0000
vt 1.0000 -153.0000
vt 1.0000 -153.3333
vt 0.0000 -153.3333
vt 0.0000 -153.3333
vt 1.0000 -153.3333
vt 1.0000 -153.6667
vt 0.0000 -153.6667
vt 0.0000 -153.6667
vt 1.0000 -153.6667
vt 1.0000 -154.0000
vt 0.0000 -154.0000
vt 0.0000 -154.0000
vt 1.0000 -154.0000
vt 1.0000 -154.3333
vt 0.0000 -154.3333
vt 0.0000 -154.3333
vt 1.0000 -154.3333
vt 1.0000 -154.6667
vt 0.0000 -154.6667
vt 0.0000 -154.6667
vt 1.0000 -154.6667
vt 1.0000 -155.0000
vt 0.0000 -155.0000
vt 0.0000 -155.0000
vt 1.0000 -155.0000
vt 1.0000 -155.3333
vt 0.0000 -155.3333
vt 0.0000 -155.3333
vt 1.0000 -155.3333
vt 1.0000 -155.6667
vt 0.0000 -155.6667
vt 0.0000 -155.6667
vt 1.0000 -155.6667
vt 1.0000 -156.0000
vt 0.0000 -156.0000
vt 0.0000 -156.0000
vt 1.0000 -156.0000
vt 1.0000 -156.3333
vt 0.0000 -156.3333
vt 0.0000 -156.3333
vt 1.0000 -156.3333
vt 1.0000 -156.6667
vt 0.0000 -156.6667
vt 0.0000 -156.6667
vt 1.0000 -156.6667
vt 1.0000 -157.0000
vt 0.0000 -157.0000
vt 0.0000 -157.0000
vt 1.0000 -157.0000
vt 1.0000 -157.3333
vt 0.0000 -157.3333
vt 0.0000 -157.3333
vt 1.0000 -157.3333
vt 1.0000 -157.6667
vt 0.0000 -157.6667
vt 0.0000 -157.6667
vt 1.0000 -157.6667
vt 1.0000 -158.0000
vt 0.0000 -158.0000
vt 0.0000 -158.0000
vt 1.0000 -158.0000
vt 1.0000 -158.3333
vt 0.0000 -158.3333
vt 0.0000 -158.3333
vt 1.0000 -158.3333
vt 1.0000 -158.6667
vt 0.0000 -158.6667
vt 0.0000 -158.6667
vt 1.0000 -158.6667
vt 1.0000 -159.0000
vt 0.0000 -159.0000
vt 0.0000 -159.0000
vt 1.0000 -159.0000
vt 1.0000 -159.3333
vt 0.0000 -159.3333
vt 0.0000 -159.3333
vt 1.0000 -159.3333
vt 1.0000 -159.6667
vt 0.0000 -159.6667
vt 0.0000 -159.6667
vt 1.0000 -159.6667
vt 1.0000 -160.0000
vt 0.0000 -160.0000
vt 0.0000 -160.0000
vt 1.0000 -160.0000
vt 1.0000 -160.3333
vt 0.0000 -160.3333
vt 0.0000 -160.3333
vt 1.0000 -160.3333
vt 1.0000 -160.6667
vt 0.0000 -160.6667
vt 0.0000 -160.6667
vt 1.0000 -160.6667
vt 1.0000 -161.0000
vt 0.0000 -161.0000
vt 0.0000 -161.0000
vt 1.0000 -161.0000
vt 1.0000 -161.3333
vt 0.0000 -161.3333
vt 0.0000 -161.3333
vt 1.0000 -161.3333
vt 1.0000 -161.6667
vt 0.0000 -161.6667
vt 0.0000 -161.6667
vt 1.0000 -161.6667
vt 1.0000 -162.0000
vt 0.0000 -162.0000
vt 0.0000 -162.0000
vt 1.0000 -162.0000
vt 1.0000 -162.3333
vt 0.0000 -162.3333
vt 0.0000 -162.3333
vt 1.0000 -162.3333
vt 1.0000 -162.6667
vt 0.0000 -162.6667
vt 0.0000 -162.6667
vt 1.0000 -162.6667
vt 1.0000 -163.0000
vt 0.0000 -163.0000
vt 0.0000 -163.0000
vt 1.0000 -163.0000
vt 1.0000 -163.3333
vt 0.0000 -163.3333
vt 0.0000 -163.3333
vt 1.0000 -163.3333
vt 1.0000 -163.6667
vt 0.0000 -163.6667
vt 0.0000 -163.6667
vt 1.0000 -163.6667
vt 1.0000 -164.0000
vt 0.0000 -164.0000
vt 0.0000 -164.0000
vt 1.0000 -164.0000
vt 1.0000 -164.3333
vt 0.0000 -164.3333
vt 0.0000 -164.3333
vt 1.0000 -164.3333
vt 1.0000 -164.6667
vt 0.0000 -164.6667
vt 0.0000 -164.6667
vt 1.0000 -164.6667
vt 1.0000 -165.0000
vt 0.0000 -165.0000
vt 0.0000 -165.0000
vt 1.0000 -165.0000
vt 1.0000 -165.3333
vt 0.0000 -165.3333
vt 0.0000 -165.3333
vt 1.0000 -165.3333
vt 1.0000 -165.6667
vt 0.0000 -165.6667
vt 0.0000 -165.6667
vt 1.0000 -165.6667
vt 1.0000 -166.0000
vt 0.0000 -166.0000
vt 0.0000 -166.0000
vt 1.0000 -166.0000
vt 1.0000 -166.3333
vt 0.0000 -166.3333
vt 0.0000 -166.3333
vt 1.0000 -166.3333
vt 1.0000 -166.6667
vt 0.0000 -166.6667
vt 0.0000 -166.6667
vt 1.0000 -166.6667
vt 1.0000 -167.0000
vt 0.0000 -167.0000
vt 0.0000 -167.0000
vt 1.0000 -167.0000
vt 1.0000 -167.3333
vt 0.0000 -167.3333
vt 0.0000 -167.3333
vt 1.0000 -167.3333
vt 1.0000 -167.6667
vt 0.0000 -167.6667
vt 0.0000 -167.6667
vt 1.0000 -167.6667
vt 1.0000 -168.0000
vt 0.0000 -168.0000
vt 0.0000 -168.0000
vt 1.0000 -168.0000
vt 1.0000 -168.3333
vt 0.0000 -168.3333
vt 0.0000 -168.3333
vt 1.0000 -168.3333
vt 1.0000 -168.6667
vt 0.0000 -168.6667
vt 0.0000 -168.6667
vt 1.0000 -168.6667
vt 1.0000 -169.0000
vt 0.0000 -169.0000
vt 0.0000 -169.0000
vt 1.0000 -169.0000
vt 1.0000 -169.3333
vt 0.0000 -169.3333
vt 0.0000 -169.3333
vt 1.0000 -169.3333
vt 1.0000 -169.6667
vt 0.0000 -169.6667
vt 0.0000 -169.6667
vt 1.0000 -169.6667
vt 1.0000 -170.0000
vt 0.0000 -170.0000
vt 0.0000 -170.0000
vt 1.0000 -170.0000
vt 1.0000 -170.3333
vt 0.0000 -170.3333
vt 0.0000 -170.3333
vt 1.0000 -170.3333
vt 1.0000 -170.6667
vt 0.0000 -170.6667
vt 0.0000 -170.6667
vt 1.0000 -170.6667
vt 1.0000 -171.0000
vt 0.0000 -171.0000
vt 0.0000 -171.0000
vt 1.0000 -171.0000
vt 1.0000 -171.3333
vt 0.0000 -171.3333
vt 0.0000 -171.3333
vt 1.0000 -171.3333
vt 1.0000 -171.6667
vt 0.0000 -171.6667
vt 0.0000 -171.6667
vt 1.0000 -171.6667
vt 1.0000 -172.0000
vt 0.0000 -172.0000
vt 0.0000 -172.0000
vt 1.0000 -172.0000
vt 1.0000 -172.3333
vt 0.0000 -172.3333
vt 0.0000 -172.3333
vt 1.0000 -172.3333
vt 1.0000 -172.6667
vt 0.0000 -172.6667
vt 0.0000 -172.6667
vt 1.0000 -172.6667
vt 1.0000 -173.0000
vt 0.0000 -173.0000
vt 0.0000 -173.0000
vt 1.0000 -173.0000
vt 1.0000 -173.3333
vt 0.0000 -173.3333
vt 0.0000 -173.3333
vt 1.0000 -173.3333
vt 1.0000 -173.6667
vt 0.0000 -173.6667
vt 0.0000 -173.6667
vt 1.0000 -173.6667
vt 1.0000 -174.0000
vt 0.0000 -174.0000
vt 0.0000 -174.0000
vt 1.0000 -174.0000
vt 1.0000 -174.3333
vt 0.0000 -174.3333
vt 0.0000 -174.3333
vt 1.0000 -174.3333
vt 1.0000 -174.6667
vt 0.0000 -174.6667
vt 0.0000 -174.6667
vt 1.0000 -174.6667
vt 1.0000 -175.0000
vt 0.0000 -175.0000
vt 0.0000 -175.0000
vt 1.0000 -175.0000
vt 1.0000 -175.3333
vt 0.0000 -175.3333
vt 0.0000 -175.3333
vt 1.0000 -175.3333
vt 1.0000 -175.6667
vt 0.0000 -175.6667
vt 0.0000 -175.6667
vt 1.0000 -175.6667
vt 1.0000 -176.0000
vt 0.0000 -176.0000
vt 0.0000 -176.0000
vt 1.0000 -176.0000
vt 1.0000 -176.3333
vt 0.0000 -176.3333
vt 0.0000 -176.3333
vt 1.0000 -176.3333
vt 1.0000 -176.6667
vt 0.0000 -176.6667
vt 0.0000 -176.6667
vt 1.0000 -176.6667
vt 1.0000 -177.0000
vt 0.0000 -177.0000
vt 0.0000 -177.0000
vt 1.0000 -177.0000
vt 1.0000 -177.3333
vt 0.0000 -177.3333
vt 0.0000 -177.3333
vt 1.0000 -177.3333
vt 1.0000 -177.6667
vt 0.0000 -177.6667
vt 0.0000 -177.6667
vt 1.0000 -177.6667
vt 1.0000 -178.0000
vt 0.0000 -178.0000
vt 0.0000 -178.0000
vt 1.0000 -178.0000
vt 1.0000 -178.3333
vt 0.0000 -178.3333
vt 0.0000 -178.3333
vt 1.0000 -178.3333
vt 1.0000 -178.6667
vt 0.0000 -178.6667
vt 0.0000 -178.6667
vt 1.0000 -178.6667
vt 1.0000 -179.0000
vt 0.0000 -179.0000
vt 0.0000 -179.0000
vt 1.0000 -179.0000
vt 1.0000 -179.3333
vt 0.0000 -179.3333
vt 0.0000 -179.3333
vt 1.0000 -179.3333
vt 1.0000 -179.6667
vt 0.0000 -179.6667
vt 0.0000 -179.6667
vt 1.0000 -179.6667
vt 1.0000 -180.0000
vt 0.0000 -180.0000
vt 0.0000 -180.0000
vt 1.0000 -180.0000
vt 1.0000 -180.3333
vt 0.0000 -180.3333
vt 0.0000 -180.3333
vt 1.0000 -180.3333
vt 1.0000 -180.6667
vt 0.0000 -180.6667
vt 0.0000 -180.6667
vt 1.0000 -180.6667
vt 1.0000 -181.0000
vt 0.0000 -181.0000
vt 0.0000 -181.0000
vt 1.0000 -181.0000
vt 1.0000 -181.3333
vt 0.0000 -181.3333
vt 0.0000 -181.3333
vt 1.0000 -181.3333
vt 1.0000 -181.6667
vt 0.0000 -181.6667
vt 0.0000 -181.6667
vt 1.0000 -181.6667
vt 1.0000 -182.0000
vt 0.0000 -182.0000
vt 0.0000 -182.0000
vt 1.0000 -182.0000
vt 1.0000 -182.3333
vt 0.0000 -182.3333
vt 0.0000 -182.3333
vt 1.0000 -182.3333
vt 1.0000 -182.6667
vt 0.0000 -182.6667
vt 0.0000 -182.6667
vt 1.0000 -182.6667
vt 1.0000 -183.0000
vt 0.0000 -183.0000
vt 0.0000 -183.0000
vt 1.0000 -183.0000
vt 1.0000 -183.3333
vt 0.0000 -183.3333
vt 0.0000 -183.3333
vt 1.0000 -183.3333
vt 1.0000 -183.6667
vt 0.0000 -183.6667
vt 0.0000 -183.6667
vt 1.0000 -183.6667
vt 1.0000 -184.0000
vt 0.0000 -184.0000
vt 0.0000 -184.0000
vt 1.0000 -184.0000
vt 1.0000 -184.3333
vt 0.0000 -184.3333
vt 0.0000 -184.3333
vt 1.0000 -184.3333
vt 1.0000 -184.6667
vt 0.0000 -184.6667
vt 0.0000 -184.6667
vt 1.0000 -184.6667
vt 1.0000 -185.0000
vt 0.0000 -185.0000
vt 0.0000 -185.0000
vt 1.0000 -185.0000
vt 1.0000 -185.3333
vt 0.0000 -185.3333
vt 0.0000 -185.3333
vt 1.0000 -185.3333
vt 1.0000 -185.6667
vt 0.0000 -185.6667
vt 0.0000 -185.6667
vt 1.0000 -185.6667
vt 1.0000 -186.0000
vt 0.0000 -186.0000
vt 0.0000 -186.0000
vt 1.0000 -186.0000
vt 1.0000 -186.3333
vt 0.0000 -186.3333
vt 0.0000 -186.3333
vt 1.0000 -186.3333
vt 1.0000 -186.6667
vt 0.0000 -186.6667
vt 0.0000 -186.6667
vt 1.0000 -186.6667
vt 1.0000 -187.0000
vt 0.0000 -187.0000
vt 0.0000 -187.0000
vt 1.0000 -187.0000
vt 1.0000 -187.3333
vt 0.0000 -187.3333
vt 0.0000 -187.3333
vt 1.0000 -187.3333
vt 1.0000 -187.6667
vt 0.0000 -187.6667
vt 0.0000 -187.6667
vt 1.0000 -187.6667
vt 1.0000 -188.0000
vt 0.0000 -188.0000
vt 0.0000 -188.0000
vt 1.0000 -188.0000
vt 1.0000 -188.3333
vt 0.0000 -188.3333
vt 0.0000 -188.3333
vt 1.0000 -188.3333
vt 1.0000 -188.6667
vt 0.0000 -188.6667
vt 0.0000 -188.6667
vt 1.0000 -188.6667
vt 1.0000 -189.0000
vt 0.0000 -189.0000
vt 0.0000 -189.0000
vt 1.0000 -189.0000
vt 1.0000 -189.3333
vt 0.0000 -189.3333
vt 0.0000 -189.3333
vt 1.0000 -189.3333
vt 1.0000 -189.6667
vt 0.0000 -189.6667
vt 0.0000 -189.6667
vt 1.0000 -189.6667
vt 1.0000 -190.0000
vt 0.0000 -190.0000
vt 0.0000 -190.0000
vt 1.0000 -190.0000
vt 1.0000 -190.3333
vt 0.0000 -190.3333
vt 0.0000 -190.3333
vt 1.0000 -190.3333
vt 1.0000 -190.6667
vt 0.0000 -190.6667
vt 0.0000 -190.6667
vt 1.0000 -190.6667
vt 1.0000 -191.0000
vt 0.0000 -191.0000
vt 0.0000 -191.0000
vt 1.0000 -191.0000
vt 1.0000 -191.3333
vt 0.0000 -191.3333
vt 0.0000 -191.3333
vt 1.0000 -191.3333
vt 1.0000 -191.6667
vt 0.0000 -191.6667
vt 0.0000 -191.6667
vt 1.0000 -191.6667
vt 1.0000 -192.0000
vt 0.0000 -192.0000
vt 0.0000 -192.0000
vt 1.0000 -192.0000
vt 1.0000 -192.3333
vt 0.0000 -192.3333
vt 0.0000 -192.3333
vt 1.0000 -192.3333
vt 1.0000 -192.6667
vt 0.0000 -192.6667
vt 0.0000 -192.6667
vt 1.0000 -192.6667
vt 1.0000 -193.0000
vt 0.0000 -193.0000
vt 0.0000 -193.0000
vt 1.0000 -193.0000
vt 1.0000 -193.3333
vt 0.0000 -193.3333
vt 0.0000 -193.3333
vt 1.0000 -193.3333
vt 1.0000 -193.6667
vt 0.0000 -193.6667
vt 0.0000 -193.6667
vt 1.0000 -193.6667
vt 1.0000 -194.0000
vt 0.0000 -194.0000
vt 0.0000 -194.0000
vt 1.0000 -194.0000
vt 1.0000 -194.3333
vt 0.0000 -194.3333
vt 0.0000 -194.3333
vt 1.0000 -194.3333
vt 1.0000 -194.6667
vt 0.0000 -194.6667
vt 0.0000 -194.6667
vt 1.0000 -194.6667
vt 1.0000 -195.0000
vt 0.0000 -195.0000
vt 0.0000 -195.0000
vt 1.0000 -195.0000
vt 1.0000 -195.3333
vt 0.0000 -195.3333
vt 0.0000 -195.3333
vt 1.0000 -195.3333
vt 1.0000 -195.6667
vt 0.0000 -195.6667
vt 0.0000 -195.6667
vt 1.0000 -195.6667
vt 1.0000 -196.0000
vt 0.0000 -196.0000
vt 0.0000 -196.0000
vt 1.0000 -196.0000
vt 1.0000 -196.3333
vt 0.0000 -196.3333
vt 0.0000 -196.3333
vt 1.0000 -196.3333
vt 1.0000 -196.6667
vt 0.0000 -196.6667
vt 0.0000 -196.6667
vt 1.0000 -196.6667
vt 1.0000 -197.0000
vt 0.0000 -197.0000
vt 0.0000 -197.0000
vt 1.0000 -197.0000
vt 1.0000 -197.3333
vt 0.0000 -197.3333
vt 0.0000 -197.3333
vt 1.0000 -197.3333
vt 1.0000 -197.6667
vt 0.0000 -197.6667
vt 0.0000 -197.6667
vt 1.0000 -197.6667
vt 1.0000 -198.0000
vt 0.0000 -198.0000
vt 0.0000 -198.0000
vt 1.0000 -198.0000
vt 1.0000 -198.3333
vt 0.0000 -198.3333
vt 0.0000 -198.3333
vt 1.0000 -198.3333
vt 1.0000 -198.6667
vt 0.0000 -198.6667
vt 0.0000 -198.6667
vt 1.0000 -198.6667
vt 1.0000 -199.0000
vt 0.0000 -199.0000
vt 0.0000 -199.0000
vt 1.0000 -199.0000
vt 1.0000 -199.3333
vt 0.0000 -199.3333
vt 0.0000 -199.3333
vt 1.0000 -199.3333
vt 1.0000 -199.6667
vt 0.0000 -199.6667
vt 0.0000 -199.6667
vt 1.0000 -199.6667
vt 1.0000 -200.0000
vt 0.0000 -200.0000
vt 0.0000 -200.0000
vt 1.0000 -200.0000
vt 1.0000 -200.3333
vt 0.0000 -200.3333
vt 0.0000 -200.3333
vt 1.0000 -200.3333
vt 1.0000 -200.6667
vt 0.0000 -200.6667
vt 0.0000 -200.6667
vt 1.0000 -200.6667
vt 1.0000 -201.0000
vt 0.0000 -201.0000
vt 0.0000 -201.0000
vt 1.0000 -201.0000
vt 1.0000 -201.3333
vt 0.0000 -201.3333
vt 0.0000 -201.3333
vt 1.0000 -201.3333
vt 1.0000 -201.6667
vt 0.0000 -201.6667
vt 0.0000 -201.6667
vt 1.0000 -201.6667
vt 1.0000 -202.0000
vt 0.0000 -202.0000
vt 0.0000 -202.0000
vt 1.0000 -202.0000
vt 1.0000 -202.3333
vt 0.0000 -202.3333
vt 0.0000 -202.3333
vt 1.0000 -202.3333
vt 1.0000 -202.6667
vt 0.0000 -202.6667
vt 0.0000 -202.6667
vt 1.0000 -202.6667
vt 1.0000 -203.0000
vt 0.0000 -203.0000
vt 0.0000 -203.0000
vt 1.0000 -203.0000
vt 1.0000 -203.3333
vt 0.0000 -203.3333
vt 0.0000 -203.3333
vt 1.0000 -203.3333
vt 1.0000 -203.6667
vt 0.0000 -203.6667
vt 0.0000 -203.6667
vt 1.0000 -203.6667
vt 1.0000 -204.0000
vt 0.0000 -204.0000
vt 0.0000 -204.0000
vt 1.0000 -204.0000
vt 1.0000 -204.3333
vt 0.0000 -204.3333
vt 0.0000 -204.3333
vt 1.0000 -204.3333
vt 1.0000 -204.6667
vt 0.0000 -204.6667
vt 0.0000 -204.6667
vt 1.0000 -204.6667
vt 1.0000 -205.0000
vt 0.0000 -205.0000
vt 0.0000 -205.0000
vt 1.0000 -205.0000
vt 1.0000 -205.3333
vt 0.0000 -205.3333
vt 0.0000 -205.3333
vt 1.0000 -205.3333
vt 1.0000 -205.6667
vt 0.0000 -205.6667
vt 0.0000 -205.6667
vt 1.0000 -205.6667
vt 1.0000 -206.0000
vt 0.0000 -206.0000
vt 0.0000 -206.0000
vt 1.0000 -206.0000
vt 1.0000 -206.3333
vt 0.0000 -206.3333
vt 0.0000 -206.3333
vt 1.0000 -206.3333
vt 1.0000 -206.6667
vt 0.0000 -206.6667
vt 0.0000 -206.6667
vt 1.0000 -206.6667
vt 1.0000 -207.0000
vt 0.0000 -207.0000
vt 0.0000 -207.0000
vt 1.0000 -207.0000
vt 1.0000 -207.3333
vt 0.0000 -207.3333
vt 0.0000 -207.3333
vt 1.0000 -207.3333
vt 1.0000 -207.6667
vt 0.0000 -207.6667
vt 0.0000 -207.6667
vt 1.0000 -207.6667
vt 1.0000 -208.0000
vt 0.0000 -208.0000
vt 0.0000 -208.0000
vt 1.0000 -208.0000
vt 1.0000 -208.3333
vt 0.0000 -208.3333
vt 0.0000 -208.3333
vt 1.0000 -208.3333
vt 1.0000 -208.6667
vt 0.0000 -208.6667
vt 0.0000 -208.6667
vt 1.0000 -208.6667
vt 1.0000 -209.0000
vt 0.0000 -209.0000
vt 0.0000 -209.0000
vt 1.0000 -209.0000
vt 1.0000 -209.3333
vt 0.0000 -209.3333
vt 0.0000 -209.3333
vt 1.0000 -209.3333
vt 1.0000 -209.6667
vt 0.0000 -209.6667
vt 0.0000 -209.6667
vt 1.0000 -209.6667
vt 1.0000 -210.0000
vt 0.0000 -210.0000
vt 0.0000 -210.0000
vt 1.0000 -210.0000
vt 1.0000 -210.3333
vt 0.0000 -210.3333
vt 0.0000 -210.3333
vt 1.0000 -210.3333
vt 1.0000 -210.6667
vt 0.0000 -210.6667
vt 0.0000 -210.6667
vt 1.0000 -210.6667
vt 1.0000 -211.0000
vt 0.0000 -211.0000
vt 0.0000 -211.0000
vt 1.0000 -211.0000
vt 1.0000 -211.3333
vt 0.0000 -211.3333
vt 0.0000 -211.3333
vt 1.0000 -211.3333
vt 1.0000 -211.6667
vt 0.0000 -211.6667
vt 0.0000 -211.6667
vt 1.0000 -211.6667
vt 1.0000 -212.0000
vt 0.0000 -212.0000
vt 0.0000 -212.0000
vt 1.0000 -212.0000
vt 1.0000 -212.3333
vt 0.0000 -212.3333
vt 0.0000 -212.3333
vt 1.0000 -212.3333
vt 1.0000 -212.6667
vt 0.0000 -212.6667
vt 0.0000 -212.6667
vt 1.0000 -212.6667
vt 1.0000 -213.0000
vt 0.0000 -213.0000
vt 0.0000 -213.0000
vt 1.0000 -213.0000
vt 1.0000 -213.3333
vt 0.0000 -213.3333
vt 0.0000 -213.3333
vt 1.0000 -213.3333
vt 1.0000 -213.6667
vt 0.0000 -213.6667
vt 0.0000 -213.6667
vt 1.0000 -213.6667
vt 1.0000 -214.0000
vt 0.0000 -214.0000
vt 0.0000 -214.0000
vt 1.0000 -214.0000
vt 1.0000 -214.3333
vt 0.0000 -214.3333
vt 0.0000 -214.3333
vt 1.0000 -214.3333
vt 1.0000 -214.6667
vt 0.0000 -214.6667
vt 0.0000 -214.6667
vt 1.0000 -214.6667
vt 1.0000 -215.0000
vt 0.0000 -215.0000
vt 0.0000 -215.0000
vt 1.0000 -215.0000
vt 1.0000 -215.3333
vt 0.0000 -215.3333
vt 0.0000 -215.3333
vt 1.0000 -215.3333
vt 1.0000 -215.6667
vt 0.0000 -215.6667
vt 0.0000 -215.6667
vt 1.0000 -215.6667
vt 1.0000 -216.0000
vt 0.0000 -216.0000
vt 0.0000 -216.0000
vt 1.0000 -216.0000
vt 1.0000 -216.3333
vt 0.0000 -216.3333
vt 0.0000 -216.3333
vt 1.0000 -216.3333
vt 1.0000 -216.6667
vt 0.0000 -216.6667
vt 0.0000 -216.6667
vt 1.0000 -216.6667
vt 1.0000 -217.0000
vt 0.0000 -217.0000
vt 0.0000 -217.0000
vt 1.0000 -217.0000
vt 1.0000 -217.3333
vt 0.0000 -217.3333
vt 0.0000 -217.3333
vt 1.0000 -217.3333
vt 1.0000 -217.6667
vt 0.0000 -217.6667
vt 0.0000 -217.6667
vt 1.0000 -217.6667
vt 1.0000 -218.0000
vt 0.0000 -218.0000
vt 0.0000 -218.0000
vt 1.0000 -218.0000
vt 1.0000 -218.3333
vt 0.0000 -218.3333
vt 0.0000 -218.3333
vt 1.0000 -218.3333
vt 1.0000 -218.6667
vt 0.0000 -218.6667
vt 0.0000 -218.6667
vt 1.0000 -218.6667
vt 1.0000 -219.0000
vt 0.0000 -219.0000
vt 0.0000 -219.0000
vt 1.0000 -219.0000
vt 1.0000 -219.3333
vt 0.0000 -219.3333
vt 0.0000 -219.3333
vt 1.0000 -219.3333
vt 1.0000 -219.6667
vt 0.0000 -219.6667
vt 0.0000 -219.6667
vt 1.0000 -219.6667
vt 1.0000 -220.0000
vt 0.0000 -220.0000
vt 0.0000 -220.0000
vt 1.0000 -220.0000
vt 1.0000 -220.3333
vt 0.0000 -220.3333
vt 0.0000 -220.3333
vt 1.0000 -220.3333
vt 1.0000 -220.6667
vt 0.0000 -220.6667
vt 0.0000 -220.6667
vt 1.0000 -220.6667
vt 1.0000 -221.0000
vt 0.0000 -221.0000
vt 0.0000 -221.0000
vt 1.0000 -221.0000
vt 1.0000 -221.3333
vt 0.0000 -221.3333
vt 0.0000 -221.3333
vt 1.0000 -221.3333
vt 1.0000 -221.6667
vt 0.0000 -221.6667
vt 0.0000 -221.6667
vt 1.0000 -221.6667
vt 1.0000 -222.0000
vt 0.0000 -222.0000
vt 0.0000 -222.0000
vt 1.0000 -222.0000
vt 1.0000 -222.3333
vt 0.0000 -222.3333
vt 0.0000 -222.3333
vt 1.0000 -222.3333
vt 1.0000 -222.6667
vt 0.0000 -222.6667
vt 0.0000 -222.6667
vt 1.0000 -222.6667
vt 1.0000 -223.0000
vt 0.0000 -223.0000
vt 0.0000 -223.0000
vt 1.0000 -223.0000
vt 1.0000 -223.3333
vt 0.0000 -223.3333
vt 0.0000 -223.3333
vt 1.0000 -223.3333
vt 1.0000 -223.6667
vt 0.0000 -223.6667
vt 0.0000 -223.6667
vt 1.0000 -223.6667
vt 1.0000 -224.0000
vt 0.0000 -224.0000
vt 0.0000 -224.0000
vt 1.0000 -224.0000
vt 1.0000 -224.3333
vt 0.0000 -224.3333
vt 0.0000 -224.3333
vt 1.0000 -224.3333
vt 1.0000 -224.6667
vt 0.0000 -224.6667
vt 0.0000 -224.6667
vt 1.0000 -224.6667
vt 1.0000 -225.0000
vt 0.0000 -225.0000
vt 0.0000 -225.0000
vt 1.0000 -225.0000
vt 1.0000 -225.3333
vt 0.0000 -225.3333
vt 0.0000 -225.3333
vt 1.0000 -225.3333
vt 1.0000 -225.6667
vt 0.0000 -225.6667
vt 0.0000 -225.6667
vt 1.0000 -225.6667
vt 1.0000 -226.0000
vt 0.0000 -226.0000
vt 0.0000 -226.0000
vt 1.0000 -226.0000
vt 1.0000 -226.3333
vt 0.0000 -226.3333
vt 0.0000 -226.3333
vt 1.0000 -226.3333
vt 1.0000 -226.6667
vt 0.0000 -226.6667
vt 0.0000 -226.6667
vt 1.0000 -226.6667
vt 1.0000 -227.0000
vt 0.0000 -227.0000
vt 0.0000 -227.0000
vt 1.0000 -227.0000
vt 1.0000 -227.3333
vt 0.0000 -227.3333
vt 0.0000 -227.3333
vt 1.0000 -227.3333
vt 1.0000 -227.6667
vt 0.0000 -227.6667
vt 0.0000 -227.6667
vt 1.0000 -227.6667
vt 1.0000 -228.0000
vt 0.0000 -228.0000
vt 0.0000 -228.0000
vt 1.0000 -228.0000
vt 1.0000 -228.3333
vt 0.0000 -228.3333
vt 0.0000 -228.3333
vt 1.0000 -228.3333
vt 1.0000 -228.6667
vt 0.0000 -228.6667
vt 0.0000 -228.6667
vt 1.0000 -228.6667
vt 1.0000 -229.0000
vt 0.0000 -229.0000
vt 0.0000 -229.0000
vt 1.0000 -229.0000
vt 1.0000 -229.3333
vt 0.0000 -229.3333
vt 0.0000 -229.3333
vt 1.0000 -229.3333
vt 1.0000 -229.6667
vt 0.0000 -229.6667
vt 0.0000 -229.6667
vt 1.0000 -229.6667
vt 1.0000 -230.0000
vt 0.0000 -230.0000
vt 0.0000 -230.0000
vt 1.0000 -230.0000
vt 1.0000 -230.3333
vt 0.0000 -230.3333
vt 0.0000 -230.3333
vt 1.0000 -230.3333
vt 1.0000 -230.6667
vt 0.0000 -230.6667
vt 0.0000 -230.6667
vt 1.0000 -230.6667
vt 1.0000 -231.0000
vt 0.0000 -231.0000
vt 0.0000 -231.0000
vt 1.0000 -231.0000
vt 1.0000 -231.3333
vt 0.0000 -231.3333
vt 0.0000 -231.3333
vt 1.0000 -231.3333
vt 1.0000 -231.6667
vt 0.0000 -231.6667
vt 0.0000 -231.6667
vt 1.0000 -231.6667
vt 1.0000 -232.0000
vt 0.0000 -232.0000
vt 0.0000 -232.0000
vt 1.0000 -232.0000
vt 1.0000 -232.3333
vt 0.0000 -232.3333
vt 0.0000 -232.3333
vt 1.0000 -232.3333
vt 1.0000 -232.6667
vt 0.0000 -232.6667
vt 0.0000 -232.6667
vt 1.0000 -232.6667
vt 1.0000 -233.0000
vt 0.0000 -233.0000
vt 0.0000 -233.0000
vt 1.0000 -233.0000
vt 1.0000 -233.3333
vt 0.0000 -233.3333
vt 0.0000 -233.3333
vt 1.0000 -233.3333
vt 1.0000 -233.6667
vt 0.0000 -233.6667
vt 0.0000 -233.6667
vt 1.0000 -233.6667
vt 1.0000 -234.0000
vt 0.0000 -234.0000
vt 0.0000 -234.0000
vt 1.0000 -234.0000
vt 1.0000 -234.3333
vt 0.0000 -234.3333
vt 0.0000 -234.3333
vt 1.0000 -234.3333
vt 1.0000 -234.6667
vt 0.0000 -234.6667
vt 0.0000 -234.6667
vt 1.0000 -234.6667
vt 1.0000 -235.0000
vt 0.0000 -235.0000
vt 0.0000 -235.0000
vt 1.0000 -235.0000
vt 1.0000 -235.3333
vt 0.0000 -235.3333
vt 0.0000 -235.3333
vt 1.0000 -235.3333
vt 1.0000 -235.6667
vt 0.0000 -235.6667
vt 0.0000 -235.6667
vt 1.0000 -235.6667
vt 1.0000 -236.0000
vt 0.0000 -236.0000
vt 0.0000 -236.0000
vt 1.0000 -236.0000
vt 1.0000 -236.3333
vt 0.0000 -236.3333
vt 0.0000 -236.3333
vt 1.0000 -236.3333
vt 1.0000 -236.6667
vt 0.0000 -236.6667
vt 0.0000 -236.6667
vt 1.0000 -236.6667
vt 1.0000 -237.0000
vt 0.0000 -237.0000
vt 0.0000 -237.0000
vt 1.0000 -237.0000
vt 1.0000 -237.3333
vt 0.0000 -237.3333
vt 0.0000 -237.3333
vt 1.0000 -237.3333
vt 1.0000 -237.6667
vt 0.0000 -237.6667
vt 0.0000 -237.6667
vt 1.0000 -237.6667
vt 1.0000 -238.0000
vt 0.0000 -238.0000
vt 0.0000 -238.0000
vt 1.0000 -238.0000
vt 1.0000 -238.3333
vt 0.0000 -238.3333
vt 0.0000 -238.3333
vt 1.0000 -238.3333
vt 1.0000 -238.6667
vt 0.0000 -238.6667
vt 0.0000 -238.6667
vt 1.0000 -238.6667
vt 1.0000 -239.0000
vt 0.0000 -239.0000
f 1/1 2/2 3/3
f 1/1 3/3 4/4
f 5/5 6/6 7/7
f 5/5 7/7 8/8
f 9/9 10/10 11/11
f 9/9 11/11 12/12
f 13/13 14/14 15/15
f 13/13 15/15 16/16
f 17/17 18/18 19/19
f 17/17 19/19 20/20
f 21/21 22/22 23/23
f 21/21 23/23 24/24
f 25/25 26/26 27/27
f 25/25 27/27 28/28
f 29/29 30/30 31/31
f 29/29 31/31 32/32
f 33/33 34/34 35/35
f 33/33 35/35 36/36
f 37/37 38/38 39/39
f 37/37 39/39 40/40
f 41/41 42/42 43/43
f 41/41 43/43 44/44
f 45/45 46/46 47/47
f 45/45 47/47 48/48
f 49/49 50/50 51/51
f 49/49 51/51 52/52
f 53/53 54/54 55/55
f 53/53 55/55 56/56
f 57/57 58/58 59/59
f 57/57 59/59 60/60
f 61/61 62/62 63/63
f 61/61 63/63 64/64
f 65/65 66/66 67/67
f 65/65 67/67 68/68
f 69/69 70/70 71/71
f 69/69 71/71 72/72
f 73/73 74/74 75/75
f 73/73 75/75 76/76
f 77/77 78/78 79/79
f 77/77 79/79 80/80
f 81/81 82/82 83/83
f 81/81 83/83 84/84
f 85/85 86/86 87/87
f 85/85 87/87 88/88
f 89/89 90/90 91/91
f 89/89 91/91 92/92
f 93/93 94/94 95/95
f 93/93 95/95 96/96
f 97/97 98/98 99/99
f 97/97 99/99 100/100
f 101/101 102/102 103/103
f 101/101 103/103 104/104
f 105/105 106/106 107/107
f 105/105 107/107 108/108
f 109/109 110/110 111/111
f 109/109 111/111 112/112
f 113/113 114/114 115/115
f 113/113 115/115 116/116
f 117/117 118/118 119/119
f 117/117 119/119 120/120
f 121/121 122/122 123/123
f 121/121 123/123 124/124
f 125/125 126/126 127/127
f 125/125 127/127 128/128
f 129/129 130/130 131/131
f 129/129 131/131 132/132
f 133/133 134/134 135/135
f 133/133 135/135 136/136
f 137/137 138/138 139/139
f 137/137 139/139 140/140
f 141/141 142/142 143/143
f 141/141 143/143 144/144
f 145/145 146/146 147/147
f 145/145 147/147 148/148
f 149/149 150/150 151/151
f 149/149 151/151 152/152
f 153/153 154/154 155/155
f 153/153 155/155 156/156
f 157/157 158/158 159/159
f 157/157 159/159 160/160
f 161/161 162/162 163/163
f 161/161 163/163 164/164
f 165/165 166/166 167/167
f 165/165 167/167 168/168
f 169/169 170/170 171/171
f 169/169 171/171 172/172
f 173/173 174/174 175/175
f 173/173 175/175 176/176
f 177/177 178/178 179/179
f 177/177 179/179 180/180
f 181/181 182/182 183/183
f 181/181 183/183 184/184
f 185/185 186/186 187/187
f 185/185 187/187 188/188
f 189/189 190/190 191/191
f 189/189 191/191 192/192
f 193/193 194/194 195/195
f 193/193 195/195 196/196
f 197/197 198/198 199/199
f 197/197 199/199 200/200
f 201/201 202/202 203/203
f 201/201 203/203 204/204
f 205/205 206/206 207/207
f 205/205 207/207 208/208
f 209/209 210/210 211/211
f 209/209 211/211 212/212
f 213/213 214/214 215/215
f 213/213 215/215 216/216
f 217/217 218/218 219/219
f 217/217 219/219 220/220
f 221/221 222/222 223/223
f 221/221 223/223 224/224
f 225/225 226/226 227/227
f 225/225 227/227 228/228
f 229/229 230/230 231/231
f 229/229 231/231 232/232
f 233/233 234/234 235/235
f 233/233 235/235 236/236
f 237/237 238/238 239/239
f 237/237 239/239 240/240
f 241/241 242/242 243/243
f 241/241 243/243 244/244
f 245/245 246/246 247/247
f 245/245 247/247 248/248
f 249/249 250/250 251/251
f 249/249 251/251 252/252
f 253/253 254/254 255/255
f 253/253 255/255 256/256
f 257/257 258/258 259/259
f 257/257 259/259 260/260
f 261/261 262/262 263/263
f 261/261 263/263 264/264
f 265/265 266/266 267/267
f 265/265 267/267 268/268
f 269/269 270/270 271/271
f 269/269 271/271 272/272
f 273/273 274/274 275/275
f 273/273 275/275 276/276
f 277/277 278/278 279/279
f 277/277 279/279 280/280
f 281/281 282/282 283/283
f 281/281 283/283 284/284
f 285/285 286/286 287/287
f 285/285 287/287 288/288
f 289/289 290/290 291/291
f 289/289 291/291 292/292
f 293/293 294/294 295/295
f 293/293 295/295 296/296
f 297/297 298/298 299/299
f 297/297 299/299 300/300
f 301/301 302/302 303/303
f 301/301 303/303 304/304
f 305/305 306/306 307/307
f 305/305 307/307 308/308
f 309/309 310/310 311/311
f 309/309 311/311 312/312
f 313/313 314/314 315/315
f 313/313 315/315 316/316
f 317/317 318/318 319/319
f 317/317 319/319 320/320
f 321/321 322/322 323/323
f 321/321 323/323 324/324
f 325/325 326/326 327/327
f 325/325 327/327 328/328
f 329/329 330/330 331/331
f 329/329 331/331 332/332
f 333/333 334/334 335/335
f 333/333 335/335 336/336
f 337/337 338/338 339/339
f 337/337 339/339 340/340
f 341/341 342/342 343/343
f 341/341 343/343 344/344
f 345/345 346/346 347/347
f 345/345 347/347 348/348
f 349/349 350/350 351/351
f 349/349 351/351 352/352
f 353/353 354/354 355/355
f 353/353 355/355 356/356
f 357/357 358/358 359/359
f 357/357 359/359 360/360
f 361/361 362/362 363/363
f 361/361 363/363 364/364
f 365/365 366/366 367/367
f 365/365 367/367 368/368
f 369/369 370/370 371/371
f 369/369 371/371 372/372
f 373/373 374/374 375/375
f 373/373 375/375 376/376
f 377/377 378/378 379/379
f 377/377 379/379 380/380
f 381/381 382/382 383/383
f 381/381 383/383 384/384
f 385/385 386/386 387/387
f 385/385 387/387 388/388
f 389/389 390/390 391/391
f 389/389 391/391 392/392
f 393/393 394/394 395/395
f 393/393 395/395 396/396
f 397/397 398/398 399/399
f 397/397 399/399 400/400
f 401/401 402/402 403/403
f 401/401 403/403 404/404
f 405/405 406/406 407/407
f 405/405 407/407 408/408
f 409/409 410/410 411/411
f 409/409 411/411 412/412
f 413/413 414/414 415/415
f 413/413 415/415 416/416
f 417/417 418/418 419/419
f 417/417 419/419 420/420
f 421/421 422/422 423/423
f 421/421 423/423 424/424
f 425/425 426/426 427/427
f 425/425 427/427 428/428
f 429/429 430/430 431/431
f 429/429 431/431 432/432
f 433/433 434/434 435/435
f 433/433 435/435 436/436
f 437/437 438/438 439/439
f 437/437 439/439 440/440
f 441/441 442/442 443/443
f 441/441 443/443 444/444
f 445/445 446/446 447/447
f 445/445 447/447 448/448
f 449/449 450/450 451/451
f 449/449 451/451 452/452
f 453/453 454/454 455/455
f 453/453 455/455 456/456
f 457/457 458/458 459/459
f 457/457 459/459 460/460
f 461/461 462/462 463/463
f 461/461 463/463 464/464
f 465/465 466/466 467/467
f 465/465 467/467 468/468
f 469/469 470/470 471/471
f 469/469 471/471 472/472
f 473/473 474/474 475/475
f 473/473 475/475 476/476
f 477/477 478/478 479/479
f 477/477 479/479 480/480
f 481/481 482/482 483/483
f 481/481 483/483 484/484
f 485/485 486/486 487/487
f 485/485 487/487 488/488
f 489/489 490/490 491/491
f 489/489 491/491 492/492
f 493/493 494/494 495/495
f 493/493 495/495 496/496
f 497/497 498/498 499/499
f 497/497 499/499 500/500
f 501/501 502/502 503/503
f 501/501 503/503 504/504
f 505/505 506/506 507/507
f 505/505 507/507 508/508
f 509/509 510/510 511/511
f 509/509 511/511 512/512
f 513/513 514/514 515/515
f 513/513 515/515 516/516
f 517/517 518/518 519/519
f 517/517 519/519 520/520
f 521/521 522/522 523/523
f 521/521 523/523 524/524
f 525/525 526/526 527/527
f 525/525 527/527 528/528
f 529/529 530/530 531/531
f 529/529 531/531 532/532
f 533/533 534/534 535/535
f 533/533 535/535 536/536
f 537/537 538/538 539/539
f 537/537 539/539 540/540
f 541/541 542/542 543/543
f 541/541 543/543 544/544
f 545/545 546/546 547/547
f 545/545 547/547 548/548
f 549/549 550/550 551/551
f 549/549 551/551 552/552
f 553/553 554/554 555/555
f 553/553 555/555 556/556
f 557/557 558/558 559/559
f 557/557 559/559 560/560
f 561/561 562/562 563/563
f 561/561 563/563 564/564
f 565/565 566/566 567/567
f 565/565 567/567 568/568
f 569/569 570/570 571/571
f 569/569 571/571 572/572
f 573/573 574/574 575/575
f 573/573 575/575 576/576
f 577/577 578/578 579/579
f 577/577 579/579 580/580
f 581/581 582/582 583/583
f 581/581 583/583 584/584
f 585/585 586/586 587/587
f 585/585 587/587 588/588
f 589/589 590/590 591/591
f 589/589 591/591 592/592
f 593/593 594/594 595/595
f 593/593 595/595 596/596
f 597/597 598/598 599/599
f 597/597 599/599 600/600
f 601/601 602/602 603/603
f 601/601 603/603 604/604
f 605/605 606/606 607/607
f 605/605 607/607 608/608
f 609/609 610/610 611/611
f 609/609 611/611 612/612
f 613/613 614/614 615/615
f 613/613 615/615 616/616
f 617/617 618/618 619/619
f 617/617 619/619 620/620
f 621/621 622/622 623/623
f 621/621 623/623 624/624
f 625/625 626/626 627/627
f 625/625 627/627 628/628
f 629/629 630/630 631/631
f 629/629 631/631 632/632
f 633/633 634/634 635/635
f 633/633 635/635 636/636
f 637/637 638/638 639/639
f 637/637 639/639 640/640
f 641/641 642/642 643/643
f 641/641 643/643 644/644
f 645/645 646/646 647/647
f 645/645 647/647 648/648
f 649/649 650/650 651/651
f 649/649 651/651 652/652
f 653/653 654/654 655/655
f 653/653 655/655 656/656
f 657/657 658/658 659/659
f 657/657 659/659 660/660
f 661/661 662/662 663/663
f 661/661 663/663 664/664
f 665/665 666/666 667/667
f 665/665 667/667 668/668
f 669/669 670/670 671/671
f 669/669 671/671 672/672
f 673/673 674/674 675/675
f 673/673 675/675 676/676
f 677/677 678/678 679/679
f 677/677 679/679 680/680
f 681/681 682/682 683/683
f 681/681 683/683 684/684
f 685/685 686/686 687/687
f 685/685 687/687 688/688
f 689/689 690/690 691/691
f 689/689 691/691 692/692
f 693/693 694/694 695/695
f 693/693 695/695 696/696
f 697/697 698/698 699/699
f 697/697 699/699 700/700
f 701/701 702/702 703/703
f 701/701 703/703 704/704
f 705/705 706/706 707/707
f 705/705 707/707 708/708
f 709/709 710/710 711/711
f 709/709 711/711 712/712
f 713/713 714/714 715/715
f 713/713 715/715 716/716
f 717/717 718/718 719/719
f 717/717 719/719 720/720
f 721/721 722/722 723/723
f 721/721 723/723 724/724
f 725/725 726/726 727/727
f 725/725 727/727 728/728
f 729/729 730/730 731/731
f 729/729 731/731 732/732
f 733/733 734/734 735/735
f 733/733 735/735 736/736
f 737/737 738/738 739/739
f 737/737 739/739 740/740
f 741/741 742/742 743/743
f 741/741 743/743 744/744
f 745/745 746/746 747/747
f 745/745 747/747 748/748
f 749/749 750/750 751/751
f 749/749 751/751 752/752
f 753/753 754/754 755/755
f 753/753 755/755 756/756
f 757/757 758/758 759/759
f 757/757 759/759 760/760
f 761/761 762/762 763/763
f 761/761 763/763 764/764
f 765/765 766/766 767/767
f 765/765 767/767 768/768
f 769/769 770/770 771/771
f 769/769 771/771 772/772
f 773/773 774/774 775/775
f 773/773 775/775 776/776
f 777/777 778/778 779/779
f 777/777 779/779 780/780
f 781/781 782/782 783/783
f 781/781 783/783 784/784
f 785/785 786/786 787/787
f 785/785 787/787 788/788
f 789/789 790/790 791/791
f 789/789 791/791 792/792
f 793/793 794/794 795/795
f 793/793 795/795 796/796
f 797/797 798/798 799/799
f 797/797 799/799 800/800
f 801/801 802/802 803/803
f 801/801 803/803 804/804
f 805/805 806/806 807/807
f 805/805 807/807 808/808
f 809/809 810/810 811/811
f 809/809 811/811 812/812
f 813/813 814/814 815/815
f 813/813 815/815 816/816
f 817/817 818/818 819/819
f 817/817 819/819 820/820
f 821/821 822/822 823/823
f 821/821 823/823 824/824
f 825/825 826/826 827/827
f 825/825 827/827 828/828
f 829/829 830/830 831/831
f 829/829 831/831 832/832
f 833/833 834/834 835/835
f 833/833 835/835 836/836
f 837/837 838/838 839/839
f 837/837 839/839 840/840
f 841/841 842/842 843/843
f 841/841 843/843 844/844
f 845/845 846/846 847/847
f 845/845 847/847 848/848
f 849/849 850/850 851/851
f 849/849 851/851 852/852
f 853/853 854/854 855/855
f 853/853 855/855 856/856
f 857/857 858/858 859/859
f 857/857 859/859 860/860
f 861/861 862/862 863/863
f 861/861 863/863 864/864
f 865/865 866/866 867/867
f 865/865 867/867 868/868
f 869/869 870/870 871/871
f 869/869 871/871 872/872
f 873/873 874/874 875/875
f 873/873 875/875 876/876
f 877/877 878/878 879/879
f 877/877 879/879 880/880
f 881/881 882/882 883/883
f 881/881 883/883 884/884
f 885/885 886/886 887/887
f 885/885 887/887 888/888
f 889/889 890/890 891/891
f 889/889 891/891 892/892
f 893/893 894/894 895/895
f 893/893 895/895 896/896
f 897/897 898/898 899/899
f 897/897 899/899 900/900
f 901/901 902/902 903/903
f 901/901 903/903 904/904
f 905/905 906/906 907/907
f 905/905 907/907 908/908
f 909/909 910/910 911/911
f 909/909 911/911 912/912
f 913/913 914/914 915/915
f 913/913 915/915 916/916
f 917/917 918/918 919/919
f 917/917 919/919 920/920
f 921/921 922/922 923/923
f 921/921 923/923 924/924
f 925/925 926/926 927/927
f 925/925 927/927 928/928
f 929/929 930/930 931/931
f 929/929 931/931 932/932
f 933/933 934/934 935/935
f 933/933 935/935 936/936
f 937/937 938/938 939/939
f 937/937 939/939 940/940
f 941/941 942/942 943/943
f 941/941 943/943 944/944
f 945/945 946/946 947/947
f 945/945 947/947 948/948
f 949/949 950/950 951/951
f 949/949 951/951 952/952
f 953/953 954/954 955/955
f 953/953 955/955 956/956
f 957/957 958/958 959/959
f 957/957 959/959 960/960
f 961/961 962/962 963/963
f 961/961 963/963 964/964
f 965/965 966/966 967/967
f 965/965 967/967 968/968
f 969/969 970/970 971/971
f 969/969 971/971 972/972
f 973/973 974/974 975/975
f 973/973 975/975 976/976
f 977/977 978/978 979/979
f 977/977 979/979 980/980
f 981/981 982/982 983/983
f 981/981 983/983 984/984
f 985/985 986/986 987/987
f 985/985 987/987 988/988
f 989/989 990/990 991/991
f 989/989 991/991 992/992
f 993/993 994/994 995/995
f 993/993 995/995 996/996
f 997/997 998/998 999/999
f 997/997 999/999 1000/1000
f 1001/1001 1002/1002 1003/1003
f 1001/1001 1003/1003 1004/1004
f 1005/1005 1006/1006 1007/1007
f 1005/1005 1007/1007 1008/1008
f 1009/1009 1010/1010 1011/1011
f 1009/1009 1011/1011 1012/1012
f 1013/1013 1014/1014 1015/1015
f 1013/1013 1015/1015 1016/1016
f 1017/1017 1018/1018 1019/1019
f 1017/1017 1019/1019 1020/1020
f 1021/1021 1022/1022 1023/1023
f 1021/1021 1023/1023 1024/1024
f 1025/1025 1026/1026 1027/1027
f 1025/1025 1027/1027 1028/1028
f 1029/1029 1030/1030 1031/1031
f 1029/1029 1031/1031 1032/1032
f 1033/1033 1034/1034 1035/1035
f 1033/1033 1035/1035 1036/1036
f 1037/1037 1038/1038 1039/1039
f 1037/1037 1039/1039 1040/1040
f 1041/1041 1042/1042 1043/1043
f 1041/1041 1043/1043 1044/1044
f 1045/1045 1046/1046 1047/1047
f 1045/1045 1047/1047 1048/1048
f 1049/1049 1050/1050 1051/1051
f 1049/1049 1051/1051 1052/1052
f 1053/1053 1054/1054 1055/1055
f 1053/1053 1055/1055 1056/1056
f 1057/1057 1058/1058 1059/1059
f 1057/1057 1059/1059 1060/1060
f 1061/1061 1062/1062 1063/1063
f 1061/1061 1063/1063 1064/1064
f 1065/1065 1066/1066 1067/1067
f 1065/1065 1067/1067 1068/1068
f 1069/1069 1070/1070 1071/1071
f 1069/1069 1071/1071 1072/1072
f 1073/1073 1074/1074 1075/1075
f 1073/1073 1075/1075 1076/1076
f 1077/1077 1078/1078 1079/1079
f 1077/1077 1079/1079 1080/1080
f 1081/1081 1082/1082 1083/1083
f 1081/1081 1083/1083 1084/1084
f 1085/1085 1086/1086 1087/1087
f 1085/1085 1087/1087 1088/1088
f 1089/1089 1090/1090 1091/1091
f 1089/1089 1091/1091 1092/1092
f 1093/1093 1094/1094 1095/1095
f 1093/1093 1095/1095 1096/1096
f 1097/1097 1098/1098 1099/1099
f 1097/1097 1099/1099 1100/1100
f 1101/1101 1102/1102 1103/1103
f 1101/1101 1103/1103 1104/1104
f 1105/1105 1106/1106 1107/1107
f 1105/1105 1107/1107 1108/1108
f 1109/1109 1110/1110 1111/1111
f 1109/1109 1111/1111 1112/1112
f 1113/1113 1114/1114 1115/1115
f 1113/1113 1115/1115 1116/1116
f 1117/1117 1118/1118 1119/1119
f 1117/1117 1119/1119 1120/1120
f 1121/1121 1122/1122 1123/1123
f 1121/1121 1123/1123 1124/1124
f 1125/1125 1126/1126 1127/1127
f 1125/1125 1127/1127 1128/1128
f 1129/1129 1130/1130 1131/1131
f 1129/1129 1131/1131 1132/1132
f 1133/1133 1134/1134 1135/1135
f 1133/1133 1135/1135 1136/1136
f 1137/1137 1138/1138 1139/1139
f 1137/1137 1139/1139 1140/1140
f 1141/1141 1142/1142 1143/1143
f 1141/1141 1143/1143 1144/1144
f 1145/1145 1146/1146 1147/1147
f 1145/1145 1147/1147 1148/1148
f 1149/1149 1150/1150 1151/1151
f 1149/1149 1151/1151 1152/1152
f 1153/1153 1154/1154 1155/1155
f 1153/1153 1155/1155 1156/1156
f 1157/1157 1158/1158 1159/1159
f 1157/1157 1159/1159 1160/1160
f 1161/1161 1162/1162 1163/1163
f 1161/1161 1163/1163 1164/1164
f 1165/1165 1166/1166 1167/1167
f 1165/1165 1167/1167 1168/1168
f 1169/1169 1170/1170 1171/1171
f 1169/1169 1171/1171 1172/1172
f 1173/1173 1174/1174 1175/1175
f 1173/1173 1175/1175 1176/1176
f 1177/1177 1178/1178 1179/1179
f 1177/1177 1179/1179 1180/1180
f 1181/1181 1182/1182 1183/1183
f 1181/1181 1183/1183 1184/1184
f 1185/1185 1186/1186 1187/1187
f 1185/1185 1187/1187 1188/1188
f 1189/1189 1190/1190 1191/1191
f 1189/1189 1191/1191 1192/1192
f 1193/1193 1194/1194 1195/1195
f 1193/1193 1195/1195 1196/1196
f 1197/1197 1198/1198 1199/1199
f 1197/1197 1199/1199 1200/1200
f 1201/1201 1202/1202 1203/1203
f 1201/1201 1203/1203 1204/1204
f 1205/1205 1206/1206 1207/1207
f 1205/1205 1207/1207 1208/1208
f 1209/1209 1210/1210 1211/1211
f 1209/1209 1211/1211 1212/1212
f 1213/1213 1214/1214 1215/1215
f 1213/1213 1215/1215 1216/1216
f 1217/1217 1218/1218 1219/1219
f 1217/1217 1219/1219 1220/1220
f 1221/1221 1222/1222 1223/1223
f 1221/1221 1223/1223 1224/1224
f 1225/1225 1226/1226 1227/1227
f 1225/1225 1227/1227 1228/1228
f 1229/1229 1230/1230 1231/1231
f 1229/1229 1231/1231 1232/1232
f 1233/1233 1234/1234 1235/1235
f 1233/1233 1235/1235 1236/1236
f 1237/1237 1238/1238 1239/1239
f 1237/1237 1239/1239 1240/1240
f 1241/1241 1242/1242 1243/1243
f 1241/1241 1243/1243 1244/1244
f 1245/1245 1246/1246 1247/1247
f 1245/1245 1247/1247 1248/1248
f 1249/1249 1250/1250 1251/1251
f 1249/1249 1251/1251 1252/1252
f 1253/1253 1254/1254 1255/1255
f 1253/1253 1255/1255 1256/1256
f 1257/1257 1258/1258 1259/1259
f 1257/1257 1259/1259 1260/1260
f 1261/1261 1262/1262 1263/1263
f 1261/1261 1263/1263 1264/1264
f 1265/1265 1266/1266 1267/1267
f 1265/1265 1267/1267 1268/1268
f 1269/1269 1270/1270 1271/1271
f 1269/1269 1271/1271 1272/1272
f 1273/1273 1274/1274 1275/1275
f 1273/1273 1275/1275 1276/1276
f 1277/1277 1278/1278 1279/1279
f 1277/1277 1279/1279 1280/1280
f 1281/1281 1282/1282 1283/1283
f 1281/1281 1283/1283 1284/1284
f 1285/1285 1286/1286 1287/1287
f 1285/1285 1287/1287 1288/1288
f 1289/1289 1290/1290 1291/1291
f 1289/1289 1291/1291 1292/1292
f 1293/1293 1294/1294 1295/1295
f 1293/1293 1295/1295 1296/1296
f 1297/1297 1298/1298 1299/1299
f 1297/1297 1299/1299 1300/1300
f 1301/1301 1302/1302 1303/1303
f 1301/1301 1303/1303 1304/1304
f 1305/1305 1306/1306 1307/1307
f 1305/1305 1307/1307 1308/1308
f 1309/1309 1310/1310 1311/1311
f 1309/1309 1311/1311 1312/1312
f 1313/1313 1314/1314 1315/1315
f 1313/1313 1315/1315 1316/1316
f 1317/1317 1318/1318 1319/1319
f 1317/1317 1319/1319 1320/1320
f 1321/1321 1322/1322 1323/1323
f 1321/1321 1323/1323 1324/1324
f 1325/1325 1326/1326 1327/1327
f 1325/1325 1327/1327 1328/1328
f 1329/1329 1330/1330 1331/1331
f 1329/1329 1331/1331 1332/1332
f 1333/1333 1334/1334 1335/1335
f 1333/1333 1335/1335 1336/1336
f 1337/1337 1338/1338 1339/1339
f 1337/1337 1339/1339 1340/1340
f 1341/1341 1342/1342 1343/1343
f 1341/1341 1343/1343 1344/1344
f 1345/1345 1346/1346 1347/1347
f 1345/1345 1347/1347 1348/1348
f 1349/1349 1350/1350 1351/1351
f 1349/1349 1351/1351 1352/1352
f 1353/1353 1354/1354 1355/1355
f 1353/1353 1355/1355 1356/1356
f 1357/1357 1358/1358 1359/1359
f 1357/1357 1359/1359 1360/1360
f 1361/1361 1362/1362 1363/1363
f 1361/1361 1363/1363 1364/1364
f 1365/1365 1366/1366 1367/1367
f 1365/1365 1367/1367 1368/1368
f 1369/1369 1370/1370 1371/1371
f 1369/1369 1371/1371 1372/1372
f 1373/1373 1374/1374 1375/1375
f 1373/1373 1375/1375 1376/1376
f 1377/1377 1378/1378 1379/1379
f 1377/1377 1379/1379 1380/1380
f 1381/1381 1382/1382 1383/1383
f 1381/1381 1383/1383 1384/1384
f 1385/1385 1386/1386 1387/1387
f 1385/1385 1387/1387 1388/1388
f 1389/1389 1390/1390 1391/1391
f 1389/1389 1391/1391 1392/1392
f 1393/1393 1394/1394 1395/1395
f 1393/1393 1395/1395 1396/1396
f 1397/1397 1398/1398 1399/1399
f 1397/1397 1399/1399 1400/1400
f 1401/1401 1402/1402 1403/1403
f 1401/1401 1403/1403 1404/1404
f 1405/1405 1406/1406 1407/1407
f 1405/1405 1407/1407 1408/1408
f 1409/1409 1410/1410 1411/1411
f 1409/1409 1411/1411 1412/1412
f 1413/1413 1414/1414 1415/1415
f 1413/1413 1415/1415 1416/1416
f 1417/1417 1418/1418 1419/1419
f 1417/1417 1419/1419 1420/1420
f 1421/1421 1422/1422 1423/1423
f 1421/1421 1423/1423 1424/1424
f 1425/1425 1426/1426 1427/1427
f 1425/1425 1427/1427 1428/1428
f 1429/1429 1430/1430 1431/1431
f 1429/1429 1431/1431 1432/1432
f 1433/1433 1434/1434 1435/1435
f 1433/1433 1435/1435 1436/1436
f 1437/1437 1438/1438 1439/1439
f 1437/1437 1439/1439 1440/1440
f 1441/1441 1442/1442 1443/1443
f 1441/1441 1443/1443 1444/1444
f 1445/1445 1446/1446 1447/1447
f 1445/1445 1447/1447 1448/1448
f 1449/1449 1450/1450 1451/1451
f 1449/1449 1451/1451 1452/1452
f 1453/1453 1454/1454 1455/1455
f 1453/1453 1455/1455 1456/1456
f 1457/1457 1458/1458 1459/1459
f 1457/1457 1459/1459 1460/1460
f 1461/1461 1462/1462 1463/1463
f 1461/1461 1463/1463 1464/1464
f 1465/1465 1466/1466 1467/1467
f 1465/1465 1467/1467 1468/1468
f 1469/1469 1470/1470 1471/1471
f 1469/1469 1471/1471 1472/1472
f 1473/1473 1474/1474 1475/1475
f 1473/1473 1475/1475 1476/1476
f 1477/1477 1478/1478 1479/1479
f 1477/1477 1479/1479 1480/1480
f 1481/1481 1482/1482 1483/1483
f 1481/1481 1483/1483 1484/1484
f 1485/1485 1486/1486 1487/1487
f 1485/1485 1487/1487 1488/1488
f 1489/1489 1490/1490 1491/1491
f 1489/1489 1491/1491 1492/1492
f 1493/1493 1494/1494 1495/1495
f 1493/1493 1495/1495 1496/1496
f 1497/1497 1498/1498 1499/1499
f 1497/1497 1499/1499 1500/1500
f 1501/1501 1502/1502 1503/1503
f 1501/1501 1503/1503 1504/1504
f 1505/1505 1506/1506 1507/1507
f 1505/1505 1507/1507 1508/1508
f 1509/1509 1510/1510 1511/1511
f 1509/1509 1511/1511 1512/1512
f 1513/1513 1514/1514 1515/1515
f 1513/1513 1515/1515 1516/1516
f 1517/1517 1518/1518 1519/1519
f 1517/1517 1519/1519 1520/1520
f 1521/1521 1522/1522 1523/1523
f 1521/1521 1523/1523 1524/1524
f 1525/1525 1526/1526 1527/1527
f 1525/1525 1527/1527 1528/1528
f 1529/1529 1530/1530 1531/1531
f 1529/1529 1531/1531 1532/1532
f 1533/1533 1534/1534 1535/1535
f 1533/1533 1535/1535 1536/1536
f 1537/1537 1538/1538 1539/1539
f 1537/1537 1539/1539 1540/1540
f 1541/1541 1542/1542 1543/1543
f 1541/1541 1543/1543 1544/1544
f 1545/1545 1546/1546 1547/1547
f 1545/1545 1547/1547 1548/1548
f 1549/1549 1550/1550 1551/1551
f 1549/1549 1551/1551 1552/1552
f 1553/1553 1554/1554 1555/1555
f 1553/1553 1555/1555 1556/1556
f 1557/1557 1558/1558 1559/1559
f 1557/1557 1559/1559 1560/1560
f 1561/1561 1562/1562 1563/1563
f 1561/1561 1563/1563 1564/1564
f 1565/1565 1566/1566 1567/1567
f 1565/1565 1567/1567 1568/1568
f 1569/1569 1570/1570 1571/1571
f 1569/1569 1571/1571 1572/1572
f 1573/1573 1574/1574 1575/1575
f 1573/1573 1575/1575 1576/1576
f 1577/1577 1578/1578 1579/1579
f 1577/1577 1579/1579 1580/1580
f 1581/1581 1582/1582 1583/1583
f 1581/1581 1583/1583 1584/1584
f 1585/1585 1586/1586 1587/1587
f 1585/1585 1587/1587 1588/1588
f 1589/1589 1590/1590 1591/1591
f 1589/1589 1591/1591 1592/1592
f 1593/1593 1594/1594 1595/1595
f 1593/1593 1595/1595 1596/1596
f 1597/1597 1598/1598 1599/1599
f 1597/1597 1599/1599 1600/1600
f 1601/1601 1602/1602 1603/1603
f 1601/1601 1603/1603 1604/1604
f 1605/1605 1606/1606 1607/1607
f 1605/1605 1607/1607 1608/1608
f 1609/1609 1610/1610 1611/1611
f 1609/1609 1611/1611 1612/1612
f 1613/1613 1614/1614 1615/1615
f 1613/1613 1615/1615 1616/1616
f 1617/1617 1618/1618 1619/1619
f 1617/1617 1619/1619 1620/1620
f 1621/1621 1622/1622 1623/1623
f 1621/1621 1623/1623 1624/1624
f 1625/1625 1626/1626 1627/1627
f 1625/1625 1627/1627 1628/1628
f 1629/1629 1630/1630 1631/1631
f 1629/1629 1631/1631 1632/1632
f 1633/1633 1634/1634 1635/1635
f 1633/1633 1635/1635 1636/1636
f 1637/1637 1638/1638 1639/1639
f 1637/1637 1639/1639 1640/1640
f 1641/1641 1642/1642 1643/1643
f 1641/1641 1643/1643 1644/1644
f 1645/1645 1646/1646 1647/1647
f 1645/1645 1647/1647 1648/1648
f 1649/1649 1650/1650 1651/1651
f 1649/1649 1651/1651 1652/1652
f 1653/1653 1654/1654 1655/1655
f 1653/1653 1655/1655 1656/1656
f 1657/1657 1658/1658 1659/1659
f 1657/1657 1659/1659 1660/1660
f 1661/1661 1662/1662 1663/1663
f 1661/1661 1663/1663 1664/1664
f 1665/1665 1666/1666 1667/1667
f 1665/1665 1667/1667 1668/1668
f 1669/1669 1670/1670 1671/1671
f 1669/1669 1671/1671 1672/1672
f 1673/1673 1674/1674 1675/1675
f 1673/1673 1675/1675 1676/1676
f 1677/1677 1678/1678 1679/1679
f 1677/1677 1679/1679 1680/1680
f 1681/1681 1682/1682 1683/1683
f 1681/1681 1683/1683 1684/1684
f 1685/1685 1686/1686 1687/1687
f 1685/1685 1687/1687 1688/1688
f 1689/1689 1690/1690 1691/1691
f 1689/1689 1691/1691 1692/1692
f 1693/1693 1694/1694 1695/1695
f 1693/1693 1695/1695 1696/1696
f 1697/1697 1698/1698 1699/1699
f 1697/1697 1699/1699 1700/1700
f 1701/1701 1702/1702 1703/1703
f 1701/1701 1703/1703 1704/1704
f 1705/1705 1706/1706 1707/1707
f 1705/1705 1707/1707 1708/1708
f 1709/1709 1710/1710 1711/1711
f 1709/1709 1711/1711 1712/1712
f 1713/1713 1714/1714 1715/1715
f 1713/1713 1715/1715 1716/1716
f 1717/1717 1718/1718 1719/1719
f 1717/1717 1719/1719 1720/1720
f 1721/1721 1722/1722 1723/1723
f 1721/1721 1723/1723 1724/1724
f 1725/1725 1726/1726 1727/1727
f 1725/1725 1727/1727 1728/1728
f 1729/1729 1730/1730 1731/1731
f 1729/1729 1731/1731 1732/1732
f 1733/1733 1734/1734 1735/1735
f 1733/1733 1735/1735 1736/1736
f 1737/1737 1738/1738 1739/1739
f 1737/1737 1739/1739 1740/1740
f 1741/1741 1742/1742 1743/1743
f 1741/1741 1743/1743 1744/1744
f 1745/1745 1746/1746 1747/1747
f 1745/1745 1747/1747 1748/1748
f 1749/1749 1750/1750 1751/1751
f 1749/1749 1751/1751 1752/1752
f 1753/1753 1754/1754 1755/1755
f 1753/1753 1755/1755 1756/1756
f 1757/1757 1758/1758 1759/1759
f 1757/1757 1759/1759 1760/1760
f 1761/1761 1762/1762 1763/1763
f 1761/1761 1763/1763 1764/1764
f 1765/1765 1766/1766 1767/1767
f 1765/1765 1767/1767 1768/1768
f 1769/1769 1770/1770 1771/1771
f 1769/1769 1771/1771 1772/1772
f 1773/1773 1774/1774 1775/1775
f 1773/1773 1775/1775 1776/1776
f 1777/1777 1778/1778 1779/1779
f 1777/1777 1779/1779 1780/1780
f 1781/1781 1782/1782 1783/1783
f 1781/1781 1783/1783 1784/1784
f 1785/1785 1786/1786 1787/1787
f 1785/1785 1787/1787 1788/1788
f 1789/1789 1790/1790 1791/1791
f 1789/1789 1791/1791 1792/1792
f 1793/1793 1794/1794 1795/1795
f 1793/1793 1795/1795 1796/1796
f 1797/1797 1798/1798 1799/1799
f 1797/1797 1799/1799 1800/1800
f 1801/1801 1802/1802 1803/1803
f 1801/1801 1803/1803 1804/1804
f 1805/1805 1806/1806 1807/1807
f 1805/1805 1807/1807 1808/1808
f 1809/1809 1810/1810 1811/1811
f 1809/1809 1811/1811 1812/1812
f 1813/1813 1814/1814 1815/1815
f 1813/1813 1815/1815 1816/1816
f 1817/1817 1818/1818 1819/1819
f 1817/1817 1819/1819 1820/1820
f 1821/1821 1822/1822 1823/1823
f 1821/1821 1823/1823 1824/1824
f 1825/1825 1826/1826 1827/1827
f 1825/1825 1827/1827 1828/1828
f 1829/1829 1830/1830 1831/1831
f 1829/1829 1831/1831 1832/1832
f 1833/1833 1834/1834 1835/1835
f 1833/1833 1835/1835 1836/1836
f 1837/1837 1838/1838 1839/1839
f 1837/1837 1839/1839 1840/1840
f 1841/1841 1842/1842 1843/1843
f 1841/1841 1843/1843 1844/1844
f 1845/1845 1846/1846 1847/1847
f 1845/1845 1847/1847 1848/1848
f 1849/1849 1850/1850 1851/1851
f 1849/1849 1851/1851 1852/1852
f 1853/1853 1854/1854 1855/1855
f 1853/1853 1855/1855 1856/1856
f 1857/1857 1858/1858 1859/1859
f 1857/1857 1859/1859 1860/1860
f 1861/1861 1862/1862 1863/1863
f 1861/1861 1863/1863 1864/1864
f 1865/1865 1866/1866 1867/1867
f 1865/1865 1867/1867 1868/1868
f 1869/1869 1870/1870 1871/1871
f 1869/1869 1871/1871 1872/1872
f 1873/1873 1874/1874 1875/1875
f 1873/1873 1875/1875 1876/1876
f 1877/1877 1878/1878 1879/1879
f 1877/1877 1879/1879 1880/1880
f 1881/1881 1882/1882 1883/1883
f 1881/1881 1883/1883 1884/1884
f 1885/1885 1886/1886 1887/1887
f 1885/1885 1887/1887 1888/1888
f 1889/1889 1890/1890 1891/1891
f 1889/1889 1891/1891 1892/1892
f 1893/1893 1894/1894 1895/1895
f 1893/1893 1895/1895 1896/1896
f 1897/1897 1898/1898 1899/1899
f 1897/1897 1899/1899 1900/1900
f 1901/1901 1902/1902 1903/1903
f 1901/1901 1903/1903 1904/1904
f 1905/1905 1906/1906 1907/1907
f 1905/1905 1907/1907 1908/1908
f 1909/1909 1910/1910 1911/1911
f 1909/1909 1911/1911 1912/1912
f 1913/1913 1914/1914 1915/1915
f 1913/1913 1915/1915 1916/1916
f 1917/1917 1918/1918 1919/1919
f 1917/1917 1919/1919 1920/1920
f 1921/1921 1922/1922 1923/1923
f 1921/1921 1923/1923 1924/1924
f 1925/1925 1926/1926 1927/1927
f 1925/1925 1927/1927 1928/1928
f 1929/1929 1930/1930 1931/1931
f 1929/1929 1931/1931 1932/1932
f 1933/1933 1934/1934 1935/1935
f 1933/1933 1935/1935 1936/1936
f 1937/1937 1938/1938 1939/1939
f 1937/1937 1939/1939 1940/1940
f 1941/1941 1942/1942 1943/1943
f 1941/1941 1943/1943 1944/1944
f 1945/1945 1946/1946 1947/1947
f 1945/1945 1947/1947 1948/1948
f 1949/1949 1950/1950 1951/1951
f 1949/1949 1951/1951 1952/1952
f 1953/1953 1954/1954 1955/1955
f 1953/1953 1955/1955 1956/1956
f 1957/1957 1958/1958 1959/1959
f 1957/1957 1959/1959 1960/1960
f 1961/1961 1962/1962 1963/1963
f 1961/1961 1963/1963 1964/1964
f 1965/1965 1966/1966 1967/1967
f 1965/1965 1967/1967 1968/1968
f 1969/1969 1970/1970 1971/1971
f 1969/1969 1971/1971 1972/1972
f 1973/1973 1974/1974 1975/1975
f 1973/1973 1975/1975 1976/1976
f 1977/1977 1978/1978 1979/1979
f 1977/1977 1979/1979 1980/1980
f 1981/1981 1982/1982 1983/1983
f 1981/1981 1983/1983 1984/1984
f 1985/1985 1986/1986 1987/1987
f 1985/1985 1987/1987 1988/1988
f 1989/1989 1990/1990 1991/1991
f 1989/1989 1991/1991 1992/1992
f 1993/1993 1994/1994 1995/1995
f 1993/1993 1995/1995 1996/1996
f 1997/1997 1998/1998 1999/1999
f 1997/1997 1999/1999 2000/2000
f 2001/2001 2002/2002 2003/2003
f 2001/2001 2003/2003 2004/2004
f 2005/2005 2006/2006 2007/2007
f 2005/2005 2007/2007 2008/2008
f 2009/2009 2010/2010 2011/2011
f 2009/2009 2011/2011 2012/2012
f 2013/2013 2014/2014 2015/2015
f 2013/2013 2015/2015 2016/2016
f 2017/2017 2018/2018 2019/2019
f 2017/2017 2019/2019 2020/2020
f 2021/2021 2022/2022 2023/2023
f 2021/2021 2023/2023 2024/2024
f 2025/2025 2026/2026 2027/2027
f 2025/2025 2027/2027 2028/2028
f 2029/2029 2030/2030 2031/2031
f 2029/2029 2031/2031 2032/2032
f 2033/2033 2034/2034 2035/2035
f 2033/2033 2035/2035 2036/2036
f 2037/2037 2038/2038 2039/2039
f 2037/2037 2039/2039 2040/2040
f 2041/2041 2042/2042 2043/2043
f 2041/2041 2043/2043 2044/2044
f 2045/2045 2046/2046 2047/2047
f 2045/2045 2047/2047 2048/2048
f 2049/2049 2050/2050 2051/2051
f 2049/2049 2051/2051 2052/2052
f 2053/2053 2054/2054 2055/2055
f 2053/2053 2055/2055 2056/2056
f 2057/2057 2058/2058 2059/2059
f 2057/2057 2059/2059 2060/2060
f 2061/2061 2062/2062 2063/2063
f 2061/2061 2063/2063 2064/2064
f 2065/2065 2066/2066 2067/2067
f 2065/2065 2067/2067 2068/2068
f 2069/2069 2070/2070 2071/2071
f 2069/2069 2071/2071 2072/2072
f 2073/2073 2074/2074 2075/2075
f 2073/2073 2075/2075 2076/2076
f 2077/2077 2078/2078 2079/2079
f 2077/2077 2079/2079 2080/2080
f 2081/2081 2082/2082 2083/2083
f 2081/2081 2083/2083 2084/2084
f 2085/2085 2086/2086 2087/2087
f 2085/2085 2087/2087 2088/2088
f 2089/2089 2090/2090 2091/2091
f 2089/2089 2091/2091 2092/2092
f 2093/2093 2094/2094 2095/2095
f 2093/2093 2095/2095 2096/2096
f 2097/2097 2098/2098 2099/2099
f 2097/2097 2099/2099 2100/2100
f 2101/2101 2102/2102 2103/2103
f 2101/2101 2103/2103 2104/2104
f 2105/2105 2106/2106 2107/2107
f 2105/2105 2107/2107 2108/2108
f 2109/2109 2110/2110 2111/2111
f 2109/2109 2111/2111 2112/2112
f 2113/2113 2114/2114 2115/2115
f 2113/2113 2115/2115 2116/2116
f 2117/2117 2118/2118 2119/2119
f 2117/2117 2119/2119 2120/2120
f 2121/2121 2122/2122 2123/2123
f 2121/2121 2123/2123 2124/2124
f 2125/2125 2126/2126 2127/2127
f 2125/2125 2127/2127 2128/2128
f 2129/2129 2130/2130 2131/2131
f 2129/2129 2131/2131 2132/2132
f 2133/2133 2134/2134 2135/2135
f 2133/2133 2135/2135 2136/2136
f 2137/2137 2138/2138 2139/2139
f 2137/2137 2139/2139 2140/2140
f 2141/2141 2142/2142 2143/2143
f 2141/2141 2143/2143 2144/2144
f 2145/2145 2146/2146 2147/2147
f 2145/2145 2147/2147 2148/2148
f 2149/2149 2150/2150 2151/2151
f 2149/2149 2151/2151 2152/2152
f 2153/2153 2154/2154 2155/2155
f 2153/2153 2155/2155 2156/2156
f 2157/2157 2158/2158 2159/2159
f 2157/2157 2159/2159 2160/2160
f 2161/2161 2162/2162 2163/2163
f 2161/2161 2163/2163 2164/2164
f 2165/2165 2166/2166 2167/2167
f 2165/2165 2167/2167 2168/2168
f 2169/2169 2170/2170 2171/2171
f 2169/2169 2171/2171 2172/2172
f 2173/2173 2174/2174 2175/2175
f 2173/2173 2175/2175 2176/2176
f 2177/2177 2178/2178 2179/2179
f 2177/2177 2179/2179 2180/2180
f 2181/2181 2182/2182 2183/2183
f 2181/2181 2183/2183 2184/2184
f 2185/2185 2186/2186 2187/2187
f 2185/2185 2187/2187 2188/2188
f 2189/2189 2190/2190 2191/2191
f 2189/2189 2191/2191 2192/2192
f 2193/2193 2194/2194 2195/2195
f 2193/2193 2195/2195 2196/2196
f 2197/2197 2198/2198 2199/2199
f 2197/2197 2199/2199 2200/2200
f 2201/2201 2202/2202 2203/2203
f 2201/2201 2203/2203 2204/2204
f 2205/2205 2206/2206 2207/2207
f 2205/2205 2207/2207 2208/2208
f 2209/2209 2210/2210 2211/2211
f 2209/2209 2211/2211 2212/2212
f 2213/2213 2214/2214 2215/2215
f 2213/2213 2215/2215 2216/2216
f 2217/2217 2218/2218 2219/2219
f 2217/2217 2219/2219 2220/2220
f 2221/2221 2222/2222 2223/2223
f 2221/2221 2223/2223 2224/2224
f 2225/2225 2226/2226 2227/2227
f 2225/2225 2227/2227 2228/2228
f 2229/2229 2230/2230 2231/2231
f 2229/2229 2231/2231 2232/2232
f 2233/2233 2234/2234 2235/2235
f 2233/2233 2235/2235 2236/2236
f 2237/2237 2238/2238 2239/2239
f 2237/2237 2239/2239 2240/2240
f 2241/2241 2242/2242 2243/2243
f 2241/2241 2243/2243 2244/2244
f 2245/2245 2246/2246 2247/2247
f 2245/2245 2247/2247 2248/2248
f 2249/2249 2250/2250 2251/2251
f 2249/2249 2251/2251 2252/2252
f 2253/2253 2254/2254 2255/2255
f 2253/2253 2255/2255 2256/2256
f 2257/2257 2258/2258 2259/2259
f 2257/2257 2259/2259 2260/2260
f 2261/2261 2262/2262 2263/2263
f 2261/2261 2263/2263 2264/2264
f 2265/2265 2266/2266 2267/2267
f 2265/2265 2267/2267 2268/2268
f 2269/2269 2270/2270 2271/2271
f 2269/2269 2271/2271 2272/2272
f 2273/2273 2274/2274 2275/2275
f 2273/2273 2275/2275 2276/2276
f 2277/2277 2278/2278 2279/2279
f 2277/2277 2279/2279 2280/2280
f 2281/2281 2282/2282 2283/2283
f 2281/2281 2283/2283 2284/2284
f 2285/2285 2286/2286 2287/2287
f 2285/2285 2287/2287 2288/2288
f 2289/2289 2290/2290 2291/2291
f 2289/2289 2291/2291 2292/2292
f 2293/2293 2294/2294 2295/2295
f 2293/2293 2295/2295 2296/2296
f 2297/2297 2298/2298 2299/2299
f 2297/2297 2299/2299 2300/2300
f 2301/2301 2302/2302 2303/2303
f 2301/2301 2303/2303 2304/2304
f 2305/2305 2306/2306 2307/2307
f 2305/2305 2307/2307 2308/2308
f 2309/2309 2310/2310 2311/2311
f 2309/2309 2311/2311 2312/2312
f 2313/2313 2314/2314 2315/2315
f 2313/2313 2315/2315 2316/2316
f 2317/2317 2318/2318 2319/2319
f 2317/2317 2319/2319 2320/2320
f 2321/2321 2322/2322 2323/2323
f 2321/2321 2323/2323 2324/2324
f 2325/2325 2326/2326 2327/2327
f 2325/2325 2327/2327 2328/2328
f 2329/2329 2330/2330 2331/2331
f 2329/2329 2331/2331 2332/2332
f 2333/2333 2334/2334 2335/2335
f 2333/2333 2335/2335 2336/2336
f 2337/2337 2338/2338 2339/2339
f 2337/2337 2339/2339 2340/2340
f 2341/2341 2342/2342 2343/2343
f 2341/2341 2343/2343 2344/2344
f 2345/2345 2346/2346 2347/2347
f 2345/2345 2347/2347 2348/2348
f 2349/2349 2350/2350 2351/2351
f 2349/2349 2351/2351 2352/2352
f 2353/2353 2354/2354 2355/2355
f 2353/2353 2355/2355 2356/2356
f 2357/2357 2358/2358 2359/2359
f 2357/2357 2359/2359 2360/2360
f 2361/2361 2362/2362 2363/2363
f 2361/2361 2363/2363 2364/2364
f 2365/2365 2366/2366 2367/2367
f 2365/2365 2367/2367 2368/2368
f 2369/2369 2370/2370 2371/2371
f 2369/2369 2371/2371 2372/2372
f 2373/2373 2374/2374 2375/2375
f 2373/2373 2375/2375 2376/2376
f 2377/2377 2378/2378 2379/2379
f 2377/2377 2379/2379 2380/2380
f 2381/2381 2382/2382 2383/2383
f 2381/2381 2383/2383 2384/2384
f 2385/2385 2386/2386 2387/2387
f 2385/2385 2387/2387 2388/2388
f 2389/2389 2390/2390 2391/2391
f 2389/2389 2391/2391 2392/2392
f 2393/2393 2394/2394 2395/2395
f 2393/2393 2395/2395 2396/2396
f 2397/2397 2398/2398 2399/2399
f 2397/2397 2399/2399 2400/2400
f 2401/2401 2402/2402 2403/2403
f 2401/2401 2403/2403 2404/2404
f 2405/2405 2406/2406 2407/2407
f 2405/2405 2407/2407 2408/2408
f 2409/2409 2410/2410 2411/2411
f 2409/2409 2411/2411 2412/2412
f 2413/2413 2414/2414 2415/2415
f 2413/2413 2415/2415 2416/2416
f 2417/2417 2418/2418 2419/2419
f 2417/2417 2419/2419 2420/2420
f 2421/2421 2422/2422 2423/2423
f 2421/2421 2423/2423 2424/2424
f 2425/2425 2426/2426 2427/2427
f 2425/2425 2427/2427 2428/2428
f 2429/2429 2430/2430 2431/2431
f 2429/2429 2431/2431 2432/2432
f 2433/2433 2434/2434 2435/2435
f 2433/2433 2435/2435 2436/2436
f 2437/2437 2438/2438 2439/2439
f 2437/2437 2439/2439 2440/2440
f 2441/2441 2442/2442 2443/2443
f 2441/2441 2443/2443 2444/2444
f 2445/2445 2446/2446 2447/2447
f 2445/2445 2447/2447 2448/2448
f 2449/2449 2450/2450 2451/2451
f 2449/2449 2451/2451 2452/2452
f 2453/2453 2454/2454 2455/2455
f 2453/2453 2455/2455 2456/2456
f 2457/2457 2458/2458 2459/2459
f 2457/2457 2459/2459 2460/2460
f 2461/2461 2462/2462 2463/2463
f 2461/2461 2463/2463 2464/2464
f 2465/2465 2466/2466 2467/2467
f 2465/2465 2467/2467 2468/2468
f 2469/2469 2470/2470 2471/2471
f 2469/2469 2471/2471 2472/2472
f 2473/2473 2474/2474 2475/2475
f 2473/2473 2475/2475 2476/2476
f 2477/2477 2478/2478 2479/2479
f 2477/2477 2479/2479 2480/2480
f 2481/2481 2482/2482 2483/2483
f 2481/2481 2483/2483 2484/2484
f 2485/2485 2486/2486 2487/2487
f 2485/2485 2487/2487 2488/2488
f 2489/2489 2490/2490 2491/2491
f 2489/2489 2491/2491 2492/2492
f 2493/2493 2494/2494 2495/2495
f 2493/2493 2495/2495 2496/2496
f 2497/2497 2498/2498 2499/2499
f 2497/2497 2499/2499 2500/2500
f 2501/2501 2502/2502 2503/2503
f 2501/2501 2503/2503 2504/2504
f 2505/2505 2506/2506 2507/2507
f 2505/2505 2507/2507 2508/2508
f 2509/2509 2510/2510 2511/2511
f 2509/2509 2511/2511 2512/2512
f 2513/2513 2514/2514 2515/2515
f 2513/2513 2515/2515 2516/2516
f 2517/2517 2518/2518 2519/2519
f 2517/2517 2519/2519 2520/2520
f 2521/2521 2522/2522 2523/2523
f 2521/2521 2523/2523 2524/2524
f 2525/2525 2526/2526 2527/2527
f 2525/2525 2527/2527 2528/2528
f 2529/2529 2530/2530 2531/2531
f 2529/2529 2531/2531 2532/2532
f 2533/2533 2534/2534 2535/2535
f 2533/2533 2535/2535 2536/2536
f 2537/2537 2538/2538 2539/2539
f 2537/2537 2539/2539 2540/2540
f 2541/2541 2542/2542 2543/2543
f 2541/2541 2543/2543 2544/2544
f 2545/2545 2546/2546 2547/2547
f 2545/2545 2547/2547 2548/2548
f 2549/2549 2550/2550 2551/2551
f 2549/2549 2551/2551 2552/2552
f 2553/2553 2554/2554 2555/2555
f 2553/2553 2555/2555 2556/2556
f 2557/2557 2558/2558 2559/2559
f 2557/2557 2559/2559 2560/2560
f 2561/2561 2562/2562 2563/2563
f 2561/2561 2563/2563 2564/2564
f 2565/2565 2566/2566 2567/2567
f 2565/2565 2567/2567 2568/2568
f 2569/2569 2570/2570 2571/2571
f 2569/2569 2571/2571 2572/2572
f 2573/2573 2574/2574 2575/2575
f 2573/2573 2575/2575 2576/2576
f 2577/2577 2578/2578 2579/2579
f 2577/2577 2579/2579 2580/2580
f 2581/2581 2582/2582 2583/2583
f 2581/2581 2583/2583 2584/2584
f 2585/2585 2586/2586 2587/2587
f 2585/2585 2587/2587 2588/2588
f 2589/2589 2590/2590 2591/2591
f 2589/2589 2591/2591 2592/2592
f 2593/2593 2594/2594 2595/2595
f 2593/2593 2595/2595 2596/2596
f 2597/2597 2598/2598 2599/2599
f 2597/2597 2599/2599 2600/2600
f 2601/2601 2602/2602 2603/2603
f 2601/2601 2603/2603 2604/2604
f 2605/2605 2606/2606 2607/2607
f 2605/2605 2607/2607 2608/2608
f 2609/2609 2610/2610 2611/2611
f 2609/2609 2611/2611 2612/2612
f 2613/2613 2614/2614 2615/2615
f 2613/2613 2615/2615 2616/2616
f 2617/2617 2618/2618 2619/2619
f 2617/2617 2619/2619 2620/2620
f 2621/2621 2622/2622 2623/2623
f 2621/2621 2623/2623 2624/2624
f 2625/2625 2626/2626 2627/2627
f 2625/2625 2627/2627 2628/2628
f 2629/2629 2630/2630 2631/2631
f 2629/2629 2631/2631 2632/2632
f 2633/2633 2634/2634 2635/2635
f 2633/2633 2635/2635 2636/2636
f 2637/2637 2638/2638 2639/2639
f 2637/2637 2639/2639 2640/2640
f 2641/2641 2642/2642 2643/2643
f 2641/2641 2643/2643 2644/2644
f 2645/2645 2646/2646 2647/2647
f 2645/2645 2647/2647 2648/2648
f 2649/2649 2650/2650 2651/2651
f 2649/2649 2651/2651 2652/2652
f 2653/2653 2654/2654 2655/2655
f 2653/2653 2655/2655 2656/2656
f 2657/2657 2658/2658 2659/2659
f 2657/2657 2659/2659 2660/2660
f 2661/2661 2662/2662 2663/2663
f 2661/2661 2663/2663 2664/2664
f 2665/2665 2666/2666 2667/2667
f 2665/2665 2667/2667 2668/2668
f 2669/2669 2670/2670 2671/2671
f 2669/2669 2671/2671 2672/2672
f 2673/2673 2674/2674 2675/2675
f 2673/2673 2675/2675 2676/2676
f 2677/2677 2678/2678 2679/2679
f 2677/2677 2679/2679 2680/2680
f 2681/2681 2682/2682 2683/2683
f 2681/2681 2683/2683 2684/2684
f 2685/2685 2686/2686 2687/2687
f 2685/2685 2687/2687 2688/2688
f 2689/2689 2690/2690 2691/2691
f 2689/2689 2691/2691 2692/2692
f 2693/2693 2694/2694 2695/2695
f 2693/2693 2695/2695 2696/2696
f 2697/2697 2698/2698 2699/2699
f 2697/2697 2699/2699 2700/2700
f 2701/2701 2702/2702 2703/2703
f 2701/2701 2703/2703 2704/2704
f 2705/2705 2706/2706 2707/2707
f 2705/2705 2707/2707 2708/2708
f 2709/2709 2710/2710 2711/2711
f 2709/2709 2711/2711 2712/2712
f 2713/2713 2714/2714 2715/2715
f 2713/2713 2715/2715 2716/2716
f 2717/2717 2718/2718 2719/2719
f 2717/2717 2719/2719 2720/2720
f 2721/2721 2722/2722 2723/2723
f 2721/2721 2723/2723 2724/2724
f 2725/2725 2726/2726 2727/2727
f 2725/2725 2727/2727 2728/2728
f 2729/2729 2730/2730 2731/2731
f 2729/2729 2731/2731 2732/2732
f 2733/2733 2734/2734 2735/2735
f 2733/2733 2735/2735 2736/2736
f 2737/2737 2738/2738 2739/2739
f 2737/2737 2739/2739 2740/2740
f 2741/2741 2742/2742 2743/2743
f 2741/2741 2743/2743 2744/2744
f 2745/2745 2746/2746 2747/2747
f 2745/2745 2747/2747 2748/2748
f 2749/2749 2750/2750 2751/2751
f 2749/2749 2751/2751 2752/2752
f 2753/2753 2754/2754 2755/2755
f 2753/2753 2755/2755 2756/2756
f 2757/2757 2758/2758 2759/2759
f 2757/2757 2759/2759 2760/2760
f 2761/2761 2762/2762 2763/2763
f 2761/2761 2763/2763 2764/2764
f 2765/2765 2766/2766 2767/2767
f 2765/2765 2767/2767 2768/2768
f 2769/2769 2770/2770 2771/2771
f 2769/2769 2771/2771 2772/2772
f 2773/2773 2774/2774 2775/2775
f 2773/2773 2775/2775 2776/2776
f 2777/2777 2778/2778 2779/2779
f 2777/2777 2779/2779 2780/2780
f 2781/2781 2782/2782 2783/2783
f 2781/2781 2783/2783 2784/2784
f 2785/2785 2786/2786 2787/2787
f 2785/2785 2787/2787 2788/2788
f 2789/2789 2790/2790 2791/2791
f 2789/2789 2791/2791 2792/2792
f 2793/2793 2794/2794 2795/2795
f 2793/2793 2795/2795 2796/2796
f 2797/2797 2798/2798 2799/2799
f 2797/2797 2799/2799 2800/2800
f 2801/2801 2802/2802 2803/2803
f 2801/2801 2803/2803 2804/2804
f 2805/2805 2806/2806 2807/2807
f 2805/2805 2807/2807 2808/2808
f 2809/2809 2810/2810 2811/2811
f 2809/2809 2811/2811 2812/2812
f 2813/2813 2814/2814 2815/2815
f 2813/2813 2815/2815 2816/2816
f 2817/2817 2818/2818 2819/2819
f 2817/2817 2819/2819 2820/2820
f 2821/2821 2822/2822 2823/2823
f 2821/2821 2823/2823 2824/2824
f 2825/2825 2826/2826 2827/2827
f 2825/2825 2827/2827 2828/2828
f 2829/2829 2830/2830 2831/2831
f 2829/2829 2831/2831 2832/2832
f 2833/2833 2834/2834 2835/2835
f 2833/2833 2835/2835 2836/2836
f 2837/2837 2838/2838 2839/2839
f 2837/2837 2839/2839 2840/2840
f 2841/2841 2842/2842 2843/2843
f 2841/2841 2843/2843 2844/2844
f 2845/2845 2846/2846 2847/2847
f 2845/2845 2847/2847 2848/2848
f 2849/2849 2850/2850 2851/2851
f 2849/2849 2851/2851 2852/2852
f 2853/2853 2854/2854 2855/2855
f 2853/2853 2855/2855 2856/2856
f 2857/2857 2858/2858 2859/2859
f 2857/2857 2859/2859 2860/2860
f 2861/2861 2862/2862 2863/2863
f 2861/2861 2863/2863 2864/2864
f 2865/2865 2866/2866 2867/2867
f 2865/2865 2867/2867 2868/2868
f 2869/2869 2870/2870 2871/2871
f 2869/2869 2871/2871 2872/2872
f 2873/2873 2874/2874 2875/2875
f 2873/2873 2875/2875 2876/2876
f 2877/2877 2878/2878 2879/2879
f 2877/2877 2879/2879 2880/2880
